#VRML V2.0 utf8
# 3D model generated by easyeda2kicad.py (https://github.com/uPesy/easyeda2kicad.py)

Shape{
    appearance Appearance {
        material  Material 	{
            diffuseColor 0.7529411764705882 0.7529411764705882 0.7529411764705882
            specularColor 0.3764705882352941 0.3764705882352941 0.3764705882352941
            ambientIntensity 0.2
            transparency 0
            shininess 0.5
        }
    }
    geometry IndexedFaceSet {
        ccw TRUE
        solid FALSE
        coord DEF co Coordinate {
            point [
                -1.9155 -1.1782 6.0888, -1.9155 -1.1782 6.1947, -2.0215 -1.1782 6.0888, -2.0215 -1.1782 6.1947, -1.8701 -1.0994 6.2402, -1.8701 0.8297 6.2402, -2.0669 -1.0994 6.2402, -2.0669 0.8297 6.2402, -1.8701 0.8807 6.2334, -2.0669 0.8807 6.2334, -1.8701 0.9281 6.2138, -2.0669 0.9281 6.2138, -1.8701 0.9689 6.1825, -2.0669 0.9689 6.1825, -1.8701 1.0002 6.1417, -2.0669 1.0002 6.1417, -1.8701 1.0199 6.0943, -2.0669 1.0199 6.0943, -1.8701 1.0266 6.0433, -2.0669 1.0266 6.0433, -2.0669 1.0266 4.8468, -1.8701 1.0266 4.8468, -1.8701 1.0225 4.7204, -2.0669 1.0225 4.7204, -1.8701 1.0103 4.5945, -2.0669 1.0103 4.5945, -2.0669 0.99 4.437, -1.8701 0.99 4.437, -2.0669 0.9803 4.2953, -1.8701 0.9803 4.2953, -2.0669 0.9877 4.1534, -1.8701 0.9877 4.1534, -2.0669 1.0142 3.9178, -1.8701 1.0142 3.9178, -1.8701 1.0235 3.8079, -2.0669 1.0235 3.8079, -1.8701 1.0266 3.6975, -2.0669 1.0266 3.6975, -2.0669 1.0266 3.6417, -1.8701 1.0266 3.6417, -1.9155 0.9811 3.563, -1.9155 0.8752 3.563, -2.0215 0.9811 3.563, -2.0215 0.8752 3.563, -1.8701 0.8297 3.6417, -1.8701 0.8297 3.7315, -2.0669 0.8297 3.6417, -2.0669 0.8297 3.7315, -2.0669 0.8266 3.8418, -1.8701 0.8266 3.8418, -2.0669 0.8173 3.9518, -1.8701 0.8173 3.9518, -2.0669 0.7939 4.16, -1.8701 0.7939 4.16, -1.8701 0.7865 4.2899, -2.0669 0.7865 4.2899, -1.8701 0.7934 4.4198, -2.0669 0.7934 4.4198, -2.0669 0.8182 4.6481, -1.8701 0.8182 4.6481, -2.0669 0.8268 4.7543, -1.8701 0.8268 4.7543, -2.0669 0.8297 4.8608, -1.8701 0.8297 4.8608, -2.0669 0.8297 6.0039, -1.8701 0.8297 6.0039, -2.0669 0.8284 6.0141, -1.8701 0.8284 6.0141, -2.0669 0.8244 6.0236, -1.8701 0.8244 6.0236, -2.0669 0.8182 6.0318, -1.8701 0.8182 6.0318, -2.0669 0.81 6.038, -1.8701 0.81 6.038, -2.0669 0.8005 6.042, -1.8701 0.8005 6.042, -2.0669 0.7903 6.0433, -1.8701 0.7903 6.0433, -2.0669 -1.0994 6.0433, -1.8701 -1.0994 6.0433, 2.0215 -1.1782 6.0888, 2.0215 -1.1782 6.1947, 1.9155 -1.1782 6.0888, 1.9155 -1.1782 6.1947, 2.0669 -1.0994 6.2402, 2.0669 0.8297 6.2402, 1.8701 -1.0994 6.2402, 1.8701 0.8297 6.2402, 2.0669 0.8807 6.2334, 1.8701 0.8807 6.2334, 2.0669 0.9281 6.2138, 1.8701 0.9281 6.2138, 2.0669 0.9689 6.1825, 1.8701 0.9689 6.1825, 2.0669 1.0002 6.1417, 1.8701 1.0002 6.1417, 2.0669 1.0199 6.0943, 1.8701 1.0199 6.0943, 2.0669 1.0266 6.0433, 1.8701 1.0266 6.0433, 1.8701 1.0266 4.8468, 2.0669 1.0266 4.8468, 2.0669 1.0225 4.7204, 1.8701 1.0225 4.7204, 2.0669 1.0103 4.5945, 1.8701 1.0103 4.5945, 1.8701 0.99 4.437, 2.0669 0.99 4.437, 1.8701 0.9803 4.2953, 2.0669 0.9803 4.2953, 1.8701 0.9877 4.1534, 2.0669 0.9877 4.1534, 1.8701 1.0142 3.9178, 2.0669 1.0142 3.9178, 2.0669 1.0235 3.8079, 1.8701 1.0235 3.8079, 2.0669 1.0266 3.6975, 1.8701 1.0266 3.6975, 1.8701 1.0266 3.6417, 2.0669 1.0266 3.6417, 2.0215 0.9811 3.563, 2.0215 0.8752 3.563, 1.9155 0.9811 3.563, 1.9155 0.8752 3.563, 2.0669 0.8297 3.6417, 2.0669 0.8297 3.7315, 1.8701 0.8297 3.6417, 1.8701 0.8297 3.7315, 1.8701 0.8266 3.8418, 2.0669 0.8266 3.8418, 1.8701 0.8173 3.9518, 2.0669 0.8173 3.9518, 1.8701 0.7939 4.16, 2.0669 0.7939 4.16, 2.0669 0.7865 4.2899, 1.8701 0.7865 4.2899, 2.0669 0.7934 4.4198, 1.8701 0.7934 4.4198, 1.8701 0.8182 4.6481, 2.0669 0.8182 4.6481, 1.8701 0.8268 4.7543, 2.0669 0.8268 4.7543, 1.8701 0.8297 4.8608, 2.0669 0.8297 4.8608, 1.8701 0.8297 6.0039, 2.0669 0.8297 6.0039, 1.8701 0.8284 6.0141, 2.0669 0.8284 6.0141, 1.8701 0.8244 6.0236, 2.0669 0.8244 6.0236, 1.8701 0.8182 6.0318, 2.0669 0.8182 6.0318, 1.8701 0.81 6.038, 2.0669 0.81 6.038, 1.8701 0.8005 6.042, 2.0669 0.8005 6.042, 1.8701 0.7903 6.0433, 2.0669 0.7903 6.0433, 1.8701 -1.0994 6.0433, 2.0669 -1.0994 6.0433, -1.2795 0.8297 6.0039, -1.0827 0.8297 6.0039, -1.2795 0.8284 6.0141, -1.0827 0.8284 6.0141, -1.2795 0.8244 6.0236, -1.0827 0.8244 6.0236, -1.2795 0.8182 6.0318, -1.0827 0.8182 6.0318, -1.2795 0.81 6.038, -1.0827 0.81 6.038, -1.2795 0.8005 6.042, -1.0827 0.8005 6.042, -1.2795 0.7903 6.0433, -1.0827 0.7903 6.0433, -1.2795 -1.0207 6.0433, -1.0827 -1.0207 6.0433, -1.1281 -1.0994 6.0888, -1.1281 -1.0994 6.1947, -1.2341 -1.0994 6.0888, -1.2341 -1.0994 6.1947, -1.0827 -1.0207 6.2402, -1.0827 0.8297 6.2402, -1.2795 -1.0207 6.2402, -1.2795 0.8297 6.2402, -1.0827 0.8735 6.2352, -1.2795 0.8735 6.2352, -1.0827 0.9151 6.2207, -1.2795 0.9151 6.2207, -1.0827 0.9525 6.1972, -1.2795 0.9525 6.1972, -1.0827 0.9836 6.166, -1.2795 0.9836 6.166, -1.0827 1.0071 6.1287, -1.2795 1.0071 6.1287, -1.0827 1.0216 6.0871, -1.2795 1.0216 6.0871, -1.0827 1.0266 6.0433, -1.2795 1.0266 6.0433, -1.2795 1.0266 3.6417, -1.0827 1.0266 3.6417, -1.1281 0.9811 3.563, -1.1281 0.8752 3.563, -1.2341 0.9811 3.563, -1.2341 0.8752 3.563, -1.0827 0.8297 3.6417, -1.2795 0.8297 3.6417, -0.4921 0.8297 6.0039, -0.2953 0.8297 6.0039, -0.4921 0.8284 6.0141, -0.2953 0.8284 6.0141, -0.4921 0.8244 6.0236, -0.2953 0.8244 6.0236, -0.4921 0.8182 6.0318, -0.2953 0.8182 6.0318, -0.4921 0.81 6.038, -0.2953 0.81 6.038, -0.4921 0.8005 6.042, -0.2953 0.8005 6.042, -0.4921 0.7903 6.0433, -0.2953 0.7903 6.0433, -0.4921 -1.0207 6.0433, -0.2953 -1.0207 6.0433, -0.3407 -1.0994 6.0888, -0.3407 -1.0994 6.1947, -0.4467 -1.0994 6.0888, -0.4467 -1.0994 6.1947, -0.2953 -1.0207 6.2402, -0.2953 0.8297 6.2402, -0.4921 -1.0207 6.2402, -0.4921 0.8297 6.2402, -0.2953 0.8807 6.2334, -0.4921 0.8807 6.2334, -0.2953 0.9281 6.2138, -0.4921 0.9281 6.2138, -0.2953 0.9689 6.1825, -0.4921 0.9689 6.1825, -0.2953 1.0002 6.1417, -0.4921 1.0002 6.1417, -0.2953 1.0199 6.0943, -0.4921 1.0199 6.0943, -0.2953 1.0266 6.0433, -0.4921 1.0266 6.0433, -0.4921 1.0266 3.6417, -0.2953 1.0266 3.6417, -0.3407 0.9811 3.563, -0.3407 0.8752 3.563, -0.4467 0.9811 3.563, -0.4467 0.8752 3.563, -0.2953 0.8297 3.6417, -0.4921 0.8297 3.6417, 0.2953 0.8297 6.0039, 0.4921 0.8297 6.0039, 0.2953 0.8284 6.0141, 0.4921 0.8284 6.0141, 0.2953 0.8244 6.0236, 0.4921 0.8244 6.0236, 0.2953 0.8182 6.0318, 0.4921 0.8182 6.0318, 0.2953 0.81 6.038, 0.4921 0.81 6.038, 0.2953 0.8005 6.042, 0.4921 0.8005 6.042, 0.2953 0.7903 6.0433, 0.4921 0.7903 6.0433, 0.2953 -1.0207 6.0433, 0.4921 -1.0207 6.0433, 0.4467 -1.0994 6.0888, 0.4467 -1.0994 6.1947, 0.3407 -1.0994 6.0888, 0.3407 -1.0994 6.1947, 0.4921 -1.0207 6.2402, 0.4921 0.8297 6.2402, 0.2953 -1.0207 6.2402, 0.2953 0.8297 6.2402, 0.4921 0.8807 6.2334, 0.2953 0.8807 6.2334, 0.4921 0.9281 6.2138, 0.2953 0.9281 6.2138, 0.4921 0.9689 6.1825, 0.2953 0.9689 6.1825, 0.4921 1.0002 6.1417, 0.2953 1.0002 6.1417, 0.4921 1.0199 6.0943, 0.2953 1.0199 6.0943, 0.4921 1.0266 6.0433, 0.2953 1.0266 6.0433, 0.2953 1.0266 3.6417, 0.4921 1.0266 3.6417, 0.4467 0.9811 3.563, 0.4467 0.8752 3.563, 0.3407 0.9811 3.563, 0.3407 0.8752 3.563, 0.4921 0.8297 3.6417, 0.2953 0.8297 3.6417, 1.0827 0.8297 6.0039, 1.2795 0.8297 6.0039, 1.0827 0.8284 6.0141, 1.2795 0.8284 6.0141, 1.0827 0.8244 6.0236, 1.2795 0.8244 6.0236, 1.0827 0.8182 6.0318, 1.2795 0.8182 6.0318, 1.0827 0.81 6.038, 1.2795 0.81 6.038, 1.0827 0.8005 6.042, 1.2795 0.8005 6.042, 1.0827 0.7903 6.0433, 1.2795 0.7903 6.0433, 1.0827 -1.0207 6.0433, 1.2795 -1.0207 6.0433, 1.2341 -1.0994 6.0888, 1.2341 -1.0994 6.1947, 1.1281 -1.0994 6.0888, 1.1281 -1.0994 6.1947, 1.2795 -1.0207 6.2402, 1.2795 0.8297 6.2402, 1.0827 -1.0207 6.2402, 1.0827 0.8297 6.2402, 1.2795 0.8807 6.2334, 1.0827 0.8807 6.2334, 1.2795 0.9281 6.2138, 1.0827 0.9281 6.2138, 1.2795 0.9689 6.1825, 1.0827 0.9689 6.1825, 1.2795 1.0002 6.1417, 1.0827 1.0002 6.1417, 1.2795 1.0199 6.0943, 1.0827 1.0199 6.0943, 1.2795 1.0266 6.0433, 1.0827 1.0266 6.0433, 1.0827 1.0266 3.6417, 1.2795 1.0266 3.6417, 1.2341 0.9811 3.563, 1.2341 0.8752 3.563, 1.1281 0.9811 3.563, 1.1281 0.8752 3.563, 1.2795 0.8297 3.6417, 1.0827 0.8297 3.6417, 1.0827 0.8297 3.6417
            ]
        }
        coordIndex [
            0,1,2,-1,2,1,3,-1,4,5,6,-1,6,5,7,-1,7,5,8,-1,7,8,9,-1,9,8,10,-1,9,10,11,-1,11,10,12,-1,11,12,13,-1,13,12,14,-1,13,14,15,-1,15,14,16,-1,15,16,17,-1,17,16,18,-1,17,18,19,-1,20,19,21,-1,21,19,18,-1,20,21,22,-1,20,22,23,-1,23,22,24,-1,23,24,25,-1,26,25,27,-1,27,25,24,-1,26,27,28,-1,28,27,29,-1,28,29,30,-1,30,29,31,-1,32,30,33,-1,33,30,31,-1,32,33,34,-1,32,34,35,-1,35,34,36,-1,35,36,37,-1,38,37,39,-1,39,37,36,-1,40,41,42,-1,42,41,43,-1,44,45,46,-1,46,45,47,-1,47,45,48,-1,48,45,49,-1,48,49,50,-1,50,49,51,-1,52,50,53,-1,53,50,51,-1,52,53,54,-1,52,54,55,-1,55,54,56,-1,55,56,57,-1,58,57,59,-1,59,57,56,-1,58,59,60,-1,60,59,61,-1,60,61,62,-1,62,61,63,-1,64,62,65,-1,65,62,63,-1,64,65,66,-1,66,65,67,-1,66,67,68,-1,68,67,69,-1,68,69,70,-1,70,69,71,-1,70,71,72,-1,72,71,73,-1,72,73,74,-1,74,73,75,-1,74,75,76,-1,76,75,77,-1,78,76,79,-1,79,76,77,-1,78,6,76,-1,76,6,7,-1,76,7,74,-1,74,7,9,-1,74,9,72,-1,72,9,11,-1,72,11,70,-1,70,11,13,-1,70,13,68,-1,19,66,17,-1,17,66,68,-1,17,68,15,-1,15,68,13,-1,38,46,37,-1,37,46,47,-1,37,47,35,-1,35,47,48,-1,35,48,32,-1,32,48,50,-1,32,50,30,-1,30,50,52,-1,30,52,28,-1,28,52,55,-1,28,55,26,-1,26,55,57,-1,26,57,25,-1,25,57,58,-1,25,58,23,-1,23,58,60,-1,23,60,20,-1,20,60,62,-1,20,62,19,-1,19,62,64,-1,19,64,66,-1,5,4,79,-1,79,77,5,-1,5,77,75,-1,5,75,8,-1,8,75,73,-1,44,39,45,-1,45,39,36,-1,45,36,49,-1,49,36,34,-1,49,34,51,-1,51,34,33,-1,51,33,53,-1,53,33,31,-1,53,31,54,-1,54,31,29,-1,54,29,56,-1,56,29,27,-1,56,27,59,-1,59,27,24,-1,59,24,61,-1,61,24,22,-1,61,22,63,-1,63,22,21,-1,63,21,65,-1,65,21,18,-1,65,18,67,-1,67,18,16,-1,67,16,69,-1,69,16,14,-1,69,14,71,-1,71,14,12,-1,71,12,73,-1,73,12,10,-1,73,10,8,-1,6,3,4,-1,4,3,1,-1,78,2,6,-1,6,2,3,-1,0,79,1,-1,1,79,4,-1,79,0,78,-1,78,0,2,-1,46,43,44,-1,44,43,41,-1,38,42,46,-1,46,42,43,-1,40,39,41,-1,41,39,44,-1,39,40,38,-1,38,40,42,-1,80,81,82,-1,82,81,83,-1,84,85,86,-1,86,85,87,-1,87,85,88,-1,87,88,89,-1,89,88,90,-1,89,90,91,-1,91,90,92,-1,91,92,93,-1,93,92,94,-1,93,94,95,-1,95,94,96,-1,95,96,97,-1,97,96,98,-1,97,98,99,-1,100,99,101,-1,101,99,98,-1,100,101,102,-1,100,102,103,-1,103,102,104,-1,103,104,105,-1,106,105,107,-1,107,105,104,-1,106,107,108,-1,108,107,109,-1,108,109,110,-1,110,109,111,-1,112,110,113,-1,113,110,111,-1,112,113,114,-1,112,114,115,-1,115,114,116,-1,115,116,117,-1,118,117,119,-1,119,117,116,-1,120,121,122,-1,122,121,123,-1,124,125,126,-1,126,125,127,-1,127,125,128,-1,128,125,129,-1,128,129,130,-1,130,129,131,-1,132,130,133,-1,133,130,131,-1,132,133,134,-1,132,134,135,-1,135,134,136,-1,135,136,137,-1,138,137,139,-1,139,137,136,-1,138,139,140,-1,140,139,141,-1,140,141,142,-1,142,141,143,-1,144,142,145,-1,145,142,143,-1,144,145,146,-1,146,145,147,-1,146,147,148,-1,148,147,149,-1,148,149,150,-1,150,149,151,-1,150,151,152,-1,152,151,153,-1,152,153,154,-1,154,153,155,-1,154,155,156,-1,156,155,157,-1,158,156,159,-1,159,156,157,-1,158,86,156,-1,156,86,87,-1,156,87,154,-1,154,87,89,-1,154,89,152,-1,152,89,91,-1,152,91,150,-1,150,91,93,-1,150,93,148,-1,99,146,97,-1,97,146,148,-1,97,148,95,-1,95,148,93,-1,118,126,117,-1,117,126,127,-1,117,127,115,-1,115,127,128,-1,115,128,112,-1,112,128,130,-1,112,130,110,-1,110,130,132,-1,110,132,108,-1,108,132,135,-1,108,135,106,-1,106,135,137,-1,106,137,105,-1,105,137,138,-1,105,138,103,-1,103,138,140,-1,103,140,100,-1,100,140,142,-1,100,142,99,-1,99,142,144,-1,99,144,146,-1,85,84,159,-1,159,157,85,-1,85,157,155,-1,85,155,88,-1,88,155,153,-1,124,119,125,-1,125,119,116,-1,125,116,129,-1,129,116,114,-1,129,114,131,-1,131,114,113,-1,131,113,133,-1,133,113,111,-1,133,111,134,-1,134,111,109,-1,134,109,136,-1,136,109,107,-1,136,107,139,-1,139,107,104,-1,139,104,141,-1,141,104,102,-1,141,102,143,-1,143,102,101,-1,143,101,145,-1,145,101,98,-1,145,98,147,-1,147,98,96,-1,147,96,149,-1,149,96,94,-1,149,94,151,-1,151,94,92,-1,151,92,153,-1,153,92,90,-1,153,90,88,-1,126,123,124,-1,124,123,121,-1,118,122,126,-1,126,122,123,-1,120,119,121,-1,121,119,124,-1,119,120,118,-1,118,120,122,-1,86,83,84,-1,84,83,81,-1,158,82,86,-1,86,82,83,-1,80,159,81,-1,81,159,84,-1,159,80,158,-1,158,80,82,-1,160,161,162,-1,162,161,163,-1,162,163,164,-1,164,163,165,-1,164,165,166,-1,166,165,167,-1,166,167,168,-1,168,167,169,-1,168,169,170,-1,170,169,171,-1,170,171,172,-1,172,171,173,-1,174,172,175,-1,175,172,173,-1,176,177,178,-1,178,177,179,-1,180,181,182,-1,182,181,183,-1,183,181,184,-1,183,184,185,-1,185,184,186,-1,185,186,187,-1,187,186,188,-1,187,188,189,-1,189,188,190,-1,189,190,191,-1,191,190,192,-1,191,192,193,-1,193,192,194,-1,193,194,195,-1,195,194,196,-1,195,196,197,-1,198,197,199,-1,199,197,196,-1,200,201,202,-1,202,201,203,-1,204,161,205,-1,205,161,160,-1,174,182,172,-1,172,182,183,-1,172,183,170,-1,170,183,185,-1,170,185,168,-1,168,185,187,-1,168,187,166,-1,187,189,166,-1,166,189,191,-1,166,191,164,-1,164,191,193,-1,164,193,162,-1,162,193,195,-1,162,195,160,-1,160,195,197,-1,160,197,205,-1,205,197,198,-1,180,175,181,-1,181,175,173,-1,181,173,184,-1,184,173,171,-1,184,171,186,-1,186,171,169,-1,186,169,188,-1,188,169,167,-1,188,167,190,-1,190,167,165,-1,204,199,161,-1,161,199,196,-1,161,196,163,-1,163,196,194,-1,163,194,165,-1,165,194,192,-1,165,192,190,-1,182,179,180,-1,180,179,177,-1,174,178,182,-1,182,178,179,-1,176,175,177,-1,177,175,180,-1,175,176,174,-1,174,176,178,-1,205,203,204,-1,204,203,201,-1,198,202,205,-1,205,202,203,-1,200,199,201,-1,201,199,204,-1,199,200,198,-1,198,200,202,-1,206,207,208,-1,208,207,209,-1,208,209,210,-1,210,209,211,-1,210,211,212,-1,212,211,213,-1,212,213,214,-1,214,213,215,-1,214,215,216,-1,216,215,217,-1,216,217,218,-1,218,217,219,-1,220,218,221,-1,221,218,219,-1,222,223,224,-1,224,223,225,-1,226,227,228,-1,228,227,229,-1,229,227,230,-1,229,230,231,-1,231,230,232,-1,231,232,233,-1,233,232,234,-1,233,234,235,-1,235,234,236,-1,235,236,237,-1,237,236,238,-1,237,238,239,-1,239,238,240,-1,239,240,241,-1,242,241,243,-1,243,241,240,-1,244,245,246,-1,246,245,247,-1,248,207,249,-1,249,207,206,-1,220,228,218,-1,218,228,229,-1,218,229,216,-1,216,229,231,-1,216,231,214,-1,214,231,233,-1,214,233,212,-1,212,233,235,-1,212,235,210,-1,241,242,249,-1,249,206,241,-1,241,206,208,-1,241,208,239,-1,239,208,210,-1,239,210,237,-1,237,210,235,-1,227,226,221,-1,221,219,227,-1,227,219,217,-1,227,217,230,-1,230,217,215,-1,248,243,207,-1,207,243,240,-1,207,240,209,-1,209,240,238,-1,209,238,211,-1,211,238,236,-1,211,236,213,-1,213,236,234,-1,213,234,215,-1,215,234,232,-1,215,232,230,-1,228,225,226,-1,226,225,223,-1,220,224,228,-1,228,224,225,-1,222,221,223,-1,223,221,226,-1,221,222,220,-1,220,222,224,-1,249,247,248,-1,248,247,245,-1,242,246,249,-1,249,246,247,-1,244,243,245,-1,245,243,248,-1,243,244,242,-1,242,244,246,-1,250,251,252,-1,252,251,253,-1,252,253,254,-1,254,253,255,-1,254,255,256,-1,256,255,257,-1,256,257,258,-1,258,257,259,-1,258,259,260,-1,260,259,261,-1,260,261,262,-1,262,261,263,-1,264,262,265,-1,265,262,263,-1,266,267,268,-1,268,267,269,-1,270,271,272,-1,272,271,273,-1,273,271,274,-1,273,274,275,-1,275,274,276,-1,275,276,277,-1,277,276,278,-1,277,278,279,-1,279,278,280,-1,279,280,281,-1,281,280,282,-1,281,282,283,-1,283,282,284,-1,283,284,285,-1,286,285,287,-1,287,285,284,-1,288,289,290,-1,290,289,291,-1,292,251,293,-1,293,251,250,-1,264,272,262,-1,262,272,273,-1,262,273,260,-1,260,273,275,-1,260,275,258,-1,258,275,277,-1,258,277,256,-1,256,277,279,-1,256,279,254,-1,285,286,293,-1,293,250,285,-1,285,250,252,-1,285,252,283,-1,283,252,254,-1,283,254,281,-1,281,254,279,-1,271,270,265,-1,265,263,271,-1,271,263,261,-1,271,261,274,-1,274,261,259,-1,292,287,251,-1,251,287,284,-1,251,284,253,-1,253,284,282,-1,253,282,255,-1,255,282,280,-1,255,280,257,-1,257,280,278,-1,257,278,259,-1,259,278,276,-1,259,276,274,-1,272,269,270,-1,270,269,267,-1,264,268,272,-1,272,268,269,-1,266,265,267,-1,267,265,270,-1,265,266,264,-1,264,266,268,-1,293,291,292,-1,292,291,289,-1,286,290,293,-1,293,290,291,-1,288,287,289,-1,289,287,292,-1,287,288,286,-1,286,288,290,-1,294,295,296,-1,296,295,297,-1,296,297,298,-1,298,297,299,-1,298,299,300,-1,300,299,301,-1,300,301,302,-1,302,301,303,-1,302,303,304,-1,304,303,305,-1,304,305,306,-1,306,305,307,-1,308,306,309,-1,309,306,307,-1,310,311,312,-1,312,311,313,-1,314,315,316,-1,316,315,317,-1,317,315,318,-1,317,318,319,-1,319,318,320,-1,319,320,321,-1,321,320,322,-1,321,322,323,-1,323,322,324,-1,323,324,325,-1,325,324,326,-1,325,326,327,-1,327,326,328,-1,327,328,329,-1,330,329,331,-1,331,329,328,-1,332,333,334,-1,334,333,335,-1,336,295,337,-1,337,295,294,-1,308,316,306,-1,306,316,317,-1,306,317,304,-1,304,317,319,-1,304,319,302,-1,302,319,321,-1,302,321,300,-1,300,321,323,-1,300,323,298,-1,329,330,337,-1,337,294,329,-1,329,294,296,-1,329,296,327,-1,327,296,298,-1,327,298,325,-1,325,298,323,-1,315,314,309,-1,309,307,315,-1,315,307,305,-1,315,305,318,-1,318,305,303,-1,336,331,295,-1,295,331,328,-1,295,328,297,-1,297,328,326,-1,297,326,299,-1,299,326,324,-1,299,324,301,-1,301,324,322,-1,301,322,303,-1,303,322,320,-1,303,320,318,-1,337,335,336,-1,336,335,333,-1,330,334,337,-1,337,334,335,-1,332,331,333,-1,333,331,336,-1,331,332,330,-1,330,332,334,-1,316,313,314,-1,314,313,311,-1,308,312,316,-1,316,312,313,-1,310,309,311,-1,311,309,314,-1,309,310,308,-1,308,310,312,-1,
        ]
    }
}
Shape{
    appearance Appearance {
        material  Material 	{
            diffuseColor 1.0 1.0 1.0
            specularColor 0.5019607843137255 0.5019607843137255 0.5019607843137255
            ambientIntensity 0.2
            transparency 0
            shininess 0.5
        }
    }
    geometry IndexedFaceSet {
        ccw TRUE
        solid FALSE
        coord DEF co Coordinate {
            point [
                -2.3819 2.2274 4.9016, -2.3819 0.1014 4.9016, -2.3879 0.1472 4.9016, -2.6843 0.2266 4.9016, -2.7125 0.19 4.9016, -2.7362 2.2274 4.9016, -2.7302 0.1472 4.9016, -2.7362 0.1014 4.9016, -2.4056 0.19 4.9016, -2.4338 0.2266 4.9016, -2.4705 0.2548 4.9016, -2.5132 0.2725 4.9016, -2.5591 0.2785 4.9016, -2.6049 0.2725 4.9016, -2.6476 0.2548 4.9016, 2.7362 2.2274 4.9016, 2.7362 0.1014 4.9016, 2.7302 0.1472 4.9016, 2.4338 0.2266 4.9016, 2.4056 0.19 4.9016, 2.3819 2.2274 4.9016, 2.3879 0.1472 4.9016, 2.3819 0.1014 4.9016, 2.7125 0.19 4.9016, 2.6843 0.2266 4.9016, 2.6476 0.2548 4.9016, 2.6049 0.2725 4.9016, 2.5591 0.2785 4.9016, 2.5132 0.2725 4.9016, 2.4705 0.2548 4.9016, 0.0265 -1.6784 5.2953, 0.0265 -1.7965 5.2953, 0.0035 -1.6975 5.2953, 0.0035 -1.6846 5.2953, -0.0091 -1.6794 5.2953, -0.021 -1.6777 5.2953, 0.087 -1.7836 5.2953, 0.1014 -1.6777 5.2953, 0.087 -1.7965 5.2953, 0.1014 -2.2805 5.2953, 0.0842 -1.7317 5.2953, 0.0424 -1.7317 5.2953, 0.0424 -1.6914 5.2953, -0.0781 -1.7654 5.2953, -0.0712 -1.7765 5.2953, -0.1391 -1.7965 5.2953, 0.0899 -1.6914 5.2953, 0.0899 -1.6784 5.2953, 0.0842 -1.7447 5.2953, 0.0424 -1.7447 5.2953, 0.0424 -1.7836 5.2953, -0.0358 -1.7837 5.2953, -0.0446 -1.7805 5.2953, 0.0014 -1.6963 5.2953, -0.0528 -1.7751 5.2953, -0.0599 -1.7672 5.2953, -0.0685 -1.7362 5.2953, -0.0673 -1.7234 5.2953, -0.0641 -1.7133 5.2953, -0.0378 -1.6912 5.2953, -0.0268 -1.69 5.2953, -0.0464 -1.6944 5.2953, -0.0537 -1.6992 5.2953, -0.0592 -1.7051 5.2953, -0.0111 -1.6917 5.2953, -0.0605 -1.7867 5.2953, -0.1549 -1.7965 5.2953, -1.0039 -2.2805 5.2953, -0.1549 -1.6784 5.2953, -1.0039 -1.6777 5.2953, -0.0797 -1.7091 5.2953, -0.0944 -1.6914 5.2953, -0.0734 -1.6978 5.2953, -0.0944 -1.6784 5.2953, -0.0645 -1.6885 5.2953, -0.0648 -1.7581 5.2953, -0.068 -1.7454 5.2953, -0.1391 -1.6914 5.2953, -0.0359 -1.6777 5.2953, -0.0436 -1.6785 5.2953, -0.055 -1.6824 5.2953, -0.0832 -1.7216 5.2953, -0.0844 -1.7353 5.2953, -0.0827 -1.752 5.2953, -0.0493 -1.7932 5.2953, -0.0362 -1.797 5.2953, -0.0243 -1.798 5.2953, -0.0102 -1.797 5.2953, 0.0035 -1.7933 5.2953, 0.0035 -1.7775 5.2953, -0.0098 -1.7832 5.2953, -0.0242 -1.785 5.2953, -1.0039 0.2719 5.2953, -1.0053 0.2821 5.2953, 0.1014 0.6919 5.2953, -1.0092 0.2916 5.2953, -1.0155 0.2998 5.2953, -1.0236 0.306 5.2953, -1.0331 0.31 5.2953, -1.0433 0.3113 5.2953, -2.3622 0.6919 5.2953, -1.4173 0.3113 5.2953, -2.3622 -1.6777 5.2953, -0.0258 -1.677 5.2953, -0.029 -1.677 5.2953, 2.3622 -1.6777 5.2953, 2.3622 -1.9065 5.2953, 1.4173 -1.6777 5.2953, 1.4173 -1.9065 5.2953, -1.4173 -1.6777 5.2953, -1.4173 -1.9065 5.2953, -2.3622 -1.9065 5.2953, 0.3233 -1.6784 5.2953, 0.306 -1.6784 5.2953, 0.2613 -1.7965 5.2953, 1.0039 -2.2805 5.2953, 0.2772 -1.7965 5.2953, 1.0039 -1.6777 5.2953, 0.1451 -1.6784 5.2953, 0.113 -1.6784 5.2953, 0.113 -1.7965 5.2953, 0.1463 -1.7965 5.2953, 0.1902 -1.7811 5.2953, 0.1985 -1.7719 5.2953, 0.204 -1.7617 5.2953, 0.2167 -1.6784 5.2953, 0.2021 -1.7108 5.2953, 0.1954 -1.7002 5.2953, 0.1634 -1.7947 5.2953, 0.1772 -1.7899 5.2953, 0.19 -1.7812 5.2953, 0.1856 -1.6909 5.2953, 0.1733 -1.6838 5.2953, 0.1597 -1.6797 5.2953, 0.234 -1.6784 5.2953, 0.2452 -1.7116 5.2953, 0.294 -1.7116 5.2953, 0.2072 -1.7501 5.2953, 0.208 -1.739 5.2953, 0.2064 -1.7232 5.2953, 2.3622 0.6919 5.2953, 1.4173 0.3113 5.2953, 1.0433 0.3113 5.2953, 1.0331 0.31 5.2953, 1.0236 0.306 5.2953, 1.0155 0.2998 5.2953, 1.0092 0.2916 5.2953, 1.0039 0.2719 5.2953, 1.0053 0.2821 5.2953, 2.3622 0.7313 5.6831, 2.3622 0.7313 6.6477, 2.3622 2.2649 5.3825, 2.3622 2.2864 4.9803, 2.3622 0.7303 5.3259, 2.3622 0.7313 5.3346, 2.3622 0.709 5.2992, 2.3622 0.7165 5.3039, 2.3622 2.2274 4.9213, 2.3622 2.2844 4.965, 2.3622 2.2785 4.9508, 2.3622 2.2691 4.9386, 2.3622 2.2808 5.3621, 2.3622 2.285 5.3498, 2.3622 2.2864 5.3369, 2.3622 -1.9065 4.9213, 2.3622 0.7007 5.2963, 2.3622 0.7227 5.3101, 2.3622 0.7274 5.3176, 2.3622 2.2426 4.9233, 2.3622 2.2569 4.9292, 2.3622 2.274 5.3731, -2.3622 0.7303 5.3259, -2.3622 2.2844 4.965, -2.3622 2.2864 4.9803, -2.3622 0.7313 5.3346, -2.3622 2.2864 5.3369, -2.3622 2.285 5.3498, -2.3622 0.7274 5.3176, -2.3622 0.7227 5.3101, -2.3622 2.2274 4.9213, -2.3622 0.7165 5.3039, -2.3622 0.709 5.2992, -2.3622 0.7007 5.2963, -2.3622 -1.9065 4.9213, -2.3622 2.2808 5.3621, -2.3622 2.274 5.3731, -2.3622 0.7313 5.6831, -2.3622 2.2649 5.3825, -2.3622 0.7313 6.6477, -2.3622 2.2426 4.9233, -2.3622 2.2569 4.9292, -2.3622 2.2691 4.9386, -2.3622 2.2785 4.9508, -1.063 0.062 7.3425, -1.5748 0.062 7.3425, -1.063 0.062 6.9882, -1.5748 0.062 6.7972, -0.7874 0.062 6.9882, -0.7874 0.062 6.7972, 0.0 0.062 6.7972, 0.0 0.062 6.9882, 0.7874 0.062 6.7972, 1.5748 0.062 7.3425, 1.063 0.062 7.3425, 1.5748 0.062 6.7972, 1.063 0.062 6.9882, 0.7874 0.062 6.9882, 1.685 0.062 7.3425, 1.685 0.062 6.9882, 2.0787 0.062 6.9882, 2.3189 0.062 6.7972, 2.0787 0.062 7.3425, 2.3189 0.062 7.3425, -2.0787 0.062 7.3425, -2.5591 0.062 7.3425, -2.0787 0.062 6.9882, -2.5591 0.062 6.7972, -1.685 0.062 6.9882, -1.685 0.062 7.3425, 2.5591 0.062 7.3425, 2.5591 0.062 6.7972, 2.5591 0.062 5.4134, 2.3189 0.062 5.4134, 2.0787 0.062 6.252, 1.8583 0.062 6.252, 1.8583 0.062 6.0315, 1.5748 0.062 5.4134, 2.0787 0.062 6.0315, 1.0709 0.062 6.0315, 0.7874 0.062 5.4134, 1.2913 0.062 6.0315, 1.2913 0.062 6.252, 1.0709 0.062 6.252, 0.2835 0.062 6.0315, -0.0 0.062 5.4134, 0.5039 0.062 6.0315, 0.5039 0.062 6.252, 0.2835 0.062 6.252, -0.2835 0.062 6.252, -0.5039 0.062 6.252, -0.5039 0.062 6.0315, -0.7874 0.062 5.4134, -0.2835 0.062 6.0315, -1.0709 0.062 6.252, -1.2913 0.062 6.252, -1.2913 0.062 6.0315, -1.5748 0.062 5.4134, -1.0709 0.062 6.0315, -1.8583 0.062 6.252, -2.0787 0.062 6.252, -2.0787 0.062 6.0315, -2.5591 0.062 5.4134, -1.8583 0.062 6.0315, -1.063 -1.5915 7.3425, -1.685 -1.5915 7.3425, -2.5591 -1.5915 7.3425, -2.0787 -1.5915 7.3425, 1.685 -1.5915 7.3425, 1.063 -1.5915 7.3425, 2.5591 -1.5915 7.3425, 2.0787 -1.5915 7.3425, 2.7362 0.3573 7.0669, 2.7362 0.7116 7.0669, 0.9646 0.3573 7.0669, -2.7362 0.7116 7.0669, -0.9646 0.3573 7.0669, -2.7362 0.3573 7.0669, 0.2546 -0.7845 7.0669, -0.2546 -0.7845 7.0669, -0.2546 -1.1388 7.0669, -0.9646 -1.5719 7.0669, 0.2546 -1.1388 7.0669, 0.9646 -1.5719 7.0669, -2.7559 -2.2805 4.9213, -2.7559 0.7116 6.6639, -2.7559 2.2274 4.9213, -2.7559 2.2649 5.3825, -2.7559 0.3294 7.0588, -2.7559 0.3376 7.0525, -2.7559 0.3471 7.0486, -2.7559 0.3573 7.0472, -2.7559 0.7116 7.0472, -2.7559 2.274 5.3731, -2.7559 2.2864 5.3369, -2.7559 2.2808 5.3621, -2.7559 2.285 5.3498, -2.7559 2.2864 4.9803, -2.7559 2.2426 4.9233, -2.7559 2.2785 4.9508, -2.7559 2.2691 4.9386, -2.7559 2.2569 4.9292, -2.7559 -1.5719 6.4764, -2.7559 -1.5719 7.4409, -2.7559 0.3179 7.4409, -2.7559 -1.6353 6.3233, -2.7559 0.3232 7.0669, -2.7559 -1.6801 6.2889, -2.7559 -1.7324 6.2672, -2.7559 -1.6009 6.3681, -2.7559 -1.5792 6.4203, -2.7559 0.3192 7.0764, -2.7559 0.3179 7.0866, -2.7559 -1.7884 6.2598, -2.7559 -2.2805 6.0827, -2.7559 -2.1034 6.2598, -2.7559 2.2844 4.965, -2.7559 -2.2286 6.208, -2.7559 -2.1919 6.2361, -2.7559 -2.1492 6.2538, -2.7559 -2.2568 6.1713, -2.7559 -2.2745 6.1285, 2.7559 2.2649 5.3825, 2.7559 0.7116 6.6639, 2.7559 -2.2805 4.9213, 2.7559 2.274 5.3731, 2.7559 0.7116 7.0472, 2.7559 0.3573 7.0472, 2.7559 0.3376 7.0525, 2.7559 0.3294 7.0588, 2.7559 2.2864 5.3369, 2.7559 2.2864 4.9803, 2.7559 2.2274 4.9213, 2.7559 0.3471 7.0486, 2.7559 -1.5719 6.4764, 2.7559 -1.5792 6.4203, 2.7559 2.285 5.3498, 2.7559 2.2808 5.3621, 2.7559 0.3179 7.0866, 2.7559 0.3179 7.4409, 2.7559 -1.5719 7.4409, 2.7559 0.3192 7.0764, 2.7559 2.2426 4.9233, 2.7559 2.2569 4.9292, 2.7559 2.2844 4.965, 2.7559 2.2691 4.9386, 2.7559 2.2785 4.9508, 2.7559 0.3232 7.0669, 2.7559 -1.6801 6.2889, 2.7559 -1.6353 6.3233, 2.7559 -1.6009 6.3681, 2.7559 -1.7324 6.2672, 2.7559 -1.7884 6.2598, 2.7559 -2.2805 6.0827, 2.7559 -2.2568 6.1713, 2.7559 -2.1492 6.2538, 2.7559 -2.2286 6.208, 2.7559 -2.1919 6.2361, 2.7559 -2.1034 6.2598, 2.7559 -2.2745 6.1285, -2.3819 2.3061 4.9803, -2.7362 2.3061 4.9803, -2.3819 2.3061 5.3369, -2.7362 2.3061 5.3369, -2.3819 2.2775 5.3976, -2.7362 2.2775 5.3976, -2.3819 0.7313 6.6732, -2.7362 0.7313 6.6732, 2.7362 -1.7884 6.2795, 2.5591 -1.7884 6.2795, 2.7362 -2.1034 6.2795, 2.5591 -2.1034 6.2795, 2.7362 -1.5719 7.4606, 2.7362 0.3179 7.4606, 1.0039 -1.5719 7.4606, 1.0039 0.3179 7.4606, -2.5591 -2.3002 6.0827, -2.7362 -2.3002 6.0827, -2.5591 -2.3002 5.4134, -2.7362 -2.3002 4.9213, 2.7362 -2.3002 6.0827, 2.5591 -2.3002 6.0827, 2.7362 -2.3002 4.9213, 2.5591 -2.3002 5.4134, -1.042 -2.3002 5.2858, -1.038 -2.3002 5.2953, -1.0318 -2.3002 5.3034, -1.0236 -2.3002 5.3097, 1.0141 -2.3002 5.3136, 1.0236 -2.3002 5.3097, 1.0318 -2.3002 5.3034, 1.038 -2.3002 5.2953, -1.0433 -2.3002 4.9213, -1.0433 -2.3002 5.2756, -1.0141 -2.3002 5.3136, -1.0039 -2.3002 5.315, 1.0039 -2.3002 5.315, 1.0433 -2.3002 4.9213, 1.0433 -2.3002 5.2756, 1.042 -2.3002 5.2858, 1.0433 0.2719 4.9016, 1.3976 0.2719 4.9016, 1.0433 -2.2805 4.9016, 1.3976 -1.9262 4.9016, 2.7362 -2.2805 4.9016, 2.3819 -1.9262 4.9016, 2.3879 0.0555 4.9016, 2.6843 -0.0239 4.9016, 2.7125 0.0128 4.9016, 2.7302 0.0555 4.9016, 2.4056 0.0128 4.9016, 2.4338 -0.0239 4.9016, 2.4705 -0.0521 4.9016, 2.5132 -0.0698 4.9016, 2.5591 -0.0758 4.9016, 2.6049 -0.0698 4.9016, 2.6476 -0.0521 4.9016, 2.3819 2.3061 5.3369, 2.7362 2.3061 5.3369, 2.3819 2.3061 4.9803, 2.7362 2.3061 4.9803, -1.0039 0.3179 7.4606, -2.7362 0.3179 7.4606, -1.0039 -1.5719 7.4606, -2.7362 -1.5719 7.4606, -1.3976 0.2719 4.9016, -1.0433 0.2719 4.9016, -1.3976 -1.9262 4.9016, -1.0433 -2.2805 4.9016, -2.3819 -1.9262 4.9016, -2.7362 -2.2805 4.9016, -2.4338 -0.0239 4.9016, -2.4056 0.0128 4.9016, -2.3879 0.0555 4.9016, -2.7302 0.0555 4.9016, -2.7125 0.0128 4.9016, -2.6843 -0.0239 4.9016, -2.5591 -0.0758 4.9016, -2.5132 -0.0698 4.9016, -2.4705 -0.0521 4.9016, -2.6476 -0.0521 4.9016, -2.6049 -0.0698 4.9016, -2.0787 -1.5915 7.0669, -1.685 -1.5915 7.0669, -2.7362 -1.5915 6.4764, -2.5591 -1.5915 6.4764, -2.7362 -1.5915 7.4409, 2.7362 -1.5915 7.4409, 1.0039 -1.5915 7.4409, 2.5591 -1.5915 6.4764, 2.7362 -1.5915 6.4764, 2.0787 -1.5915 7.0669, 1.685 -1.5915 7.0669, 1.0026 -1.5915 7.0764, 0.9987 -1.5915 7.0669, 1.063 -1.5915 6.9882, 0.9924 -1.5915 7.0588, 0.9843 -1.5915 7.0525, 0.9748 -1.5915 7.0486, 0.9646 -1.5915 7.0472, -1.063 -1.5915 6.9882, -0.9646 -1.5915 7.0472, -0.9748 -1.5915 7.0486, -0.9843 -1.5915 7.0525, -0.9924 -1.5915 7.0588, -0.9987 -1.5915 7.0669, 1.0039 -1.5915 7.0866, -1.0039 -1.5915 7.4409, -1.0039 -1.5915 7.0866, -1.0026 -1.5915 7.0764, -2.7362 -2.1034 6.2795, -2.5591 -2.1034 6.2795, -2.7362 -1.7884 6.2795, -2.5591 -1.7884 6.2795, 0.9843 -1.5719 7.0866, 0.9843 -1.5719 7.4409, 0.9843 0.3376 7.0866, 0.9843 0.3376 7.4409, -0.9843 0.3376 7.0866, -0.9843 0.3376 7.4409, -0.9843 -1.5719 7.0866, -0.9843 -1.5719 7.4409, 2.5591 -1.6657 6.3225, 2.5591 -1.6345 6.3536, 2.5591 -1.5965 6.4326, 2.5591 -1.611 6.391, 2.5591 -2.1543 6.2728, 2.5591 -1.7446 6.2845, 2.5591 -1.703 6.299, 2.5591 -2.2738 6.1811, 2.5591 -2.2425 6.2219, 2.5591 -2.2018 6.2532, 2.5591 -2.2935 6.1336, -2.5591 -1.611 6.391, -2.5591 -1.6345 6.3536, -2.5591 -1.6657 6.3225, -2.5591 -1.703 6.299, -2.5591 -1.5965 6.4326, -2.5591 -2.1543 6.2728, -2.5591 -2.2018 6.2532, -2.5591 -1.7446 6.2845, -2.5591 -2.2425 6.2219, -2.5591 -2.2738 6.1811, -2.5591 -2.2935 6.1336, -2.7362 0.3376 7.0866, -2.7362 0.3376 7.4409, 2.7362 0.3376 7.0866, 2.7362 0.3376 7.4409, -1.5748 0.7313 7.0472, -1.8583 0.7313 6.252, -2.0787 0.7313 6.252, -1.8583 0.7313 6.0315, -1.5748 0.7313 5.6831, -2.0787 0.7313 6.0315, -2.3648 0.7313 6.6605, -2.368 0.7313 6.6658, -2.3629 0.7313 6.6543, -2.7362 0.7313 7.0472, -2.3793 0.7313 6.673, -2.3768 0.7313 6.6724, -2.3744 0.7313 6.6713, -2.3699 0.7313 6.668, -2.372 0.7313 6.6698, 2.3819 0.7313 6.6732, 2.3793 0.7313 6.673, 2.4075 0.7313 7.0472, 1.5748 0.7313 7.0472, 1.8583 0.7313 6.252, 1.5748 0.7313 5.6831, 1.8583 0.7313 6.0315, 2.0787 0.7313 6.0315, 2.3768 0.7313 6.6724, 2.3744 0.7313 6.6713, 2.372 0.7313 6.6698, 2.3699 0.7313 6.668, 2.368 0.7313 6.6658, 2.0787 0.7313 6.252, 2.3648 0.7313 6.6605, 2.3629 0.7313 6.6543, 2.4075 0.7313 6.6732, 2.7362 0.7313 7.0472, 2.7362 0.7313 6.6732, 1.2913 0.7313 6.0315, 1.0709 0.7313 6.0315, 0.7874 0.7313 5.6831, 1.0709 0.7313 6.252, 0.7874 0.7313 7.0472, 1.2913 0.7313 6.252, 0.5039 0.7313 6.0315, 0.2835 0.7313 6.0315, 0.0 0.7313 5.6831, 0.2835 0.7313 6.252, 0.0 0.7313 7.0472, 0.5039 0.7313 6.252, -0.2835 0.7313 6.0315, -0.5039 0.7313 6.0315, -0.7874 0.7313 5.6831, -0.5039 0.7313 6.252, -0.7874 0.7313 7.0472, -0.2835 0.7313 6.252, -1.0709 0.7313 6.0315, -1.2913 0.7313 6.0315, -1.2913 0.7313 6.252, -1.0709 0.7313 6.252, -1.5748 0.7313 5.3346, -0.7874 0.7313 5.3346, -0.0 0.7313 5.3346, 0.7874 0.7313 5.3346, 1.5748 0.7313 5.3346, 2.7362 2.2775 5.3976, 2.3819 2.2775 5.3976, -2.7165 0.1014 4.8819, -2.7112 0.0606 4.5079, -2.7112 0.0606 4.8819, -2.6954 0.0226 4.5079, -2.6954 0.0226 4.8819, -2.6704 -0.01 4.5079, -2.6704 -0.01 4.8819, -2.6378 -0.035 4.5079, -2.6378 -0.035 4.8819, -2.5998 -0.0507 4.5079, -2.5998 -0.0507 4.8819, -2.5591 -0.0561 4.5079, -2.5591 -0.0561 4.8819, -2.5183 -0.0507 4.5079, -2.5183 -0.0507 4.8819, -2.4803 -0.035 4.5079, -2.4803 -0.035 4.8819, -2.4477 -0.01 4.5079, -2.4477 -0.01 4.8819, -2.4227 0.0226 4.5079, -2.4227 0.0226 4.8819, -2.4069 0.0606 4.5079, -2.4069 0.0606 4.8819, -2.4016 0.1014 4.5079, -2.4016 0.1014 4.8819, -2.4069 0.1421 4.5079, -2.4069 0.1421 4.8819, -2.4227 0.1801 4.5079, -2.4227 0.1801 4.8819, -2.4477 0.2127 4.5079, -2.4477 0.2127 4.8819, -2.4803 0.2378 4.5079, -2.4803 0.2378 4.8819, -2.5183 0.2535 4.5079, -2.5183 0.2535 4.8819, -2.5591 0.2589 4.5079, -2.5591 0.2589 4.8819, -2.5998 0.2535 4.5079, -2.5998 0.2535 4.8819, -2.6378 0.2378 4.5079, -2.6378 0.2378 4.8819, -2.6704 0.2127 4.5079, -2.6704 0.2127 4.8819, -2.6954 0.1801 4.5079, -2.6954 0.1801 4.8819, -2.7112 0.1421 4.5079, -2.7112 0.1421 4.8819, -2.7165 0.1014 4.5079, -2.4909 0.1407 4.4291, -2.483 0.1217 4.4291, -2.5591 0.1014 4.4291, -2.4803 0.1014 4.4291, -2.483 0.081 4.4291, -2.5387 0.1774 4.4291, -2.5197 0.1696 4.4291, -2.5034 0.157 4.4291, -2.5984 0.1696 4.4291, -2.5794 0.1774 4.4291, -2.5591 0.1801 4.4291, -2.6351 0.1217 4.4291, -2.6272 0.1407 4.4291, -2.6147 0.157 4.4291, -2.6272 0.062 4.4291, -2.6351 0.081 4.4291, -2.6378 0.1014 4.4291, -2.5794 0.0253 4.4291, -2.5984 0.0332 4.4291, -2.6147 0.0457 4.4291, -2.5197 0.0332 4.4291, -2.5387 0.0253 4.4291, -2.5591 0.0226 4.4291, -2.4909 0.062 4.4291, -2.5034 0.0457 4.4291, 2.4016 0.1014 4.8819, 2.4069 0.0606 4.5079, 2.4069 0.0606 4.8819, 2.4227 0.0226 4.5079, 2.4227 0.0226 4.8819, 2.4477 -0.01 4.5079, 2.4477 -0.01 4.8819, 2.4803 -0.035 4.5079, 2.4803 -0.035 4.8819, 2.5183 -0.0507 4.5079, 2.5183 -0.0507 4.8819, 2.5591 -0.0561 4.5079, 2.5591 -0.0561 4.8819, 2.5998 -0.0507 4.5079, 2.5998 -0.0507 4.8819, 2.6378 -0.035 4.5079, 2.6378 -0.035 4.8819, 2.6704 -0.01 4.5079, 2.6704 -0.01 4.8819, 2.6954 0.0226 4.5079, 2.6954 0.0226 4.8819, 2.7112 0.0606 4.5079, 2.7112 0.0606 4.8819, 2.7165 0.1014 4.5079, 2.7165 0.1014 4.8819, 2.7112 0.1421 4.5079, 2.7112 0.1421 4.8819, 2.6954 0.1801 4.5079, 2.6954 0.1801 4.8819, 2.6704 0.2127 4.5079, 2.6704 0.2127 4.8819, 2.6378 0.2378 4.5079, 2.6378 0.2378 4.8819, 2.5998 0.2535 4.5079, 2.5998 0.2535 4.8819, 2.5591 0.2589 4.5079, 2.5591 0.2589 4.8819, 2.5183 0.2535 4.5079, 2.5183 0.2535 4.8819, 2.4803 0.2378 4.5079, 2.4803 0.2378 4.8819, 2.4477 0.2127 4.5079, 2.4477 0.2127 4.8819, 2.4227 0.1801 4.5079, 2.4227 0.1801 4.8819, 2.4069 0.1421 4.5079, 2.4069 0.1421 4.8819, 2.4016 0.1014 4.5079, 2.4909 0.062 4.4291, 2.483 0.081 4.4291, 2.5591 0.1014 4.4291, 2.4803 0.1014 4.4291, 2.483 0.1217 4.4291, 2.5387 0.0253 4.4291, 2.5197 0.0332 4.4291, 2.5034 0.0457 4.4291, 2.5984 0.0332 4.4291, 2.5794 0.0253 4.4291, 2.5591 0.0226 4.4291, 2.6351 0.081 4.4291, 2.6272 0.062 4.4291, 2.6147 0.0457 4.4291, 2.6272 0.1407 4.4291, 2.6351 0.1217 4.4291, 2.6378 0.1014 4.4291, 2.5794 0.1774 4.4291, 2.5984 0.1696 4.4291, 2.6147 0.157 4.4291, 2.5197 0.1696 4.4291, 2.5387 0.1774 4.4291, 2.5591 0.1801 4.4291, 2.4909 0.1407 4.4291, 2.5034 0.157 4.4291, -2.7362 -2.1543 6.2728, -2.7362 -2.2018 6.2532, -2.7362 -2.2425 6.2219, -2.7362 -2.2738 6.1811, -2.7362 -2.2935 6.1336, 2.7362 -1.5973 6.4327, 2.7362 -1.5983 6.4254, 2.7362 -1.6179 6.378, 2.7362 -1.6123 6.3915, 2.7362 -1.6492 6.3372, 2.7362 -1.6358 6.3546, 2.7362 -1.69 6.3059, 2.7362 -1.6667 6.3238, 2.7362 -1.7374 6.2862, 2.7362 -1.7035 6.3003, 2.7362 -1.7447 6.2853, -2.7362 -1.5973 6.4327, -2.7362 -1.5983 6.4254, -2.7362 -1.6123 6.3915, -2.7362 -1.6179 6.378, -2.7362 -1.6358 6.3546, -2.7362 -1.6492 6.3372, -2.7362 -1.6667 6.3238, -2.7362 -1.69 6.3059, -2.7362 -1.7035 6.3003, -2.7362 -1.7374 6.2862, -2.7362 -1.7447 6.2853, 2.7362 -2.1543 6.2728, 2.7362 -2.2018 6.2532, 2.7362 -2.2425 6.2219, 2.7362 -2.2738 6.1811, 2.7362 -2.2935 6.1336, -2.7552 -2.2856 4.9213, -2.7552 -2.2856 6.0827, -2.7533 -2.2904 4.9213, -2.7533 -2.2904 6.0827, -2.7501 -2.2944 4.9213, -2.7501 -2.2944 6.0827, -2.7461 -2.2976 4.9213, -2.7461 -2.2976 6.0827, -2.7413 -2.2995 4.9213, -2.7413 -2.2995 6.0827, -2.7413 -2.2805 4.9022, -2.7413 2.2274 4.9022, -2.7461 -2.2805 4.9042, -2.7461 2.2274 4.9042, -2.7501 -2.2805 4.9073, -2.7501 2.2274 4.9073, -2.7533 -2.2805 4.9114, -2.7533 2.2274 4.9114, -2.7552 -2.2805 4.9162, -2.7552 2.2274 4.9162, -2.7413 -2.2928 6.1335, -2.7461 -2.291 6.1329, -2.7501 -2.2879 6.1321, -2.7533 -2.284 6.1311, -2.7552 -2.2794 6.1298, -2.7413 -2.2733 6.1808, -2.7461 -2.2715 6.1798, -2.7501 -2.2688 6.1782, -2.7533 -2.2653 6.1762, -2.7552 -2.2612 6.1738, -2.7413 -2.2421 6.2214, -2.7461 -2.2407 6.22, -2.7501 -2.2385 6.2178, -2.7533 -2.2356 6.2149, -2.7552 -2.2322 6.2116, -2.7413 -2.2014 6.2526, -2.7461 -2.2005 6.2509, -2.7501 -2.1989 6.2482, -2.7533 -2.1969 6.2446, -2.7552 -2.1945 6.2405, -2.7413 -2.1541 6.2722, -2.7461 -2.1536 6.2703, -2.7501 -2.1528 6.2673, -2.7533 -2.1518 6.2633, -2.7552 -2.1505 6.2587, -2.7413 -2.1034 6.2789, -2.7461 -2.1034 6.2769, -2.7501 -2.1034 6.2738, -2.7533 -2.1034 6.2697, -2.7552 -2.1034 6.2649, -2.7413 2.3054 4.9803, -2.7413 2.3054 5.3369, -2.7461 2.3035 4.9803, -2.7461 2.3035 5.3369, -2.7501 2.3003 4.9803, -2.7501 2.3003 5.3369, -2.7533 2.2963 4.9803, -2.7533 2.2963 5.3369, -2.7552 2.2915 4.9803, -2.7552 2.2915 5.3369, -2.7413 -1.7884 6.2789, -2.7461 -1.7884 6.2769, -2.7501 -1.7884 6.2738, -2.7533 -1.7884 6.2697, -2.7552 -1.7884 6.2649, -2.7413 2.277 5.3971, -2.7413 0.7306 6.6729, -2.7388 0.7311 6.6731, -2.7501 0.7255 6.6705, -2.7482 0.7272 6.6713, -2.7461 2.2758 5.3956, -2.7461 0.7287 6.672, -2.7438 0.7298 6.6725, -2.7501 2.2738 5.3932, -2.7533 2.2712 5.39, -2.7533 0.7214 6.6686, -2.7552 2.2682 5.3864, -2.7552 0.7167 6.6663, -2.7413 -1.6487 6.3367, -2.7413 -1.6173 6.3776, -2.7553 -1.5762 6.4764, -2.7552 -1.5842 6.4217, -2.7533 -1.5887 6.4229, -2.7538 -1.5803 6.4764, -2.7552 -1.577 6.4764, -2.7501 -1.5927 6.4239, -2.7515 -1.584 6.4764, -2.7533 -1.5817 6.4764, -2.7461 -1.5957 6.4247, -2.7484 -1.5871 6.4764, -2.7501 -1.5858 6.4764, -2.7406 -1.591 6.4764, -2.7413 -1.5909 6.4764, -2.7413 -1.5976 6.4253, -2.7447 -1.5895 6.4764, -2.7461 -1.5889 6.4764, -2.7552 -1.6827 6.2933, -2.7552 -1.7337 6.2721, -2.7533 -1.685 6.2974, -2.7533 -1.7349 6.2767, -2.7501 -1.6871 6.3009, -2.7501 -1.736 6.2807, -2.7461 -1.6886 6.3036, -2.7461 -1.7368 6.2837, -2.7413 -1.6896 6.3053, -2.7413 -1.7373 6.2856, -2.7461 -1.6156 6.3766, -2.7501 -1.6129 6.3751, -2.7533 -1.6094 6.373, -2.7552 -1.6053 6.3707, -2.7461 -1.6473 6.3353, -2.7501 -1.6451 6.3331, -2.7533 -1.6422 6.3302, -2.7552 -1.6389 6.3269, -2.7552 0.7167 7.0472, -2.7533 0.7214 7.0472, -2.7501 0.7255 7.0472, -2.7461 0.7287 7.0472, -2.7413 0.7306 7.0472, 2.7552 2.2915 4.9803, 2.7552 2.2915 5.3369, 2.7533 2.2963 4.9803, 2.7533 2.2963 5.3369, 2.7501 2.3003 4.9803, 2.7501 2.3003 5.3369, 2.7461 2.3035 4.9803, 2.7461 2.3035 5.3369, 2.7413 2.3054 4.9803, 2.7413 2.3054 5.3369, 2.7413 2.2274 4.9022, 2.7413 -2.2805 4.9022, 2.7461 2.2274 4.9042, 2.7461 -2.2805 4.9042, 2.7501 2.2274 4.9073, 2.7501 -2.2805 4.9073, 2.7533 2.2274 4.9114, 2.7533 -2.2805 4.9114, 2.7552 2.2274 4.9162, 2.7552 -2.2805 4.9162, -2.7406 -1.591 7.4409, -2.7413 -1.5909 7.4409, -2.7447 -1.5895 7.4409, -2.7461 -1.5889 7.4409, -2.7484 -1.5871 7.4409, -2.7501 -1.5858 7.4409, -2.7515 -1.584 7.4409, -2.7533 -1.5817 7.4409, -2.7538 -1.5803 7.4409, -2.7552 -1.577 7.4409, -2.7553 -1.5762 7.4409, -2.7413 0.3179 7.46, -2.7413 -1.5719 7.46, -2.7461 0.3179 7.458, -2.7461 -1.5719 7.458, -2.7501 0.3179 7.4549, -2.7501 -1.5719 7.4549, -2.7533 0.3179 7.4508, -2.7533 -1.5719 7.4508, -2.7552 0.3179 7.446, -2.7552 -1.5719 7.446, -2.7546 0.3228 7.446, -2.7447 0.3228 7.458, -2.7406 0.3205 7.46, -2.7398 0.3215 7.46, -2.7362 0.323 7.46, -2.7375 0.3228 7.46, -2.7411 0.3192 7.46, -2.7457 0.3205 7.458, -2.7497 0.3215 7.4549, -2.7432 0.3249 7.458, -2.7388 0.3223 7.46, -2.7411 0.3264 7.458, -2.7388 0.3274 7.458, -2.7362 0.3277 7.458, -2.7483 0.3249 7.4549, -2.7461 0.3277 7.4549, -2.7432 0.33 7.4549, -2.7398 0.3314 7.4549, -2.7362 0.3318 7.4549, -2.7527 0.3223 7.4508, -2.751 0.3264 7.4508, -2.7483 0.33 7.4508, -2.7447 0.3327 7.4508, -2.7406 0.3344 7.4508, -2.7362 0.335 7.4508, -2.7527 0.3274 7.446, -2.7497 0.3314 7.446, -2.7457 0.3344 7.446, -2.7411 0.3363 7.446, -2.7362 0.3369 7.446, -2.7552 0.323 7.4409, -2.7533 0.3277 7.4409, -2.7501 0.3318 7.4409, -2.7461 0.335 7.4409, -2.7413 0.3369 7.4409, -2.7515 0.7116 7.0594, -2.7501 0.7116 7.0612, -2.7497 0.7152 7.0612, -2.7457 0.7142 7.0643, -2.7411 0.7129 7.0663, -2.7406 0.7142 7.0663, -2.7406 0.7116 7.0664, -2.7375 0.7165 7.0663, -2.7362 0.716 7.0664, -2.7388 0.716 7.0663, -2.7484 0.7116 7.0625, -2.7461 0.7116 7.0643, -2.7447 0.7116 7.0649, -2.7413 0.7116 7.0663, -2.7447 0.7165 7.0643, -2.7398 0.7152 7.0663, -2.7432 0.7186 7.0643, -2.7411 0.7201 7.0643, -2.7388 0.7211 7.0643, -2.7362 0.7167 7.0663, -2.7362 0.7201 7.0649, -2.7362 0.7214 7.0643, -2.7362 0.7238 7.0625, -2.7483 0.7186 7.0612, -2.7461 0.7214 7.0612, -2.7432 0.7237 7.0612, -2.7398 0.7251 7.0612, -2.7362 0.7255 7.0612, -2.7538 0.7116 7.0557, -2.7533 0.7116 7.0571, -2.7527 0.716 7.0571, -2.751 0.7201 7.0571, -2.7483 0.7237 7.0571, -2.7447 0.7264 7.0571, -2.7406 0.7281 7.0571, -2.7362 0.7269 7.0594, -2.7553 0.7116 7.0516, -2.7552 0.7116 7.0523, -2.7546 0.7165 7.0523, -2.7527 0.7211 7.0523, -2.7497 0.7251 7.0523, -2.7457 0.7281 7.0523, -2.7411 0.73 7.0523, -2.7362 0.7287 7.0571, -2.7362 0.7292 7.0557, -2.7362 0.7306 7.0523, -2.7362 0.7307 7.0516, 2.7552 2.2682 5.3864, 2.7552 0.7167 6.6663, 2.7533 2.2712 5.39, 2.7533 0.7214 6.6686, 2.7501 2.2738 5.3932, 2.7501 0.7255 6.6705, 2.7461 2.2758 5.3956, 2.7461 0.7287 6.672, 2.7482 0.7272 6.6713, 2.7413 2.277 5.3971, 2.7388 0.7311 6.6731, 2.7413 0.7306 6.6729, 2.7438 0.7298 6.6725, 2.7406 -2.2997 4.9213, 2.7406 -2.2996 6.0827, 2.7413 -2.2995 6.0827, 2.7448 -2.2983 4.9213, 2.7447 -2.2981 6.0827, 2.7461 -2.2976 6.0827, 2.7485 -2.2959 4.9213, 2.7484 -2.2958 6.0827, 2.7516 -2.2928 4.9213, 2.7515 -2.2927 6.0827, 2.7501 -2.2944 6.0827, 2.7553 -2.2849 6.0827, 2.7552 -2.2856 6.0827, 2.754 -2.2891 4.9213, 2.7538 -2.289 6.0827, 2.7533 -2.2904 6.0827, 2.7554 -2.2849 4.9213, -2.7546 -1.5768 7.446, -2.7527 -1.5814 7.446, -2.7497 -1.5853 7.446, -2.7457 -1.5883 7.446, -2.7362 -1.5762 7.4601, -2.7375 -1.5768 7.46, -2.7388 -1.5814 7.458, -2.7362 -1.5803 7.4586, -2.7362 -1.577 7.46, -2.7398 -1.5853 7.4549, -2.7362 -1.584 7.4562, -2.7362 -1.5817 7.458, -2.7406 -1.5883 7.4508, -2.7362 -1.5871 7.4531, -2.7362 -1.5858 7.4549, -2.7362 -1.591 7.4453, -2.7362 -1.5909 7.446, -2.7411 -1.5902 7.446, -2.7362 -1.5895 7.4494, -2.7362 -1.5889 7.4508, -2.7447 -1.5866 7.4508, -2.7432 -1.5839 7.4549, -2.7411 -1.5804 7.458, -2.7388 -1.5763 7.46, -2.7483 -1.5839 7.4508, -2.7461 -1.5817 7.4549, -2.7432 -1.5788 7.458, -2.7398 -1.5755 7.46, -2.751 -1.5804 7.4508, -2.7483 -1.5788 7.4549, -2.7447 -1.5768 7.458, -2.7406 -1.5744 7.46, -2.7527 -1.5763 7.4508, -2.7497 -1.5755 7.4549, -2.7457 -1.5744 7.458, -2.7411 -1.5732 7.46, -0.9844 0.3374 7.4435, -0.9858 0.3361 7.4485, -0.9849 0.3369 7.446, -0.99 0.3318 7.4549, -0.9883 0.3335 7.4529, -0.9869 0.335 7.4508, -0.9941 0.3277 7.458, -0.9988 0.323 7.46, -2.7413 0.3369 7.0866, -2.7461 0.335 7.0866, -2.7501 0.3318 7.0866, -2.7533 0.3277 7.0866, -2.7552 0.323 7.0866, -2.7406 0.3573 7.0664, -2.7413 0.3573 7.0663, -2.7447 0.3573 7.0649, -2.7461 0.3573 7.0643, -2.7484 0.3573 7.0625, -2.7501 0.3573 7.0612, -2.7515 0.3573 7.0594, -2.7533 0.3573 7.0571, -2.7538 0.3573 7.0557, -2.7552 0.3573 7.0523, -2.7553 0.3573 7.0516, 2.7362 0.716 7.0664, 2.7362 0.7307 7.0516, 2.7362 0.7306 7.0523, 2.7362 0.7292 7.0557, 2.7362 0.7287 7.0571, 2.7362 0.7269 7.0594, 2.7362 0.7255 7.0612, 2.7362 0.7238 7.0625, 2.7362 0.7214 7.0643, 2.7362 0.7201 7.0649, 2.7362 0.7167 7.0663, 2.7413 0.7306 7.0472, 2.7461 0.7287 7.0472, 2.7501 0.7255 7.0472, 2.7533 0.7214 7.0472, 2.7552 0.7167 7.0472, 2.7413 -2.2928 6.1335, 2.7461 -2.291 6.1329, 2.7501 -2.2879 6.1321, 2.7533 -2.284 6.1311, 2.7413 -2.1034 6.2789, 2.7413 -2.1541 6.2722, 2.7461 -2.1034 6.2769, 2.7461 -2.1536 6.2703, 2.7501 -2.1034 6.2738, 2.7501 -2.1528 6.2673, 2.7533 -2.1034 6.2697, 2.7533 -2.1518 6.2633, 2.7552 -2.1034 6.2649, 2.7552 -2.1505 6.2587, 2.7413 -2.2014 6.2526, 2.7461 -2.2005 6.2509, 2.7501 -2.1989 6.2482, 2.7533 -2.1969 6.2446, 2.7552 -2.1945 6.2405, 2.7413 -2.2421 6.2214, 2.7461 -2.2407 6.22, 2.7501 -2.2385 6.2178, 2.7533 -2.2356 6.2149, 2.7552 -2.2322 6.2116, 2.7413 -2.2733 6.1808, 2.7461 -2.2715 6.1798, 2.7501 -2.2688 6.1782, 2.7533 -2.2653 6.1762, 2.7552 -2.2612 6.1738, 2.7552 -2.2794 6.1298, -1.0039 -1.591 7.4453, -1.0039 -1.5909 7.446, -1.0039 -1.5895 7.4494, -1.0039 -1.5889 7.4508, -1.0039 -1.5871 7.4531, -1.0039 -1.5858 7.4549, -1.0039 -1.584 7.4562, -1.0039 -1.5817 7.458, -1.0039 -1.5803 7.4586, -1.0039 -1.577 7.46, -1.0039 -1.5762 7.4601, -0.9988 -1.5719 7.46, -0.9941 -1.5719 7.458, -0.99 -1.5719 7.4549, -0.9869 -1.5719 7.4508, -0.9849 -1.5719 7.446, -2.7552 0.3484 7.0535, -2.7533 0.3496 7.0581, -2.7501 0.3507 7.062, -2.7461 0.3515 7.0651, -2.7413 0.352 7.067, -2.7362 0.3522 7.0676, -2.7552 0.3401 7.0569, -2.7533 0.3425 7.061, -2.7501 0.3445 7.0646, -2.7461 0.3461 7.0673, -2.7413 0.3471 7.069, -2.7362 0.3474 7.0696, -2.7552 0.333 7.0624, -2.7533 0.3364 7.0657, -2.7501 0.3393 7.0686, -2.7461 0.3415 7.0708, -2.7413 0.3429 7.0722, -2.7362 0.3434 7.0727, -2.7552 0.3276 7.0695, -2.7533 0.3317 7.0719, -2.7501 0.3352 7.0739, -2.7461 0.3379 7.0755, -2.7413 0.3396 7.0764, -2.7362 0.3402 7.0768, -2.7552 0.3242 7.0777, -2.7533 0.3288 7.079, -2.7501 0.3327 7.08, -2.7461 0.3357 7.0808, -2.7413 0.3376 7.0813, -2.7362 0.3383 7.0815, 2.7406 0.7281 7.0571, 2.7398 0.7251 7.0612, 2.7388 0.7211 7.0643, 2.7375 0.7165 7.0663, 2.7388 0.716 7.0663, 2.7413 0.7116 7.0663, 2.7411 0.7129 7.0663, 2.7432 0.7186 7.0643, 2.7406 0.7142 7.0663, 2.7447 0.7165 7.0643, 2.7457 0.7142 7.0643, 2.7461 0.7116 7.0643, 2.7411 0.7201 7.0643, 2.7398 0.7152 7.0663, 2.7432 0.7237 7.0612, 2.7461 0.7214 7.0612, 2.7483 0.7186 7.0612, 2.7497 0.7152 7.0612, 2.7501 0.7116 7.0612, 2.7447 0.7264 7.0571, 2.7483 0.7237 7.0571, 2.751 0.7201 7.0571, 2.7527 0.716 7.0571, 2.7533 0.7116 7.0571, 2.7411 0.73 7.0523, 2.7457 0.7281 7.0523, 2.7497 0.7251 7.0523, 2.7527 0.7211 7.0523, 2.7546 0.7165 7.0523, 2.7552 0.7116 7.0523, 2.7413 -1.7884 6.2789, 2.7461 -1.7884 6.2769, 2.7501 -1.7884 6.2738, 2.7533 -1.7884 6.2697, 2.7552 -1.7884 6.2649, -0.9996 -1.591 7.4409, -0.9988 -1.5909 7.4409, -0.999 -1.5902 7.446, -0.9954 -1.5895 7.4409, -0.9941 -1.5889 7.4409, -0.9944 -1.5883 7.446, -0.9918 -1.5871 7.4409, -0.99 -1.5858 7.4409, -0.9905 -1.5853 7.446, -0.9887 -1.584 7.4409, -0.9869 -1.5817 7.4409, -0.9875 -1.5814 7.446, -0.9863 -1.5803 7.4409, -0.9849 -1.577 7.4409, -0.9856 -1.5768 7.446, -0.9848 -1.5762 7.4409, -1.0026 -1.5768 7.46, -1.0014 -1.5814 7.458, -1.0003 -1.5853 7.4549, -0.9995 -1.5883 7.4508, -0.9875 -1.5763 7.4508, -0.9905 -1.5755 7.4549, -0.9944 -1.5744 7.458, -0.999 -1.5732 7.46, -0.9892 -1.5804 7.4508, -0.9919 -1.5788 7.4549, -0.9954 -1.5768 7.458, -0.9995 -1.5744 7.46, -0.9919 -1.5839 7.4508, -0.9941 -1.5817 7.4549, -0.997 -1.5788 7.458, -1.0003 -1.5755 7.46, -0.9954 -1.5866 7.4508, -0.997 -1.5839 7.4549, -0.999 -1.5804 7.458, -1.0014 -1.5763 7.46, -0.9697 0.3522 7.0676, -0.9744 0.3474 7.0696, -0.9785 0.3434 7.0727, -0.9816 0.3402 7.0768, -0.9802 0.3417 7.0746, -0.9841 0.3378 7.084, -0.9836 0.3383 7.0815, -0.9828 0.3391 7.0791, 2.7552 0.3573 7.0523, 2.7533 0.3573 7.0571, 2.7501 0.3573 7.0612, 2.7461 0.3573 7.0643, 2.7413 0.3573 7.0663, 2.7552 0.323 7.0866, 2.7552 0.323 7.4409, 2.7533 0.3277 7.0866, 2.7533 0.3277 7.4409, 2.7501 0.3318 7.0866, 2.7501 0.3318 7.4409, 2.7461 0.335 7.0866, 2.7461 0.335 7.4409, 2.7413 0.3369 7.0866, 2.7413 0.3369 7.4409, 2.7413 -1.6487 6.3367, 2.7413 -1.6896 6.3053, 2.7413 -1.7373 6.2856, 2.7552 -1.6053 6.3707, 2.7552 -1.5842 6.4217, 2.7533 -1.6094 6.373, 2.7533 -1.5887 6.4229, 2.7501 -1.6129 6.3751, 2.7501 -1.5927 6.4239, 2.7461 -1.6156 6.3766, 2.7461 -1.5957 6.4247, 2.7413 -1.6173 6.3776, 2.7413 -1.5976 6.4253, 2.7461 -1.7368 6.2837, 2.7501 -1.736 6.2807, 2.7533 -1.7349 6.2767, 2.7552 -1.7337 6.2721, 2.7461 -1.6886 6.3036, 2.7501 -1.6871 6.3009, 2.7533 -1.685 6.2974, 2.7552 -1.6827 6.2933, 2.7461 -1.6473 6.3353, 2.7501 -1.6451 6.3331, 2.7533 -1.6422 6.3302, 2.7552 -1.6389 6.3269, 2.7552 -1.577 6.4764, 2.7533 -1.5817 6.4764, 2.7501 -1.5858 6.4764, 2.7461 -1.5889 6.4764, 2.7413 -1.5909 6.4764, -0.9996 -1.5911 7.0866, -0.9954 -1.5896 7.0866, -0.9917 -1.5872 7.0866, -0.9885 -1.5841 7.0866, -0.9862 -1.5804 7.0866, -0.9847 -1.5762 7.0866, -0.9836 -1.5719 7.0815, -0.9816 -1.5719 7.0768, -0.9785 -1.5719 7.0727, -0.9744 -1.5719 7.0696, -0.9697 -1.5719 7.0676, 2.7552 0.3242 7.0777, 2.7533 0.3288 7.079, 2.7501 0.3327 7.08, 2.7461 0.3357 7.0808, 2.7413 0.3376 7.0813, 2.7362 0.3383 7.0815, 2.7552 0.3276 7.0695, 2.7533 0.3317 7.0719, 2.7501 0.3352 7.0739, 2.7461 0.3379 7.0755, 2.7413 0.3396 7.0764, 2.7362 0.3402 7.0768, 2.7552 0.333 7.0624, 2.7533 0.3364 7.0657, 2.7501 0.3393 7.0686, 2.7461 0.3415 7.0708, 2.7413 0.3429 7.0722, 2.7362 0.3434 7.0727, 2.7552 0.3401 7.0569, 2.7533 0.3425 7.061, 2.7501 0.3445 7.0646, 2.7461 0.3461 7.0673, 2.7413 0.3471 7.069, 2.7362 0.3474 7.0696, 2.7552 0.3484 7.0535, 2.7533 0.3496 7.0581, 2.7501 0.3507 7.062, 2.7461 0.3515 7.0651, 2.7413 0.352 7.067, 2.7362 0.3522 7.0676, 2.7362 0.3369 7.446, 2.7411 0.3363 7.446, 2.7411 0.3264 7.458, 2.7388 0.3223 7.46, 2.7398 0.3215 7.46, 2.7413 0.3179 7.46, 2.7411 0.3192 7.46, 2.7375 0.3228 7.46, 2.7388 0.3274 7.458, 2.7398 0.3314 7.4549, 2.7362 0.323 7.46, 2.7432 0.3249 7.458, 2.7406 0.3205 7.46, 2.7447 0.3228 7.458, 2.7457 0.3205 7.458, 2.7461 0.3179 7.458, 2.7362 0.3277 7.458, 2.7362 0.3318 7.4549, 2.7362 0.335 7.4508, 2.7432 0.33 7.4549, 2.7461 0.3277 7.4549, 2.7483 0.3249 7.4549, 2.7497 0.3215 7.4549, 2.7501 0.3179 7.4549, 2.7406 0.3344 7.4508, 2.7447 0.3327 7.4508, 2.7483 0.33 7.4508, 2.751 0.3264 7.4508, 2.7527 0.3223 7.4508, 2.7533 0.3179 7.4508, 2.7457 0.3344 7.446, 2.7497 0.3314 7.446, 2.7527 0.3274 7.446, 2.7546 0.3228 7.446, 2.7552 0.3179 7.446, 2.7413 -1.5719 7.46, 2.7461 -1.5719 7.458, 2.7501 -1.5719 7.4549, 2.7533 -1.5719 7.4508, 2.7552 -1.5719 7.446, 2.7552 -1.577 7.4409, 2.7533 -1.5817 7.4409, 2.7501 -1.5858 7.4409, 2.7461 -1.5889 7.4409, 2.7413 -1.5909 7.4409, -0.9841 -1.5762 7.0814, -0.9736 -1.5911 7.0528, -0.9646 -1.5911 7.0516, -0.9646 -1.5908 7.0523, -0.9725 -1.5896 7.0568, -0.9646 -1.5896 7.0558, -0.9646 -1.5888 7.057, -0.9716 -1.5872 7.0604, -0.9646 -1.5872 7.0595, -0.9646 -1.5857 7.0611, -0.9708 -1.5841 7.0635, -0.9984 -1.5911 7.0776, -0.9943 -1.5896 7.0786, -0.9907 -1.5872 7.0796, -0.9877 -1.5841 7.0804, -0.9855 -1.5804 7.081, -0.9949 -1.5911 7.0691, -0.9913 -1.5896 7.0712, -0.988 -1.5872 7.0731, -0.9853 -1.5841 7.0746, -0.9833 -1.5804 7.0758, -0.9893 -1.5911 7.0619, -0.9864 -1.5896 7.0648, -0.9837 -1.5872 7.0675, -0.9815 -1.5841 7.0697, -0.9799 -1.5804 7.0713, -0.9821 -1.5911 7.0563, -0.98 -1.5896 7.0599, -0.9781 -1.5872 7.0631, -0.9766 -1.5841 7.0658, -0.9754 -1.5804 7.0679, -0.9702 -1.5804 7.0657, -0.9646 -1.5841 7.0626, -0.9646 -1.5816 7.0642, -0.9646 -1.5804 7.065, -0.9646 -1.5769 7.0662, -0.982 -1.5762 7.0765, -0.9788 -1.5762 7.0723, -0.9747 -1.5762 7.0691, -0.9698 -1.5762 7.0671, -0.9646 -1.5762 7.0664, 0.9841 0.3377 7.0844, 0.9815 0.3403 7.0768, 0.9823 0.3395 7.0781, 0.9836 0.3383 7.0815, 0.9837 0.3381 7.0822, 0.9744 0.3475 7.0697, 0.9768 0.345 7.0712, 0.9784 0.3434 7.0728, 0.98 0.3419 7.0743, 0.9689 0.3529 7.0674, 0.9696 0.3522 7.0677, 0.9731 0.3487 7.0689, 0.9941 0.3277 7.458, 0.9954 0.3264 7.4586, 0.9988 0.323 7.46, 0.9996 0.3223 7.4601, 0.9885 0.3333 7.4532, 0.99 0.3318 7.4549, 0.9918 0.3301 7.4562, 0.9862 0.3356 7.4495, 0.987 0.3349 7.4507, 0.9844 0.3375 7.4431, 0.9847 0.3371 7.4453, 0.9849 0.3369 7.446, 2.7546 -1.5768 7.446, 2.7527 -1.5763 7.4508, 2.7457 -1.5744 7.458, 2.7411 -1.5732 7.46, 2.7406 -1.5744 7.46, 2.7375 -1.5768 7.46, 2.7362 -1.5762 7.4601, 2.7388 -1.5763 7.46, 2.7447 -1.5768 7.458, 2.7398 -1.5755 7.46, 2.7432 -1.5788 7.458, 2.7411 -1.5804 7.458, 2.7388 -1.5814 7.458, 2.7362 -1.577 7.46, 2.7362 -1.5803 7.4586, 2.7362 -1.5817 7.458, 2.7362 -1.584 7.4562, 2.7497 -1.5755 7.4549, 2.7483 -1.5788 7.4549, 2.7461 -1.5817 7.4549, 2.7432 -1.5839 7.4549, 2.7398 -1.5853 7.4549, 2.7362 -1.5858 7.4549, 2.751 -1.5804 7.4508, 2.7483 -1.5839 7.4508, 2.7447 -1.5866 7.4508, 2.7406 -1.5883 7.4508, 2.7362 -1.5871 7.4531, 2.7527 -1.5814 7.446, 2.7497 -1.5853 7.446, 2.7457 -1.5883 7.446, 2.7411 -1.5902 7.446, 2.7362 -1.5889 7.4508, 2.7362 -1.5895 7.4494, 2.7362 -1.5909 7.446, 2.7362 -1.591 7.4453, 0.9646 -1.5762 7.0664, 0.9646 -1.5769 7.0662, 0.9646 -1.5804 7.065, 0.9646 -1.5816 7.0642, 0.9646 -1.5841 7.0626, 0.9646 -1.5857 7.0611, 0.9646 -1.5872 7.0595, 0.9646 -1.5888 7.057, 0.9646 -1.5896 7.0558, 0.9646 -1.5908 7.0523, 0.9646 -1.5911 7.0516, 0.9689 -1.5719 7.0675, 0.9822 -1.5719 7.0781, 0.9816 -1.5719 7.0768, 0.9798 -1.5719 7.0744, 0.9785 -1.5719 7.0727, 0.9767 -1.5719 7.0714, 0.9744 -1.5719 7.0696, 0.9731 -1.5719 7.069, 0.9697 -1.5719 7.0676, 0.9837 -1.5719 7.0822, 0.9836 -1.5719 7.0815, 0.9847 -1.5719 7.4453, 0.9862 -1.5719 7.4495, 0.9885 -1.5719 7.4532, 0.9917 -1.5719 7.4563, 0.9954 -1.5719 7.4587, 0.9996 -1.5719 7.4601, 1.0039 -1.5896 7.4495, 1.0039 -1.5911 7.4453, 1.0039 -1.5872 7.4532, 1.0039 -1.5841 7.4563, 1.0039 -1.5804 7.4587, 1.0039 -1.5762 7.4601, 0.9841 -1.5762 7.0814, 0.982 -1.5762 7.0765, 0.9788 -1.5762 7.0723, 0.9747 -1.5762 7.0691, 0.9984 -1.5911 7.0776, 0.9736 -1.5911 7.0528, 0.9725 -1.5896 7.0568, 0.9996 -1.5911 7.0866, 0.9989 -1.5908 7.0866, 0.9943 -1.5896 7.0786, 0.9716 -1.5872 7.0604, 0.9954 -1.5896 7.0866, 0.9942 -1.5888 7.0866, 0.9907 -1.5872 7.0796, 0.9708 -1.5841 7.0635, 0.9917 -1.5872 7.0866, 0.9901 -1.5857 7.0866, 0.9877 -1.5841 7.0804, 0.9702 -1.5804 7.0657, 0.9885 -1.5841 7.0866, 0.987 -1.5816 7.0866, 0.9855 -1.5804 7.081, 0.9698 -1.5762 7.0671, 0.9754 -1.5804 7.0679, 0.9766 -1.5841 7.0658, 0.9781 -1.5872 7.0631, 0.98 -1.5896 7.0599, 0.9821 -1.5911 7.0563, 0.9799 -1.5804 7.0713, 0.9815 -1.5841 7.0697, 0.9837 -1.5872 7.0675, 0.9864 -1.5896 7.0648, 0.9893 -1.5911 7.0619, 0.9833 -1.5804 7.0758, 0.9853 -1.5841 7.0746, 0.988 -1.5872 7.0731, 0.9913 -1.5896 7.0712, 0.9949 -1.5911 7.0691, 0.9847 -1.5762 7.0866, 0.985 -1.5769 7.0866, 0.9862 -1.5804 7.0866, 0.9997 -1.5793 7.4587, 1.0017 -1.5757 7.4601, 1.0008 -1.575 7.4601, 1.0028 -1.5761 7.4601, 1.0017 -1.5801 7.4587, 1.0008 -1.5837 7.4563, 0.9988 -1.5909 7.4409, 0.999 -1.5904 7.4453, 0.9993 -1.589 7.4495, 1.0 -1.5867 7.4532, 0.9941 -1.5889 7.4409, 0.9943 -1.5885 7.4453, 0.9951 -1.5872 7.4495, 0.9962 -1.5852 7.4532, 0.9978 -1.5825 7.4563, 0.99 -1.5858 7.4409, 0.9904 -1.5854 7.4453, 0.9914 -1.5844 7.4495, 0.9931 -1.5827 7.4532, 0.9953 -1.5805 7.4563, 0.9979 -1.5779 7.4587, 0.9869 -1.5817 7.4409, 0.9873 -1.5815 7.4453, 0.9886 -1.5807 7.4495, 0.9906 -1.5796 7.4532, 0.9933 -1.578 7.4563, 0.9965 -1.5761 7.4587, 1.0001 -1.574 7.4601, 0.9997 -1.573 7.4601, 0.9957 -1.5741 7.4587, 0.9921 -1.575 7.4563, 0.9891 -1.5758 7.4532, 0.9868 -1.5764 7.4495, 0.9854 -1.5768 7.4453, 0.9849 -1.577 7.4409, 2.7362 2.2895 5.3852, 2.3819 2.2895 5.3852, 2.7362 2.2986 5.3705, 2.3819 2.2986 5.3705, 2.7362 2.3042 5.3541, 2.3819 2.3042 5.3541, 2.7413 2.3035 5.354, 2.7461 2.3016 5.3535, 2.7501 2.2986 5.3528, 2.7533 2.2946 5.352, 2.7552 2.29 5.3509, 2.7413 2.298 5.3702, 2.7461 2.2962 5.3693, 2.7501 2.2934 5.368, 2.7533 2.2897 5.3663, 2.7552 2.2854 5.3643, 2.7413 2.289 5.3848, 2.7461 2.2874 5.3836, 2.7501 2.285 5.3817, 2.7533 2.2818 5.3792, 2.7552 2.278 5.3763, -2.3819 2.2895 5.3852, -2.7362 2.2895 5.3852, -2.3819 2.2986 5.3705, -2.7362 2.2986 5.3705, -2.3819 2.3042 5.3541, -2.7362 2.3042 5.3541, -2.7413 2.289 5.3848, -2.7461 2.2874 5.3836, -2.7501 2.285 5.3817, -2.7533 2.2818 5.3792, -2.7552 2.278 5.3763, -2.7413 2.298 5.3702, -2.7461 2.2962 5.3693, -2.7501 2.2934 5.368, -2.7533 2.2897 5.3663, -2.7552 2.2854 5.3643, -2.7413 2.3035 5.354, -2.7461 2.3016 5.3535, -2.7501 2.2986 5.3528, -2.7533 2.2946 5.352, -2.7552 2.29 5.3509, 2.3819 2.2477 4.9043, 2.7362 2.2477 4.9043, 2.3819 2.2667 4.9121, 2.7362 2.2667 4.9121, 2.3819 2.283 4.9246, 2.7362 2.283 4.9246, 2.3819 2.2955 4.9409, 2.7362 2.2955 4.9409, 2.3819 2.3034 4.9599, 2.7362 2.3034 4.9599, 2.7413 2.2476 4.9049, 2.7461 2.2471 4.9068, 2.7501 2.2462 4.9098, 2.7533 2.2452 4.9138, 2.7552 2.244 4.9184, 2.7413 2.2664 4.9127, 2.7461 2.2654 4.9144, 2.7501 2.2638 4.9171, 2.7533 2.2618 4.9206, 2.7552 2.2594 4.9248, 2.7413 2.2826 4.9251, 2.7461 2.2812 4.9265, 2.7501 2.279 4.9287, 2.7533 2.2761 4.9316, 2.7552 2.2727 4.935, 2.7413 2.295 4.9413, 2.7461 2.2933 4.9423, 2.7501 2.2906 4.9438, 2.7533 2.287 4.9459, 2.7552 2.2829 4.9482, 2.7413 2.3028 4.9601, 2.7461 2.3009 4.9606, 2.7501 2.2978 4.9614, 2.7533 2.2939 4.9625, 2.7552 2.2893 4.9637, -2.7362 2.2477 4.9043, -2.3819 2.2477 4.9043, -2.7362 2.2667 4.9121, -2.3819 2.2667 4.9121, -2.7362 2.283 4.9246, -2.3819 2.283 4.9246, -2.7362 2.2955 4.9409, -2.3819 2.2955 4.9409, -2.7362 2.3034 4.9599, -2.3819 2.3034 4.9599, -2.7413 2.3028 4.9601, -2.7461 2.3009 4.9606, -2.7501 2.2978 4.9614, -2.7533 2.2939 4.9625, -2.7552 2.2893 4.9637, -2.7413 2.295 4.9413, -2.7461 2.2933 4.9423, -2.7501 2.2906 4.9438, -2.7533 2.287 4.9459, -2.7552 2.2829 4.9482, -2.7413 2.2826 4.9251, -2.7461 2.2812 4.9265, -2.7501 2.279 4.9287, -2.7533 2.2761 4.9316, -2.7552 2.2727 4.935, -2.7413 2.2664 4.9127, -2.7461 2.2654 4.9144, -2.7501 2.2638 4.9171, -2.7533 2.2618 4.9206, -2.7552 2.2594 4.9248, -2.7413 2.2476 4.9049, -2.7461 2.2471 4.9068, -2.7501 2.2462 4.9098, -2.7533 2.2452 4.9138, -2.7552 2.244 4.9184, -2.7552 2.244 4.9184
            ]
        }
        coordIndex [
            0,1,2,-1,3,4,5,-1,5,4,6,-1,5,6,7,-1,0,2,5,-1,5,2,8,-1,5,8,9,-1,9,10,5,-1,5,10,11,-1,5,11,12,-1,12,13,5,-1,5,13,14,-1,5,14,3,-1,15,16,17,-1,18,19,20,-1,20,19,21,-1,20,21,22,-1,15,17,20,-1,20,17,23,-1,20,23,24,-1,24,25,20,-1,20,25,26,-1,20,26,27,-1,27,28,20,-1,20,28,29,-1,20,29,18,-1,30,31,32,-1,32,33,30,-1,30,33,34,-1,30,34,35,-1,36,37,38,-1,38,37,39,-1,38,39,31,-1,40,41,42,-1,43,44,45,-1,46,47,37,-1,42,46,40,-1,40,46,37,-1,40,37,48,-1,48,37,36,-1,48,36,49,-1,49,36,50,-1,51,52,53,-1,53,52,54,-1,53,54,55,-1,56,57,53,-1,53,57,58,-1,59,60,61,-1,61,60,62,-1,58,63,53,-1,53,63,62,-1,53,62,64,-1,64,62,60,-1,44,65,45,-1,45,65,39,-1,45,39,66,-1,66,39,67,-1,66,67,68,-1,68,67,69,-1,70,71,72,-1,72,71,73,-1,72,73,74,-1,55,75,53,-1,53,75,76,-1,53,76,56,-1,45,77,71,-1,78,79,73,-1,73,79,80,-1,73,80,74,-1,70,81,71,-1,71,81,82,-1,71,82,45,-1,45,82,83,-1,45,83,43,-1,65,84,39,-1,39,84,85,-1,39,85,86,-1,86,87,39,-1,39,87,88,-1,39,88,31,-1,31,88,89,-1,31,89,32,-1,32,89,90,-1,32,90,53,-1,53,90,91,-1,53,91,51,-1,92,93,94,-1,93,95,94,-1,94,95,96,-1,94,96,97,-1,97,98,94,-1,94,98,99,-1,94,99,100,-1,100,99,101,-1,100,101,102,-1,47,30,37,-1,37,30,35,-1,37,35,94,-1,94,35,103,-1,94,103,92,-1,92,103,104,-1,92,104,69,-1,69,104,78,-1,69,78,68,-1,68,78,73,-1,105,106,107,-1,107,106,108,-1,101,109,102,-1,102,109,110,-1,102,110,111,-1,112,113,37,-1,39,114,115,-1,115,114,116,-1,115,116,117,-1,118,119,37,-1,37,119,120,-1,37,120,39,-1,39,120,121,-1,122,123,114,-1,114,123,124,-1,125,126,127,-1,121,128,39,-1,39,128,129,-1,39,129,114,-1,114,129,130,-1,114,130,122,-1,127,131,125,-1,125,131,132,-1,125,132,133,-1,133,118,125,-1,125,118,37,-1,125,37,134,-1,134,37,113,-1,134,113,135,-1,135,113,136,-1,124,137,114,-1,114,137,138,-1,114,138,125,-1,125,138,139,-1,125,139,126,-1,105,107,140,-1,140,107,141,-1,140,141,94,-1,94,141,142,-1,94,142,143,-1,143,144,94,-1,94,144,145,-1,94,145,146,-1,116,112,117,-1,117,112,37,-1,117,37,147,-1,147,37,94,-1,147,94,148,-1,148,94,146,-1,149,150,151,-1,152,153,154,-1,155,156,157,-1,152,158,153,-1,153,158,159,-1,153,159,160,-1,161,162,154,-1,154,162,163,-1,154,163,152,-1,106,105,164,-1,164,105,140,-1,164,140,157,-1,157,140,165,-1,157,165,155,-1,156,166,157,-1,157,166,167,-1,157,167,168,-1,168,167,153,-1,168,153,169,-1,169,153,160,-1,149,151,154,-1,154,151,170,-1,154,170,161,-1,171,172,173,-1,171,173,174,-1,174,173,175,-1,174,175,176,-1,177,178,179,-1,179,178,180,-1,179,180,181,-1,181,182,179,-1,179,182,100,-1,179,100,183,-1,183,100,102,-1,183,102,111,-1,176,184,174,-1,174,184,185,-1,174,185,186,-1,186,185,187,-1,186,187,188,-1,177,179,171,-1,171,179,189,-1,171,189,190,-1,190,191,171,-1,171,191,192,-1,171,192,172,-1,193,194,195,-1,195,194,196,-1,195,196,197,-1,196,198,197,-1,197,198,199,-1,197,199,200,-1,200,199,201,-1,202,203,204,-1,204,203,205,-1,204,205,201,-1,201,205,206,-1,201,206,200,-1,207,202,208,-1,208,202,204,-1,208,204,209,-1,209,204,210,-1,209,210,211,-1,211,210,212,-1,213,214,215,-1,215,214,216,-1,215,216,217,-1,217,216,196,-1,217,196,218,-1,218,196,194,-1,219,212,220,-1,220,212,210,-1,220,210,221,-1,221,210,222,-1,223,210,224,-1,224,210,204,-1,224,204,225,-1,225,204,226,-1,225,226,227,-1,227,226,222,-1,227,222,223,-1,223,222,210,-1,228,229,230,-1,230,229,226,-1,230,226,231,-1,231,226,204,-1,231,204,232,-1,232,204,201,-1,232,201,228,-1,228,201,229,-1,233,234,235,-1,235,234,229,-1,235,229,236,-1,236,229,201,-1,236,201,237,-1,237,201,199,-1,237,199,233,-1,233,199,234,-1,238,199,239,-1,239,199,198,-1,239,198,240,-1,240,198,241,-1,240,241,242,-1,242,241,234,-1,242,234,238,-1,238,234,199,-1,243,198,244,-1,244,198,196,-1,244,196,245,-1,245,196,246,-1,245,246,247,-1,247,246,241,-1,247,241,243,-1,243,241,198,-1,248,196,249,-1,249,196,216,-1,249,216,250,-1,250,216,251,-1,250,251,252,-1,252,251,246,-1,252,246,248,-1,248,246,196,-1,193,253,194,-1,194,253,254,-1,194,254,218,-1,255,214,256,-1,256,214,213,-1,207,257,202,-1,202,257,258,-1,202,258,203,-1,219,259,212,-1,212,259,260,-1,212,260,211,-1,261,262,263,-1,263,262,264,-1,263,264,265,-1,265,264,266,-1,267,263,268,-1,268,263,265,-1,268,265,269,-1,269,265,270,-1,269,270,271,-1,271,270,272,-1,271,272,267,-1,267,272,263,-1,273,274,275,-1,275,274,276,-1,277,278,273,-1,273,278,279,-1,273,279,274,-1,274,279,280,-1,274,280,281,-1,276,282,283,-1,283,282,284,-1,283,284,285,-1,276,283,275,-1,275,283,286,-1,275,286,287,-1,288,289,290,-1,291,292,293,-1,294,295,296,-1,296,295,297,-1,294,298,295,-1,295,298,299,-1,295,299,300,-1,300,299,291,-1,300,291,301,-1,301,291,293,-1,295,277,297,-1,297,277,273,-1,297,273,302,-1,302,273,303,-1,302,303,304,-1,287,286,290,-1,290,286,305,-1,290,305,288,-1,306,307,308,-1,306,308,309,-1,304,303,308,-1,308,303,310,-1,308,310,309,-1,311,312,313,-1,311,313,314,-1,312,315,316,-1,317,318,313,-1,319,313,320,-1,320,313,321,-1,312,316,313,-1,313,316,322,-1,313,322,317,-1,323,324,318,-1,319,325,313,-1,313,325,326,-1,313,326,314,-1,327,328,329,-1,327,329,330,-1,321,331,320,-1,320,331,332,-1,320,332,333,-1,333,332,334,-1,333,334,335,-1,323,318,329,-1,329,318,336,-1,329,336,330,-1,337,313,338,-1,338,313,318,-1,338,318,339,-1,339,318,324,-1,337,340,313,-1,313,340,341,-1,313,341,342,-1,343,344,345,-1,345,344,346,-1,341,347,342,-1,342,347,344,-1,342,344,348,-1,348,344,343,-1,349,350,351,-1,351,350,352,-1,353,354,355,-1,355,354,356,-1,357,358,359,-1,359,358,360,-1,361,362,363,-1,363,362,364,-1,365,366,367,-1,367,366,368,-1,369,370,371,-1,371,370,372,-1,373,374,367,-1,367,374,375,-1,367,375,376,-1,377,378,372,-1,372,378,379,-1,372,379,380,-1,368,381,367,-1,367,381,382,-1,367,382,373,-1,376,383,367,-1,367,383,384,-1,367,384,372,-1,372,384,385,-1,372,385,377,-1,386,371,387,-1,387,371,372,-1,387,372,388,-1,388,372,380,-1,389,390,391,-1,391,390,392,-1,391,392,393,-1,393,392,394,-1,394,22,395,-1,396,397,393,-1,393,397,398,-1,393,398,16,-1,394,395,393,-1,393,395,399,-1,393,399,400,-1,400,401,393,-1,393,401,402,-1,393,402,403,-1,403,404,393,-1,393,404,405,-1,393,405,396,-1,406,407,408,-1,408,407,409,-1,410,411,412,-1,412,411,413,-1,414,415,416,-1,416,415,417,-1,416,417,418,-1,418,417,419,-1,420,421,418,-1,418,421,422,-1,418,422,1,-1,419,7,423,-1,419,423,418,-1,418,423,424,-1,418,424,425,-1,426,427,418,-1,418,427,428,-1,418,428,420,-1,425,429,418,-1,418,429,430,-1,418,430,426,-1,431,432,256,-1,256,432,254,-1,433,434,435,-1,435,434,255,-1,436,437,257,-1,257,437,258,-1,438,439,259,-1,259,439,436,-1,259,436,260,-1,260,436,257,-1,260,257,440,-1,440,257,441,-1,442,443,444,-1,444,443,445,-1,444,445,446,-1,446,447,444,-1,444,447,448,-1,444,448,449,-1,449,448,450,-1,449,450,451,-1,451,452,449,-1,449,452,453,-1,449,453,454,-1,258,437,444,-1,444,437,455,-1,444,455,442,-1,255,256,435,-1,435,256,254,-1,435,254,456,-1,456,254,253,-1,456,253,457,-1,457,253,449,-1,457,449,458,-1,458,449,454,-1,459,460,461,-1,461,460,462,-1,463,464,465,-1,465,464,466,-1,467,468,469,-1,469,468,470,-1,195,449,193,-1,193,449,253,-1,195,197,449,-1,449,197,200,-1,449,200,444,-1,444,200,206,-1,444,206,205,-1,203,258,205,-1,205,258,444,-1,471,472,221,-1,259,219,438,-1,438,219,220,-1,438,220,473,-1,473,220,221,-1,473,221,474,-1,474,221,472,-1,475,360,370,-1,370,360,358,-1,370,358,372,-1,372,358,476,-1,372,476,221,-1,221,476,477,-1,221,477,471,-1,478,479,480,-1,475,370,480,-1,480,370,481,-1,480,481,478,-1,482,483,251,-1,483,484,251,-1,251,484,485,-1,251,485,367,-1,214,255,216,-1,216,255,434,-1,216,434,251,-1,251,434,486,-1,251,486,482,-1,487,488,365,-1,485,489,367,-1,367,489,462,-1,367,462,365,-1,365,462,460,-1,365,460,487,-1,488,490,365,-1,365,490,491,-1,365,491,492,-1,246,251,367,-1,221,222,372,-1,372,222,226,-1,226,229,372,-1,372,229,234,-1,372,234,367,-1,367,234,241,-1,367,241,246,-1,493,494,467,-1,467,494,468,-1,465,466,495,-1,495,466,496,-1,497,498,499,-1,186,188,499,-1,498,497,500,-1,500,497,501,-1,500,501,502,-1,497,503,504,-1,499,188,497,-1,497,188,505,-1,497,505,503,-1,356,506,355,-1,355,506,507,-1,507,506,508,-1,508,506,497,-1,508,497,509,-1,504,510,497,-1,497,510,511,-1,497,511,509,-1,499,502,186,-1,186,502,501,-1,186,501,174,-1,512,513,514,-1,515,516,517,-1,517,516,518,-1,517,518,149,-1,149,518,519,-1,149,519,150,-1,513,520,514,-1,514,520,521,-1,514,521,515,-1,521,522,515,-1,515,522,523,-1,515,523,516,-1,516,523,524,-1,516,524,525,-1,525,524,526,-1,525,526,519,-1,519,526,527,-1,519,527,150,-1,512,514,528,-1,528,514,529,-1,528,529,530,-1,531,517,532,-1,532,517,533,-1,532,533,534,-1,534,533,535,-1,534,535,536,-1,536,535,515,-1,536,515,531,-1,531,515,517,-1,537,533,538,-1,538,533,539,-1,538,539,540,-1,540,539,541,-1,540,541,542,-1,542,541,535,-1,542,535,537,-1,537,535,533,-1,543,539,544,-1,544,539,545,-1,544,545,546,-1,546,545,547,-1,546,547,548,-1,548,547,541,-1,548,541,543,-1,543,541,539,-1,549,545,550,-1,550,545,501,-1,550,501,551,-1,551,501,497,-1,551,497,552,-1,552,497,547,-1,552,547,549,-1,549,547,545,-1,174,501,553,-1,553,501,545,-1,553,545,554,-1,554,545,539,-1,554,539,555,-1,555,539,533,-1,555,533,556,-1,556,533,517,-1,556,517,557,-1,557,517,149,-1,557,149,154,-1,530,558,528,-1,528,558,559,-1,528,559,512,-1,560,561,562,-1,562,561,563,-1,562,563,564,-1,564,563,565,-1,564,565,566,-1,566,565,567,-1,566,567,568,-1,568,567,569,-1,568,569,570,-1,570,569,571,-1,570,571,572,-1,572,571,573,-1,572,573,574,-1,574,573,575,-1,574,575,576,-1,576,575,577,-1,576,577,578,-1,578,577,579,-1,578,579,580,-1,580,579,581,-1,580,581,582,-1,582,581,583,-1,582,583,584,-1,584,583,585,-1,584,585,586,-1,586,585,587,-1,586,587,588,-1,588,587,589,-1,588,589,590,-1,590,589,591,-1,590,591,592,-1,592,591,593,-1,592,593,594,-1,594,593,595,-1,594,595,596,-1,596,595,597,-1,596,597,598,-1,598,597,599,-1,598,599,600,-1,600,599,601,-1,600,601,602,-1,602,601,603,-1,602,603,604,-1,604,603,605,-1,604,605,606,-1,606,605,607,-1,606,607,560,-1,560,607,561,-1,608,609,610,-1,610,609,611,-1,610,611,612,-1,613,614,610,-1,610,614,615,-1,610,615,608,-1,616,617,610,-1,610,617,618,-1,610,618,613,-1,619,620,610,-1,610,620,621,-1,610,621,616,-1,622,623,610,-1,610,623,624,-1,610,624,619,-1,625,626,610,-1,610,626,627,-1,610,627,622,-1,628,629,610,-1,610,629,630,-1,610,630,625,-1,612,631,610,-1,610,631,632,-1,610,632,628,-1,633,634,635,-1,635,634,636,-1,635,636,637,-1,637,636,638,-1,637,638,639,-1,639,638,640,-1,639,640,641,-1,641,640,642,-1,641,642,643,-1,643,642,644,-1,643,644,645,-1,645,644,646,-1,645,646,647,-1,647,646,648,-1,647,648,649,-1,649,648,650,-1,649,650,651,-1,651,650,652,-1,651,652,653,-1,653,652,654,-1,653,654,655,-1,655,654,656,-1,655,656,657,-1,657,656,658,-1,657,658,659,-1,659,658,660,-1,659,660,661,-1,661,660,662,-1,661,662,663,-1,663,662,664,-1,663,664,665,-1,665,664,666,-1,665,666,667,-1,667,666,668,-1,667,668,669,-1,669,668,670,-1,669,670,671,-1,671,670,672,-1,671,672,673,-1,673,672,674,-1,673,674,675,-1,675,674,676,-1,675,676,677,-1,677,676,678,-1,677,678,679,-1,679,678,680,-1,679,680,633,-1,633,680,634,-1,681,682,683,-1,683,682,684,-1,683,684,685,-1,686,687,683,-1,683,687,688,-1,683,688,681,-1,689,690,683,-1,683,690,691,-1,683,691,686,-1,692,693,683,-1,683,693,694,-1,683,694,689,-1,695,696,683,-1,683,696,697,-1,683,697,692,-1,698,699,683,-1,683,699,700,-1,683,700,695,-1,701,702,683,-1,683,702,703,-1,683,703,698,-1,685,704,683,-1,683,704,705,-1,683,705,701,-1,500,252,498,-1,498,252,248,-1,498,248,499,-1,499,248,249,-1,499,249,502,-1,502,249,250,-1,502,250,500,-1,500,250,252,-1,549,247,552,-1,552,247,243,-1,552,243,551,-1,551,243,244,-1,551,244,550,-1,550,244,245,-1,550,245,549,-1,549,245,247,-1,531,230,536,-1,536,230,231,-1,536,231,534,-1,534,231,232,-1,534,232,532,-1,532,232,228,-1,532,228,531,-1,531,228,230,-1,537,235,542,-1,542,235,236,-1,542,236,540,-1,540,236,237,-1,540,237,538,-1,538,237,233,-1,538,233,537,-1,537,233,235,-1,543,242,548,-1,548,242,238,-1,548,238,546,-1,546,238,239,-1,546,239,544,-1,544,239,240,-1,544,240,543,-1,543,240,242,-1,519,227,525,-1,525,227,223,-1,525,223,516,-1,516,223,224,-1,516,224,518,-1,518,224,225,-1,518,225,519,-1,519,225,227,-1,460,459,706,-1,460,706,487,-1,487,706,707,-1,487,707,488,-1,488,707,708,-1,488,708,490,-1,490,708,709,-1,490,709,491,-1,491,709,710,-1,491,710,492,-1,492,710,366,-1,492,366,365,-1,439,438,711,-1,711,438,473,-1,711,473,712,-1,712,473,474,-1,472,713,474,-1,474,713,714,-1,474,714,712,-1,471,715,472,-1,472,715,716,-1,472,716,713,-1,477,717,471,-1,471,717,718,-1,471,718,715,-1,476,719,477,-1,477,719,720,-1,477,720,717,-1,358,357,476,-1,476,357,721,-1,476,721,719,-1,486,434,433,-1,433,722,486,-1,486,722,723,-1,486,723,482,-1,723,724,482,-1,482,724,725,-1,482,725,483,-1,725,726,483,-1,483,726,727,-1,483,727,484,-1,727,728,484,-1,484,728,729,-1,484,729,485,-1,729,730,485,-1,485,730,731,-1,485,731,489,-1,489,731,732,-1,489,732,462,-1,462,732,461,-1,359,360,475,-1,359,475,733,-1,733,475,480,-1,733,480,734,-1,734,480,479,-1,734,479,735,-1,735,479,478,-1,735,478,736,-1,736,478,481,-1,736,481,737,-1,737,481,370,-1,737,370,369,-1,303,273,738,-1,303,738,739,-1,739,738,740,-1,739,740,741,-1,741,740,742,-1,741,742,743,-1,743,742,744,-1,743,744,745,-1,745,744,746,-1,745,746,747,-1,747,746,368,-1,747,368,366,-1,7,419,748,-1,749,5,7,-1,7,748,749,-1,749,748,750,-1,749,750,751,-1,751,750,752,-1,751,752,753,-1,753,752,754,-1,753,754,755,-1,755,754,756,-1,755,756,757,-1,757,756,273,-1,757,273,275,-1,366,710,747,-1,747,710,758,-1,747,758,745,-1,745,758,759,-1,745,759,743,-1,743,759,760,-1,743,760,741,-1,741,760,761,-1,741,761,739,-1,739,761,762,-1,739,762,303,-1,303,762,310,-1,710,709,758,-1,758,709,763,-1,758,763,759,-1,759,763,764,-1,759,764,760,-1,760,764,765,-1,760,765,761,-1,761,765,766,-1,761,766,762,-1,762,766,767,-1,762,767,310,-1,310,767,309,-1,709,708,763,-1,763,708,768,-1,763,768,764,-1,764,768,769,-1,764,769,765,-1,765,769,770,-1,765,770,766,-1,766,770,771,-1,766,771,767,-1,767,771,772,-1,767,772,309,-1,309,772,306,-1,708,707,768,-1,768,707,773,-1,768,773,769,-1,769,773,774,-1,769,774,770,-1,770,774,775,-1,770,775,771,-1,771,775,776,-1,771,776,772,-1,772,776,777,-1,772,777,306,-1,306,777,307,-1,707,706,773,-1,773,706,778,-1,773,778,774,-1,774,778,779,-1,774,779,775,-1,775,779,780,-1,775,780,776,-1,776,780,781,-1,776,781,777,-1,777,781,782,-1,777,782,307,-1,307,782,308,-1,706,459,778,-1,778,459,783,-1,778,783,779,-1,779,783,784,-1,779,784,780,-1,780,784,785,-1,780,785,781,-1,781,785,786,-1,781,786,782,-1,782,786,787,-1,782,787,308,-1,308,787,304,-1,352,350,788,-1,352,788,789,-1,789,788,790,-1,789,790,791,-1,791,790,792,-1,791,792,793,-1,793,792,794,-1,793,794,795,-1,795,794,796,-1,795,796,797,-1,797,796,286,-1,797,286,283,-1,459,461,798,-1,459,798,783,-1,783,798,799,-1,783,799,784,-1,784,799,800,-1,784,800,785,-1,785,800,801,-1,785,801,786,-1,786,801,802,-1,786,802,787,-1,787,802,302,-1,787,302,304,-1,803,804,354,-1,354,804,805,-1,354,805,356,-1,806,807,808,-1,808,807,809,-1,808,809,803,-1,803,809,810,-1,803,810,804,-1,808,811,806,-1,806,811,812,-1,806,812,813,-1,813,812,814,-1,813,814,815,-1,815,814,276,-1,815,276,274,-1,728,727,816,-1,726,725,817,-1,291,299,818,-1,818,299,819,-1,820,821,819,-1,819,821,822,-1,819,822,818,-1,823,824,820,-1,820,824,825,-1,820,825,821,-1,826,827,823,-1,823,827,828,-1,823,828,824,-1,829,830,831,-1,831,830,832,-1,831,832,826,-1,826,832,833,-1,826,833,827,-1,296,297,834,-1,834,297,835,-1,834,835,836,-1,836,835,837,-1,836,837,838,-1,838,837,839,-1,838,839,840,-1,840,839,841,-1,840,841,842,-1,842,841,843,-1,433,829,722,-1,722,829,831,-1,722,831,723,-1,723,831,724,-1,725,724,817,-1,817,724,831,-1,817,831,844,-1,844,831,826,-1,844,826,845,-1,845,826,823,-1,845,823,846,-1,846,823,820,-1,846,820,847,-1,847,820,819,-1,847,819,298,-1,298,819,299,-1,727,726,816,-1,816,726,817,-1,816,817,848,-1,848,817,844,-1,848,844,849,-1,849,844,845,-1,849,845,850,-1,850,845,846,-1,850,846,851,-1,851,846,847,-1,851,847,294,-1,294,847,298,-1,294,296,851,-1,851,296,834,-1,851,834,850,-1,850,834,836,-1,850,836,849,-1,849,836,838,-1,849,838,848,-1,848,838,840,-1,848,840,816,-1,816,840,842,-1,816,842,728,-1,728,842,729,-1,297,302,835,-1,835,302,802,-1,835,802,837,-1,837,802,801,-1,837,801,839,-1,839,801,800,-1,839,800,841,-1,841,800,799,-1,841,799,843,-1,843,799,798,-1,843,798,461,-1,461,732,843,-1,843,732,731,-1,843,731,842,-1,842,731,730,-1,842,730,729,-1,274,281,852,-1,274,852,815,-1,815,852,853,-1,815,853,813,-1,813,853,854,-1,813,854,806,-1,855,809,854,-1,854,809,807,-1,854,807,806,-1,856,506,356,-1,356,805,856,-1,856,805,804,-1,856,804,855,-1,855,804,810,-1,855,810,809,-1,319,320,857,-1,319,857,858,-1,858,857,859,-1,858,859,860,-1,860,859,861,-1,860,861,862,-1,862,861,863,-1,862,863,864,-1,864,863,865,-1,864,865,866,-1,866,865,409,-1,866,409,407,-1,16,15,867,-1,868,393,16,-1,16,867,868,-1,868,867,869,-1,868,869,870,-1,870,869,871,-1,870,871,872,-1,872,871,873,-1,872,873,874,-1,874,873,875,-1,874,875,876,-1,876,875,321,-1,876,321,313,-1,435,877,433,-1,433,877,829,-1,829,877,830,-1,830,877,878,-1,830,878,832,-1,832,878,879,-1,832,879,833,-1,833,879,880,-1,833,880,827,-1,827,880,881,-1,827,881,828,-1,828,881,882,-1,828,882,824,-1,824,882,883,-1,824,883,825,-1,825,883,884,-1,825,884,821,-1,821,884,885,-1,821,885,822,-1,822,885,886,-1,822,886,818,-1,886,887,818,-1,818,887,292,-1,818,292,291,-1,413,411,888,-1,413,888,889,-1,889,888,890,-1,889,890,891,-1,891,890,892,-1,891,892,893,-1,893,892,894,-1,893,894,895,-1,895,894,896,-1,895,896,897,-1,897,896,293,-1,897,293,292,-1,293,896,898,-1,899,900,901,-1,411,902,903,-1,901,900,411,-1,904,411,900,-1,904,900,905,-1,905,900,899,-1,905,899,906,-1,888,411,904,-1,907,908,909,-1,909,908,903,-1,909,903,910,-1,910,903,902,-1,910,902,911,-1,888,904,890,-1,890,904,905,-1,890,905,892,-1,892,905,906,-1,892,906,894,-1,912,907,913,-1,913,907,909,-1,913,909,914,-1,914,909,910,-1,914,910,915,-1,915,910,911,-1,915,911,916,-1,917,912,918,-1,918,912,913,-1,918,913,919,-1,919,913,914,-1,919,914,920,-1,920,914,915,-1,920,915,921,-1,921,915,916,-1,921,916,922,-1,896,917,898,-1,898,917,918,-1,898,918,923,-1,923,918,919,-1,923,919,924,-1,924,919,920,-1,924,920,925,-1,925,920,921,-1,925,921,926,-1,926,921,922,-1,926,922,927,-1,293,898,928,-1,928,898,923,-1,928,923,929,-1,929,923,924,-1,929,924,930,-1,930,924,925,-1,930,925,931,-1,931,925,926,-1,931,926,932,-1,932,926,927,-1,932,927,494,-1,908,411,903,-1,896,894,917,-1,917,894,906,-1,917,906,912,-1,912,906,899,-1,912,899,907,-1,907,899,901,-1,907,901,908,-1,908,901,411,-1,933,934,935,-1,936,937,938,-1,938,937,264,-1,939,264,937,-1,940,264,941,-1,942,264,940,-1,943,944,936,-1,936,944,945,-1,936,945,937,-1,937,945,946,-1,937,946,939,-1,947,948,949,-1,949,948,942,-1,949,942,950,-1,950,942,940,-1,950,940,951,-1,941,952,940,-1,940,952,953,-1,940,953,951,-1,951,953,954,-1,951,954,955,-1,935,947,956,-1,956,947,949,-1,956,949,957,-1,957,949,950,-1,957,950,958,-1,958,950,951,-1,958,951,959,-1,959,951,955,-1,959,955,960,-1,961,962,963,-1,963,962,933,-1,933,935,963,-1,963,935,956,-1,963,956,964,-1,964,956,957,-1,964,957,965,-1,965,957,958,-1,965,958,966,-1,966,958,959,-1,966,959,967,-1,967,959,960,-1,967,960,968,-1,969,970,971,-1,971,970,961,-1,961,963,971,-1,971,963,964,-1,971,964,972,-1,972,964,965,-1,972,965,973,-1,973,965,966,-1,973,966,974,-1,974,966,967,-1,974,967,975,-1,948,264,942,-1,934,943,935,-1,935,943,936,-1,935,936,947,-1,947,936,938,-1,947,938,948,-1,948,938,264,-1,852,281,969,-1,968,976,967,-1,967,976,977,-1,967,977,975,-1,975,977,978,-1,975,978,979,-1,969,971,852,-1,852,971,972,-1,852,972,853,-1,853,972,973,-1,853,973,854,-1,854,973,974,-1,854,974,855,-1,855,974,975,-1,855,975,856,-1,856,975,979,-1,856,979,506,-1,312,311,980,-1,312,980,981,-1,981,980,982,-1,981,982,983,-1,983,982,984,-1,983,984,985,-1,986,987,984,-1,984,987,988,-1,984,988,985,-1,989,558,530,-1,530,990,989,-1,989,990,991,-1,989,991,986,-1,986,991,992,-1,986,992,987,-1,371,993,369,-1,369,993,994,-1,994,993,995,-1,995,993,996,-1,995,996,997,-1,997,996,998,-1,998,996,999,-1,998,999,1000,-1,1001,1002,999,-1,999,1002,1003,-1,999,1003,1000,-1,1004,1005,1006,-1,1006,1005,1007,-1,1006,1007,1001,-1,1001,1007,1008,-1,1001,1008,1002,-1,1006,1009,1004,-1,1004,1009,313,-1,1004,313,342,-1,887,886,1010,-1,885,884,1011,-1,883,882,1012,-1,881,880,1013,-1,1014,413,1015,-1,1016,1017,1015,-1,1015,1017,1018,-1,1015,1018,1014,-1,1019,1020,1016,-1,1016,1020,1021,-1,1016,1021,1017,-1,1022,1023,1019,-1,1019,1023,1024,-1,1019,1024,1020,-1,1025,1026,1027,-1,1027,1026,1028,-1,1027,1028,1022,-1,1022,1028,1029,-1,1022,1029,1023,-1,435,1025,877,-1,877,1025,1027,-1,877,1027,878,-1,878,1027,879,-1,880,879,1013,-1,1013,879,1027,-1,1013,1027,1030,-1,1030,1027,1022,-1,1030,1022,1031,-1,1031,1022,1019,-1,1031,1019,1032,-1,1032,1019,1016,-1,1032,1016,1033,-1,1033,1016,1015,-1,1033,1015,413,-1,882,881,1012,-1,1012,881,1013,-1,1012,1013,1034,-1,1034,1013,1030,-1,1034,1030,1035,-1,1035,1030,1031,-1,1035,1031,1036,-1,1036,1031,1032,-1,1036,1032,1037,-1,1037,1032,1033,-1,1037,1033,413,-1,884,883,1011,-1,1011,883,1012,-1,1011,1012,1038,-1,1038,1012,1034,-1,1038,1034,1039,-1,1039,1034,1035,-1,1039,1035,1040,-1,1040,1035,1036,-1,1040,1036,1041,-1,1041,1036,1037,-1,1041,1037,413,-1,886,885,1010,-1,1010,885,1011,-1,1010,1011,1042,-1,1042,1011,1038,-1,1042,1038,1043,-1,1043,1038,1039,-1,1043,1039,1044,-1,1044,1039,1040,-1,1044,1040,1045,-1,1045,1040,1041,-1,1045,1041,413,-1,292,887,897,-1,897,887,1010,-1,897,1010,895,-1,895,1010,1042,-1,895,1042,893,-1,893,1042,1043,-1,893,1043,891,-1,891,1043,1044,-1,891,1044,889,-1,889,1044,1045,-1,889,1045,413,-1,468,494,1046,-1,1046,494,927,-1,922,1047,927,-1,927,1047,1048,-1,927,1048,1046,-1,1049,1050,922,-1,922,1050,1051,-1,922,1051,1047,-1,922,916,1049,-1,1049,916,911,-1,1049,911,1052,-1,1052,911,902,-1,1052,902,1053,-1,1053,902,411,-1,1053,411,410,-1,494,493,1054,-1,494,1054,932,-1,932,1054,1055,-1,932,1055,931,-1,931,1055,1056,-1,931,1056,930,-1,930,1056,1057,-1,930,1057,929,-1,929,1057,1058,-1,929,1058,928,-1,928,1058,301,-1,928,301,293,-1,264,939,266,-1,266,939,1059,-1,1059,939,1060,-1,1060,939,946,-1,1060,946,1061,-1,1061,946,945,-1,1061,945,1062,-1,1062,945,944,-1,1062,944,1063,-1,1063,944,943,-1,1063,943,1064,-1,1064,943,934,-1,1064,934,1065,-1,1065,934,933,-1,1065,933,1066,-1,1066,933,962,-1,1066,962,1067,-1,1067,962,961,-1,1067,961,1068,-1,1068,961,970,-1,1068,970,1069,-1,970,969,1069,-1,1069,969,281,-1,1069,281,280,-1,264,262,1070,-1,1071,979,1072,-1,1072,979,978,-1,1072,978,1073,-1,1073,978,977,-1,1073,977,1074,-1,1074,977,976,-1,1074,976,1075,-1,1075,976,968,-1,1075,968,1076,-1,1076,968,960,-1,1076,960,1077,-1,1077,960,955,-1,1077,955,1078,-1,1078,955,954,-1,1078,954,1079,-1,1079,954,953,-1,1079,953,1080,-1,1080,953,952,-1,1080,952,1070,-1,1070,952,941,-1,1070,941,264,-1,529,514,1071,-1,1071,514,515,-1,497,506,979,-1,515,535,1071,-1,1071,535,541,-1,1071,541,979,-1,979,541,547,-1,979,547,497,-1,530,529,990,-1,990,529,1081,-1,990,1081,991,-1,991,1081,992,-1,992,1081,1082,-1,992,1082,987,-1,987,1082,988,-1,988,1082,1083,-1,988,1083,985,-1,985,1083,1084,-1,985,1084,983,-1,983,1084,1085,-1,983,1085,981,-1,981,1085,315,-1,981,315,312,-1,369,994,737,-1,737,994,1086,-1,994,995,1086,-1,1086,995,997,-1,1086,997,1087,-1,997,998,1087,-1,1087,998,1000,-1,1087,1000,1088,-1,1000,1003,1088,-1,1088,1003,1002,-1,1088,1002,1089,-1,359,733,1090,-1,1090,733,1091,-1,1090,1091,1092,-1,1092,1091,1093,-1,1092,1093,1094,-1,1094,1093,1095,-1,1094,1095,1096,-1,1096,1095,1097,-1,1096,1097,1098,-1,1098,1097,1099,-1,1098,1099,347,-1,733,734,1091,-1,1091,734,1100,-1,1091,1100,1093,-1,1093,1100,1101,-1,1093,1101,1095,-1,1095,1101,1102,-1,1095,1102,1097,-1,1097,1102,1103,-1,1097,1103,1099,-1,1099,1103,1104,-1,734,735,1100,-1,1100,735,1105,-1,1100,1105,1101,-1,1101,1105,1106,-1,1101,1106,1102,-1,1102,1106,1107,-1,1102,1107,1103,-1,1103,1107,1108,-1,1103,1108,1104,-1,1104,1108,1109,-1,735,736,1105,-1,1105,736,1110,-1,1105,1110,1106,-1,1106,1110,1111,-1,1106,1111,1107,-1,1107,1111,1112,-1,1107,1112,1108,-1,1108,1112,1113,-1,1108,1113,1109,-1,1109,1113,1114,-1,736,737,1110,-1,1110,737,1086,-1,1110,1086,1111,-1,1111,1086,1087,-1,1111,1087,1112,-1,1112,1087,1088,-1,1112,1088,1113,-1,1113,1088,1089,-1,1113,1089,1114,-1,1114,1089,1115,-1,1002,1008,1089,-1,1089,1008,1007,-1,1089,1007,1115,-1,1115,1007,1005,-1,1115,1005,1004,-1,347,1099,344,-1,344,1099,1104,-1,344,1104,346,-1,346,1104,1109,-1,346,1109,345,-1,345,1109,1114,-1,345,1114,343,-1,343,1114,1115,-1,343,1115,348,-1,348,1115,1004,-1,348,1004,342,-1,456,1116,435,-1,435,1116,1025,-1,1025,1116,1026,-1,1026,1116,1117,-1,1026,1117,1028,-1,1028,1117,1118,-1,1028,1118,1029,-1,1029,1118,1119,-1,1029,1119,1023,-1,1023,1119,1120,-1,1023,1120,1024,-1,1024,1120,1121,-1,1024,1121,1020,-1,1020,1121,1122,-1,1020,1122,1021,-1,1021,1122,1123,-1,1021,1123,1017,-1,1017,1123,1124,-1,1017,1124,1018,-1,1018,1124,1125,-1,1018,1125,1014,-1,1125,1126,1014,-1,1014,1126,412,-1,1014,412,413,-1,410,412,1127,-1,410,1127,1053,-1,1053,1127,1128,-1,1053,1128,1052,-1,1052,1128,1129,-1,1052,1129,1049,-1,1049,1129,1050,-1,1050,1129,1130,-1,1050,1130,1051,-1,1051,1130,1047,-1,1047,1130,1131,-1,1047,1131,1048,-1,1048,1131,1046,-1,1046,1131,470,-1,1046,470,468,-1,280,279,1069,-1,1069,279,1132,-1,1069,1132,1068,-1,1068,1132,1067,-1,1067,1132,1133,-1,1067,1133,1066,-1,1066,1133,1065,-1,1065,1133,1134,-1,1065,1134,1064,-1,1064,1134,1063,-1,1063,1134,1135,-1,1063,1135,1062,-1,1062,1135,1061,-1,1061,1135,1136,-1,1061,1136,1060,-1,1060,1136,1059,-1,1059,1136,1137,-1,1059,1137,266,-1,279,278,1132,-1,1132,278,1138,-1,1132,1138,1133,-1,1133,1138,1139,-1,1133,1139,1134,-1,1134,1139,1140,-1,1134,1140,1135,-1,1135,1140,1141,-1,1135,1141,1136,-1,1136,1141,1142,-1,1136,1142,1137,-1,1137,1142,1143,-1,278,277,1138,-1,1138,277,1144,-1,1138,1144,1139,-1,1139,1144,1145,-1,1139,1145,1140,-1,1140,1145,1146,-1,1140,1146,1141,-1,1141,1146,1147,-1,1141,1147,1142,-1,1142,1147,1148,-1,1142,1148,1143,-1,1143,1148,1149,-1,277,295,1144,-1,1144,295,1150,-1,1144,1150,1145,-1,1145,1150,1151,-1,1145,1151,1146,-1,1146,1151,1152,-1,1146,1152,1147,-1,1147,1152,1153,-1,1147,1153,1148,-1,1148,1153,1154,-1,1148,1154,1149,-1,1149,1154,1155,-1,295,300,1150,-1,1150,300,1156,-1,1150,1156,1151,-1,1151,1156,1157,-1,1151,1157,1152,-1,1152,1157,1158,-1,1152,1158,1153,-1,1153,1158,1159,-1,1153,1159,1154,-1,1154,1159,1160,-1,1154,1160,1155,-1,1155,1160,1161,-1,300,301,1156,-1,1156,301,1058,-1,1156,1058,1157,-1,1157,1058,1057,-1,1157,1057,1158,-1,1158,1057,1056,-1,1158,1056,1159,-1,1159,1056,1055,-1,1159,1055,1160,-1,1160,1055,1054,-1,1160,1054,1161,-1,1161,1054,493,-1,1073,1074,1162,-1,1075,1076,1163,-1,1164,1165,1166,-1,262,1167,1168,-1,1166,1165,262,-1,1070,262,1165,-1,1077,1078,1164,-1,1164,1078,1079,-1,1164,1079,1165,-1,1165,1079,1080,-1,1165,1080,1070,-1,1169,1170,1171,-1,1171,1170,1168,-1,1171,1168,1172,-1,1172,1168,1167,-1,1172,1167,1173,-1,1076,1077,1163,-1,1163,1077,1164,-1,1163,1164,1174,-1,1174,1164,1166,-1,1174,1166,1175,-1,1175,1166,262,-1,1176,1169,1177,-1,1177,1169,1171,-1,1177,1171,1178,-1,1178,1171,1172,-1,1178,1172,1179,-1,1179,1172,1173,-1,1179,1173,1180,-1,1162,1176,1181,-1,1181,1176,1177,-1,1181,1177,1182,-1,1182,1177,1178,-1,1182,1178,1183,-1,1183,1178,1179,-1,1183,1179,1184,-1,1184,1179,1180,-1,1184,1180,1185,-1,1071,1072,1186,-1,1186,1072,1073,-1,1073,1162,1186,-1,1186,1162,1181,-1,1186,1181,1187,-1,1187,1181,1182,-1,1187,1182,1188,-1,1188,1182,1183,-1,1188,1183,1189,-1,1189,1183,1184,-1,1189,1184,1190,-1,1190,1184,1185,-1,1190,1185,1191,-1,1081,529,1071,-1,1071,1186,1081,-1,1081,1186,1187,-1,1081,1187,1082,-1,1082,1187,1188,-1,1082,1188,1083,-1,1083,1188,1189,-1,1083,1189,1084,-1,1084,1189,1190,-1,1084,1190,1085,-1,1085,1190,1191,-1,1085,1191,315,-1,1170,262,1168,-1,1074,1075,1162,-1,1162,1075,1163,-1,1162,1163,1176,-1,1176,1163,1174,-1,1176,1174,1169,-1,1169,1174,1175,-1,1169,1175,1170,-1,1170,1175,262,-1,357,359,1090,-1,357,1090,1192,-1,1192,1090,1092,-1,1192,1092,1193,-1,1193,1092,1094,-1,1193,1094,1194,-1,1194,1094,1096,-1,1194,1096,1195,-1,1195,1096,1098,-1,1195,1098,1196,-1,1196,1098,347,-1,1196,347,341,-1,1197,1198,1199,-1,1200,1201,1202,-1,1203,1204,1205,-1,1206,1207,1208,-1,1209,1210,1211,-1,1212,470,1131,-1,1213,412,1126,-1,1126,1125,1213,-1,1213,1125,1124,-1,1213,1124,1214,-1,1124,1123,1214,-1,1214,1123,1122,-1,1214,1122,1215,-1,1215,1122,1121,-1,1215,1121,1216,-1,1216,1121,1120,-1,1120,1119,1216,-1,1216,1119,1118,-1,1216,1118,1199,-1,1210,1212,1211,-1,1211,1212,1131,-1,1211,1131,1217,-1,1217,1131,1130,-1,1217,1130,1218,-1,1218,1130,1129,-1,1218,1129,1219,-1,1219,1129,1128,-1,1219,1128,1220,-1,1220,1128,1127,-1,1220,1127,412,-1,1207,1209,1208,-1,1208,1209,1211,-1,1208,1211,1221,-1,1221,1211,1217,-1,1221,1217,1222,-1,1222,1217,1218,-1,1222,1218,1223,-1,1223,1218,1219,-1,1223,1219,1224,-1,1224,1219,1220,-1,1224,1220,412,-1,1204,1206,1205,-1,1205,1206,1208,-1,1205,1208,1225,-1,1225,1208,1221,-1,1225,1221,1226,-1,1226,1221,1222,-1,1226,1222,1227,-1,1227,1222,1223,-1,1227,1223,1228,-1,1228,1223,1224,-1,1228,1224,412,-1,1201,1203,1202,-1,1202,1203,1205,-1,1202,1205,1229,-1,1229,1205,1225,-1,1229,1225,1230,-1,1230,1225,1226,-1,1230,1226,1231,-1,1231,1226,1227,-1,1231,1227,1232,-1,1232,1227,1228,-1,1232,1228,412,-1,1198,1200,1199,-1,1199,1200,1202,-1,1199,1202,1216,-1,1216,1202,1229,-1,1216,1229,1215,-1,1215,1229,1230,-1,1215,1230,1214,-1,1214,1230,1231,-1,1214,1231,1213,-1,1213,1231,1232,-1,1213,1232,412,-1,456,1197,1116,-1,1116,1197,1199,-1,1116,1199,1117,-1,1117,1199,1118,-1,265,266,1137,-1,265,1137,1233,-1,1233,1137,1143,-1,1233,1143,1234,-1,1234,1143,1149,-1,1234,1149,1235,-1,1155,1236,1149,-1,1149,1236,1237,-1,1149,1237,1235,-1,1161,493,467,-1,467,1238,1161,-1,1161,1238,1239,-1,1161,1239,1155,-1,1155,1239,1240,-1,1155,1240,1236,-1,316,315,1191,-1,316,1191,1241,-1,1241,1191,1185,-1,1241,1185,1242,-1,1242,1185,1180,-1,1242,1180,1243,-1,1243,1180,1173,-1,1243,1173,1244,-1,1244,1173,1167,-1,1244,1167,1245,-1,1245,1167,262,-1,1245,262,261,-1,328,327,1246,-1,328,1246,1247,-1,1247,1246,1248,-1,1247,1248,1249,-1,1249,1248,1250,-1,1249,1250,1251,-1,1251,1250,1252,-1,1251,1252,1253,-1,1253,1252,1254,-1,1253,1254,1255,-1,1255,1254,495,-1,1255,495,496,-1,716,715,1256,-1,718,717,1257,-1,720,719,1258,-1,721,357,1192,-1,339,324,1259,-1,1259,324,1260,-1,1259,1260,1261,-1,1261,1260,1262,-1,1261,1262,1263,-1,1263,1262,1264,-1,1263,1264,1265,-1,1265,1264,1266,-1,1265,1266,1267,-1,1267,1266,1268,-1,719,721,1258,-1,1258,721,1192,-1,1258,1192,1269,-1,1269,1192,1193,-1,1269,1193,1270,-1,1270,1193,1194,-1,1270,1194,1271,-1,1271,1194,1195,-1,1271,1195,1272,-1,1272,1195,1196,-1,1272,1196,340,-1,340,1196,341,-1,717,720,1257,-1,1257,720,1258,-1,1257,1258,1273,-1,1273,1258,1269,-1,1273,1269,1274,-1,1274,1269,1270,-1,1274,1270,1275,-1,1275,1270,1271,-1,1275,1271,1276,-1,1276,1271,1272,-1,1276,1272,337,-1,337,1272,340,-1,715,718,1256,-1,1256,718,1257,-1,1256,1257,1277,-1,1277,1257,1273,-1,1277,1273,1278,-1,1278,1273,1274,-1,1278,1274,1279,-1,1279,1274,1275,-1,1279,1275,1280,-1,1280,1275,1276,-1,1280,1276,338,-1,338,1276,337,-1,338,339,1280,-1,1280,339,1259,-1,1280,1259,1279,-1,1279,1259,1261,-1,1279,1261,1278,-1,1278,1261,1263,-1,1278,1263,1277,-1,1277,1263,1265,-1,1277,1265,1256,-1,1256,1265,1267,-1,1256,1267,716,-1,716,1267,713,-1,324,323,1260,-1,1260,323,1281,-1,1260,1281,1262,-1,1262,1281,1282,-1,1262,1282,1264,-1,1264,1282,1283,-1,1264,1283,1266,-1,1266,1283,1284,-1,1266,1284,1268,-1,1268,1284,1285,-1,1268,1285,439,-1,439,711,1268,-1,1268,711,712,-1,1268,712,1267,-1,1267,712,714,-1,1267,714,713,-1,457,1286,456,-1,456,1286,1197,-1,1197,1286,1198,-1,1198,1286,1287,-1,1198,1287,1200,-1,1200,1287,1201,-1,1201,1287,1288,-1,1201,1288,1203,-1,1203,1288,1204,-1,1204,1288,1289,-1,1204,1289,1206,-1,1212,1210,1290,-1,1290,1210,1209,-1,1290,1209,1289,-1,1289,1209,1207,-1,1289,1207,1206,-1,1290,1291,1212,-1,1212,1291,469,-1,1212,469,470,-1,1292,1239,469,-1,469,1239,1238,-1,469,1238,467,-1,1235,1237,1293,-1,1293,1237,1236,-1,1293,1236,1292,-1,1292,1236,1240,-1,1292,1240,1239,-1,1293,1294,1235,-1,1235,1294,1295,-1,1235,1295,1234,-1,1234,1295,1296,-1,1234,1296,1233,-1,1233,1296,270,-1,1233,270,265,-1,327,330,1246,-1,1246,330,1297,-1,1246,1297,1248,-1,1248,1297,1298,-1,1248,1298,1250,-1,1250,1298,1299,-1,1250,1299,1252,-1,1252,1299,1300,-1,1252,1300,1254,-1,1254,1300,1301,-1,1254,1301,495,-1,495,1301,1302,-1,330,336,1297,-1,1297,336,1303,-1,1297,1303,1298,-1,1298,1303,1304,-1,1298,1304,1299,-1,1299,1304,1305,-1,1299,1305,1300,-1,1300,1305,1306,-1,1300,1306,1301,-1,1301,1306,1307,-1,1301,1307,1302,-1,1302,1307,1308,-1,336,318,1303,-1,1303,318,1309,-1,1303,1309,1304,-1,1304,1309,1310,-1,1304,1310,1305,-1,1305,1310,1311,-1,1305,1311,1306,-1,1306,1311,1312,-1,1306,1312,1307,-1,1307,1312,1313,-1,1307,1313,1308,-1,1308,1313,1314,-1,318,317,1309,-1,1309,317,1315,-1,1309,1315,1310,-1,1310,1315,1316,-1,1310,1316,1311,-1,1311,1316,1317,-1,1311,1317,1312,-1,1312,1317,1318,-1,1312,1318,1313,-1,1313,1318,1319,-1,1313,1319,1314,-1,1314,1319,1320,-1,317,322,1315,-1,1315,322,1321,-1,1315,1321,1316,-1,1316,1321,1322,-1,1316,1322,1317,-1,1317,1322,1323,-1,1317,1323,1318,-1,1318,1323,1324,-1,1318,1324,1319,-1,1319,1324,1325,-1,1319,1325,1320,-1,1320,1325,1326,-1,322,316,1321,-1,1321,316,1241,-1,1321,1241,1322,-1,1322,1241,1242,-1,1322,1242,1323,-1,1323,1242,1243,-1,1323,1243,1324,-1,1324,1243,1244,-1,1324,1244,1325,-1,1325,1244,1245,-1,1325,1245,1326,-1,1326,1245,261,-1,496,1327,1328,-1,1329,1330,1331,-1,362,1332,1333,-1,1331,1330,362,-1,1334,362,1330,-1,1334,1330,1335,-1,1335,1330,1329,-1,1335,1329,1336,-1,1337,362,1334,-1,1338,1339,1340,-1,1340,1339,1333,-1,1340,1333,1341,-1,1341,1333,1332,-1,1341,1332,1342,-1,1337,1334,1343,-1,1343,1334,1335,-1,1343,1335,1344,-1,1344,1335,1336,-1,1344,1336,1345,-1,1346,1338,1347,-1,1347,1338,1340,-1,1347,1340,1348,-1,1348,1340,1341,-1,1348,1341,1349,-1,1349,1341,1342,-1,1349,1342,1350,-1,1351,1346,1352,-1,1352,1346,1347,-1,1352,1347,1353,-1,1353,1347,1348,-1,1353,1348,1354,-1,1354,1348,1349,-1,1354,1349,1355,-1,1355,1349,1350,-1,1355,1350,1356,-1,1327,1351,1328,-1,1328,1351,1352,-1,1328,1352,1357,-1,1357,1352,1353,-1,1357,1353,1358,-1,1358,1353,1354,-1,1358,1354,1359,-1,1359,1354,1355,-1,1359,1355,1360,-1,1360,1355,1356,-1,1360,1356,1361,-1,496,1328,1255,-1,1255,1328,1357,-1,1255,1357,1253,-1,1253,1357,1358,-1,1253,1358,1251,-1,1251,1358,1359,-1,1251,1359,1249,-1,1249,1359,1360,-1,1249,1360,1247,-1,1247,1360,1361,-1,1247,1361,328,-1,1339,362,1333,-1,1327,1345,1351,-1,1351,1345,1336,-1,1351,1336,1346,-1,1346,1336,1329,-1,1346,1329,1338,-1,1338,1329,1331,-1,1338,1331,1339,-1,1339,1331,362,-1,362,361,1362,-1,362,1362,1332,-1,1332,1362,1363,-1,1332,1363,1342,-1,1342,1363,1364,-1,1342,1364,1350,-1,1350,1364,1365,-1,1350,1365,1356,-1,1356,1365,1366,-1,1356,1366,1361,-1,1361,1366,329,-1,1361,329,328,-1,323,329,1367,-1,323,1367,1281,-1,1281,1367,1368,-1,1281,1368,1282,-1,1282,1368,1369,-1,1282,1369,1283,-1,1283,1369,1370,-1,1283,1370,1284,-1,1284,1370,1371,-1,1284,1371,1285,-1,1285,1371,436,-1,1285,436,439,-1,469,1291,1372,-1,1373,451,450,-1,450,1374,1373,-1,1373,1374,1375,-1,1373,1375,1376,-1,1375,1377,1376,-1,1376,1377,1378,-1,1376,1378,1379,-1,1378,1380,1379,-1,1379,1380,1381,-1,1379,1381,1382,-1,457,458,1286,-1,1286,458,1383,-1,1286,1383,1287,-1,1287,1383,1384,-1,1287,1384,1288,-1,1288,1384,1385,-1,1288,1385,1289,-1,1289,1385,1386,-1,1289,1386,1290,-1,1290,1386,1387,-1,1290,1387,1291,-1,458,454,1383,-1,1383,454,1388,-1,1383,1388,1384,-1,1384,1388,1389,-1,1384,1389,1385,-1,1385,1389,1390,-1,1385,1390,1386,-1,1386,1390,1391,-1,1386,1391,1387,-1,1387,1391,1392,-1,454,453,1388,-1,1388,453,1393,-1,1388,1393,1389,-1,1389,1393,1394,-1,1389,1394,1390,-1,1390,1394,1395,-1,1390,1395,1391,-1,1391,1395,1396,-1,1391,1396,1392,-1,1392,1396,1397,-1,453,452,1393,-1,1393,452,1398,-1,1393,1398,1394,-1,1394,1398,1399,-1,1394,1399,1395,-1,1395,1399,1400,-1,1395,1400,1396,-1,1396,1400,1401,-1,1396,1401,1397,-1,1397,1401,1402,-1,452,451,1398,-1,1398,451,1373,-1,1398,1373,1399,-1,1399,1373,1376,-1,1399,1376,1400,-1,1400,1376,1379,-1,1400,1379,1401,-1,1401,1379,1382,-1,1401,1382,1402,-1,1402,1382,1403,-1,1381,1404,1382,-1,1382,1404,1405,-1,1382,1405,1403,-1,1403,1405,1406,-1,1403,1406,1407,-1,1291,1387,1372,-1,1372,1387,1392,-1,1372,1392,1408,-1,1408,1392,1397,-1,1408,1397,1409,-1,1409,1397,1402,-1,1409,1402,1410,-1,1410,1402,1403,-1,1410,1403,1411,-1,1411,1403,1407,-1,1411,1407,1412,-1,469,1372,1292,-1,1292,1372,1408,-1,1292,1408,1293,-1,1293,1408,1409,-1,1293,1409,1294,-1,1294,1409,1410,-1,1294,1410,1295,-1,1295,1410,1411,-1,1295,1411,1296,-1,1296,1411,1412,-1,1296,1412,270,-1,1413,465,495,-1,1302,1308,1414,-1,1414,1415,1302,-1,1302,1415,1416,-1,1302,1416,495,-1,495,1416,1417,-1,495,1417,1413,-1,1314,1320,1418,-1,1418,1419,1314,-1,1314,1419,1420,-1,1314,1420,1308,-1,1308,1420,1421,-1,1308,1421,1414,-1,1326,261,263,-1,263,1422,1326,-1,1326,1422,1423,-1,1326,1423,1320,-1,1320,1423,1424,-1,1320,1424,1418,-1,1337,1343,1425,-1,1425,1426,1337,-1,1337,1426,1427,-1,1337,1427,362,-1,362,1427,1428,-1,362,1428,364,-1,1345,1429,1344,-1,1344,1429,1430,-1,1344,1430,1343,-1,1343,1430,1431,-1,1343,1431,1425,-1,1327,1432,1345,-1,1345,1432,1433,-1,1345,1433,1429,-1,466,1434,496,-1,496,1434,1435,-1,496,1435,1327,-1,1327,1435,1436,-1,1327,1436,1432,-1,329,1366,1437,-1,1366,1365,1438,-1,1439,1440,1441,-1,1441,1440,361,-1,1362,361,1440,-1,1442,361,1443,-1,1444,361,1442,-1,1362,1440,1363,-1,1363,1440,1439,-1,1363,1439,1364,-1,1445,1446,1447,-1,1447,1446,1444,-1,1447,1444,1448,-1,1448,1444,1442,-1,1448,1442,1449,-1,1443,1450,1442,-1,1442,1450,1451,-1,1442,1451,1449,-1,1449,1451,1452,-1,1449,1452,1453,-1,1454,1445,1455,-1,1455,1445,1447,-1,1455,1447,1456,-1,1456,1447,1448,-1,1456,1448,1457,-1,1457,1448,1449,-1,1457,1449,1458,-1,1458,1449,1453,-1,1458,1453,1459,-1,1365,1454,1438,-1,1438,1454,1455,-1,1438,1455,1460,-1,1460,1455,1456,-1,1460,1456,1461,-1,1461,1456,1457,-1,1461,1457,1462,-1,1462,1457,1458,-1,1462,1458,1463,-1,1463,1458,1459,-1,1463,1459,1464,-1,1366,1438,1437,-1,1437,1438,1460,-1,1437,1460,1465,-1,1465,1460,1461,-1,1465,1461,1466,-1,1466,1461,1462,-1,1466,1462,1467,-1,1467,1462,1463,-1,1467,1463,1468,-1,1446,361,1444,-1,1365,1364,1454,-1,1454,1364,1439,-1,1454,1439,1445,-1,1445,1439,1441,-1,1445,1441,1446,-1,1446,1441,361,-1,1464,1469,1463,-1,1463,1469,1470,-1,1463,1470,1468,-1,1468,1470,1471,-1,1468,1471,1472,-1,329,1437,1367,-1,1367,1437,1465,-1,1367,1465,1368,-1,1368,1465,1466,-1,1368,1466,1369,-1,1369,1466,1467,-1,1369,1467,1370,-1,1370,1467,1468,-1,1370,1468,1371,-1,1371,1468,1472,-1,1371,1472,436,-1,272,270,1473,-1,1473,270,1412,-1,1473,1412,1474,-1,1474,1412,1407,-1,1474,1407,1475,-1,1475,1407,1406,-1,1475,1406,1476,-1,1476,1406,1405,-1,1476,1405,1477,-1,1477,1405,1404,-1,1477,1404,1478,-1,1478,1404,1381,-1,1478,1381,1479,-1,1479,1381,1380,-1,1479,1380,1480,-1,1480,1380,1378,-1,1480,1378,1481,-1,1481,1378,1377,-1,1481,1377,1482,-1,1482,1377,1375,-1,1482,1375,1483,-1,1483,1375,1374,-1,1483,1374,448,-1,448,1374,450,-1,263,272,1484,-1,1417,1416,1485,-1,1485,1416,1415,-1,1485,1415,1486,-1,1486,1415,1414,-1,1486,1414,1487,-1,1487,1414,1421,-1,1487,1421,1488,-1,1488,1421,1420,-1,1488,1420,1489,-1,1489,1420,1419,-1,1489,1419,1490,-1,1490,1419,1418,-1,1490,1418,1491,-1,1491,1418,1424,-1,1491,1424,1492,-1,1492,1424,1423,-1,1492,1423,1484,-1,1484,1423,1422,-1,1484,1422,263,-1,1493,463,465,-1,1485,1494,1417,-1,1417,1494,1493,-1,1417,1493,1413,-1,1413,1493,465,-1,466,464,1434,-1,1434,464,1495,-1,1434,1495,1435,-1,1435,1495,1436,-1,1436,1495,1496,-1,1436,1496,1432,-1,1432,1496,1433,-1,1433,1496,1497,-1,1433,1497,1429,-1,1498,1431,1497,-1,1497,1431,1430,-1,1497,1430,1429,-1,1428,1427,1499,-1,1499,1427,1426,-1,1499,1426,1498,-1,1498,1426,1425,-1,1498,1425,1431,-1,1499,1500,1428,-1,1428,1500,363,-1,1428,363,364,-1,1501,1502,1472,-1,1472,1502,437,-1,1472,437,436,-1,1472,1471,1501,-1,1501,1471,1470,-1,1501,1470,1503,-1,1470,1469,1503,-1,1503,1469,1464,-1,1503,1464,1504,-1,1504,1464,1459,-1,1459,1453,1504,-1,1504,1453,1452,-1,1504,1452,1505,-1,1452,1451,1505,-1,1505,1451,1450,-1,1505,1450,1506,-1,1450,1443,1506,-1,1506,1443,361,-1,1506,361,363,-1,1493,1494,1507,-1,1485,1486,1508,-1,1487,1488,1509,-1,1489,1490,1510,-1,1511,442,455,-1,448,447,1483,-1,1483,447,1512,-1,1483,1512,1482,-1,1482,1512,1513,-1,1482,1513,1481,-1,455,1514,1511,-1,1511,1514,1515,-1,1511,1515,1516,-1,1481,1513,1480,-1,1480,1513,1517,-1,1480,1517,1479,-1,1515,1518,1516,-1,1516,1518,1519,-1,1516,1519,1520,-1,1479,1517,1478,-1,1478,1517,1521,-1,1478,1521,1477,-1,1519,1522,1520,-1,1520,1522,1523,-1,1520,1523,1524,-1,1477,1521,1476,-1,1476,1521,1525,-1,1476,1525,1475,-1,1523,1526,1524,-1,1524,1526,1527,-1,1524,1527,1528,-1,1491,1492,1529,-1,1529,1492,1484,-1,1475,1525,1474,-1,1474,1525,1529,-1,1474,1529,1473,-1,1473,1529,1484,-1,1473,1484,272,-1,1490,1491,1510,-1,1510,1491,1529,-1,1510,1529,1530,-1,1530,1529,1525,-1,1530,1525,1531,-1,1531,1525,1521,-1,1531,1521,1532,-1,1532,1521,1517,-1,1532,1517,1533,-1,1533,1517,1513,-1,1533,1513,1534,-1,1534,1513,1512,-1,1534,1512,446,-1,446,1512,447,-1,1488,1489,1509,-1,1509,1489,1510,-1,1509,1510,1535,-1,1535,1510,1530,-1,1535,1530,1536,-1,1536,1530,1531,-1,1536,1531,1537,-1,1537,1531,1532,-1,1537,1532,1538,-1,1538,1532,1533,-1,1538,1533,1539,-1,1539,1533,1534,-1,1539,1534,445,-1,445,1534,446,-1,1486,1487,1508,-1,1508,1487,1509,-1,1508,1509,1540,-1,1540,1509,1535,-1,1540,1535,1541,-1,1541,1535,1536,-1,1541,1536,1542,-1,1542,1536,1537,-1,1542,1537,1543,-1,1543,1537,1538,-1,1543,1538,1544,-1,1544,1538,1539,-1,1544,1539,443,-1,443,1539,445,-1,1494,1485,1507,-1,1507,1485,1508,-1,1507,1508,1528,-1,1528,1508,1540,-1,1528,1540,1524,-1,1524,1540,1541,-1,1524,1541,1520,-1,1520,1541,1542,-1,1520,1542,1516,-1,1516,1542,1543,-1,1516,1543,1511,-1,1511,1543,1544,-1,1511,1544,442,-1,442,1544,443,-1,463,1493,1545,-1,1545,1493,1507,-1,1545,1507,1546,-1,1546,1507,1528,-1,1546,1528,1547,-1,1547,1528,1527,-1,1548,1549,1550,-1,1550,1549,363,-1,1551,363,1549,-1,1551,1549,1552,-1,1552,1549,1548,-1,1552,1548,1553,-1,1506,363,1551,-1,1506,1551,1505,-1,1505,1551,1552,-1,1505,1552,1504,-1,1504,1552,1553,-1,1504,1553,1503,-1,1554,437,1555,-1,1555,437,1502,-1,1555,1502,1556,-1,1556,1502,1501,-1,1556,1501,1557,-1,1558,1554,1559,-1,1559,1554,1555,-1,1559,1555,1560,-1,1560,1555,1556,-1,1560,1556,1561,-1,1561,1556,1557,-1,1561,1557,1562,-1,1563,1558,1564,-1,1564,1558,1559,-1,1564,1559,1565,-1,1565,1559,1560,-1,1565,1560,1566,-1,1566,1560,1561,-1,1566,1561,1567,-1,1567,1561,1562,-1,1567,1562,1568,-1,1569,1563,1570,-1,1570,1563,1564,-1,1570,1564,1571,-1,1571,1564,1565,-1,1571,1565,1572,-1,1572,1565,1566,-1,1572,1566,1573,-1,1573,1566,1567,-1,1573,1567,1574,-1,1574,1567,1568,-1,1574,1568,1575,-1,1575,1576,1574,-1,1574,1576,1577,-1,1574,1577,1573,-1,1573,1577,1578,-1,1573,1578,1572,-1,1572,1578,1579,-1,1572,1579,1571,-1,1571,1579,1580,-1,1571,1580,1570,-1,1570,1580,1581,-1,1570,1581,1569,-1,1569,1581,1582,-1,464,1582,1495,-1,1495,1582,1581,-1,1495,1581,1496,-1,1496,1581,1580,-1,1496,1580,1497,-1,1497,1580,1579,-1,1497,1579,1498,-1,1498,1579,1578,-1,1498,1578,1499,-1,1499,1578,1577,-1,1499,1577,1500,-1,1500,1577,1576,-1,1500,1576,363,-1,1575,363,1576,-1,1501,1503,1557,-1,1557,1503,1553,-1,1557,1553,1562,-1,1562,1553,1548,-1,1562,1548,1568,-1,1568,1548,1550,-1,1568,1550,1575,-1,1575,1550,363,-1,1514,455,437,-1,1514,437,1515,-1,1515,437,1554,-1,1515,1554,1518,-1,1518,1554,1519,-1,1519,1554,1558,-1,1519,1558,1522,-1,1522,1558,1563,-1,1522,1563,1523,-1,1523,1563,1526,-1,1526,1563,1569,-1,1526,1569,1527,-1,1527,1569,1547,-1,1547,1569,1582,-1,1547,1582,1546,-1,1546,1582,1545,-1,1545,1582,464,-1,1545,464,463,-1,559,558,1583,-1,559,1583,1584,-1,1584,1583,1585,-1,1584,1585,1586,-1,1586,1585,1587,-1,1586,1587,1588,-1,1588,1587,407,-1,1588,407,406,-1,407,1587,866,-1,866,1587,1589,-1,866,1589,864,-1,864,1589,1590,-1,864,1590,862,-1,862,1590,1591,-1,862,1591,860,-1,860,1591,1592,-1,860,1592,858,-1,858,1592,1593,-1,858,1593,319,-1,319,1593,325,-1,1587,1585,1589,-1,1589,1585,1594,-1,1589,1594,1590,-1,1590,1594,1595,-1,1590,1595,1591,-1,1591,1595,1596,-1,1591,1596,1592,-1,1592,1596,1597,-1,1592,1597,1593,-1,1593,1597,1598,-1,1593,1598,325,-1,325,1598,326,-1,1585,1583,1594,-1,1594,1583,1599,-1,1594,1599,1595,-1,1595,1599,1600,-1,1595,1600,1596,-1,1596,1600,1601,-1,1596,1601,1597,-1,1597,1601,1602,-1,1597,1602,1598,-1,1598,1602,1603,-1,1598,1603,326,-1,326,1603,314,-1,1583,558,1599,-1,1599,558,989,-1,1599,989,1600,-1,1600,989,986,-1,1600,986,1601,-1,1601,986,984,-1,1601,984,1602,-1,1602,984,982,-1,1602,982,1603,-1,1603,982,980,-1,1603,980,314,-1,314,980,311,-1,354,353,1604,-1,354,1604,1605,-1,1605,1604,1606,-1,1605,1606,1607,-1,1607,1606,1608,-1,1607,1608,1609,-1,1609,1608,351,-1,1609,351,352,-1,354,1605,803,-1,803,1605,1610,-1,803,1610,808,-1,808,1610,1611,-1,808,1611,811,-1,811,1611,1612,-1,811,1612,812,-1,812,1612,1613,-1,812,1613,814,-1,814,1613,1614,-1,814,1614,276,-1,276,1614,282,-1,1605,1607,1610,-1,1610,1607,1615,-1,1610,1615,1611,-1,1611,1615,1616,-1,1611,1616,1612,-1,1612,1616,1617,-1,1612,1617,1613,-1,1613,1617,1618,-1,1613,1618,1614,-1,1614,1618,1619,-1,1614,1619,282,-1,282,1619,284,-1,1607,1609,1615,-1,1615,1609,1620,-1,1615,1620,1616,-1,1616,1620,1621,-1,1616,1621,1617,-1,1617,1621,1622,-1,1617,1622,1618,-1,1618,1622,1623,-1,1618,1623,1619,-1,1619,1623,1624,-1,1619,1624,284,-1,284,1624,285,-1,1609,352,1620,-1,1620,352,789,-1,1620,789,1621,-1,1621,789,791,-1,1621,791,1622,-1,1622,791,793,-1,1622,793,1623,-1,1623,793,795,-1,1623,795,1624,-1,1624,795,797,-1,1624,797,285,-1,285,797,283,-1,15,20,1625,-1,15,1625,1626,-1,1626,1625,1627,-1,1626,1627,1628,-1,1628,1627,1629,-1,1628,1629,1630,-1,1630,1629,1631,-1,1630,1631,1632,-1,1632,1631,1633,-1,1632,1633,1634,-1,1634,1633,408,-1,1634,408,409,-1,15,1626,867,-1,867,1626,1635,-1,867,1635,869,-1,869,1635,1636,-1,869,1636,871,-1,871,1636,1637,-1,871,1637,873,-1,873,1637,1638,-1,873,1638,875,-1,875,1638,1639,-1,875,1639,321,-1,321,1639,331,-1,1626,1628,1635,-1,1635,1628,1640,-1,1635,1640,1636,-1,1636,1640,1641,-1,1636,1641,1637,-1,1637,1641,1642,-1,1637,1642,1638,-1,1638,1642,1643,-1,1638,1643,1639,-1,1639,1643,1644,-1,1639,1644,331,-1,331,1644,332,-1,1628,1630,1640,-1,1640,1630,1645,-1,1640,1645,1641,-1,1641,1645,1646,-1,1641,1646,1642,-1,1642,1646,1647,-1,1642,1647,1643,-1,1643,1647,1648,-1,1643,1648,1644,-1,1644,1648,1649,-1,1644,1649,332,-1,332,1649,334,-1,1630,1632,1645,-1,1645,1632,1650,-1,1645,1650,1646,-1,1646,1650,1651,-1,1646,1651,1647,-1,1647,1651,1652,-1,1647,1652,1648,-1,1648,1652,1653,-1,1648,1653,1649,-1,1649,1653,1654,-1,1649,1654,334,-1,334,1654,335,-1,1632,1634,1650,-1,1650,1634,1655,-1,1650,1655,1651,-1,1651,1655,1656,-1,1651,1656,1652,-1,1652,1656,1657,-1,1652,1657,1653,-1,1653,1657,1658,-1,1653,1658,1654,-1,1654,1658,1659,-1,1654,1659,335,-1,335,1659,333,-1,1634,409,1655,-1,1655,409,865,-1,1655,865,1656,-1,1656,865,863,-1,1656,863,1657,-1,1657,863,861,-1,1657,861,1658,-1,1658,861,859,-1,1658,859,1659,-1,1659,859,857,-1,1659,857,333,-1,333,857,320,-1,0,5,1660,-1,0,1660,1661,-1,1661,1660,1662,-1,1661,1662,1663,-1,1663,1662,1664,-1,1663,1664,1665,-1,1665,1664,1666,-1,1665,1666,1667,-1,1667,1666,1668,-1,1667,1668,1669,-1,1669,1668,350,-1,1669,350,349,-1,350,1668,788,-1,788,1668,1670,-1,788,1670,790,-1,790,1670,1671,-1,790,1671,792,-1,792,1671,1672,-1,792,1672,794,-1,794,1672,1673,-1,794,1673,796,-1,796,1673,1674,-1,796,1674,286,-1,286,1674,305,-1,1668,1666,1670,-1,1670,1666,1675,-1,1670,1675,1671,-1,1671,1675,1676,-1,1671,1676,1672,-1,1672,1676,1677,-1,1672,1677,1673,-1,1673,1677,1678,-1,1673,1678,1674,-1,1674,1678,1679,-1,1674,1679,305,-1,305,1679,288,-1,1666,1664,1675,-1,1675,1664,1680,-1,1675,1680,1676,-1,1676,1680,1681,-1,1676,1681,1677,-1,1677,1681,1682,-1,1677,1682,1678,-1,1678,1682,1683,-1,1678,1683,1679,-1,1679,1683,1684,-1,1679,1684,288,-1,288,1684,289,-1,1664,1662,1680,-1,1680,1662,1685,-1,1680,1685,1681,-1,1681,1685,1686,-1,1681,1686,1682,-1,1682,1686,1687,-1,1682,1687,1683,-1,1683,1687,1688,-1,1683,1688,1684,-1,1684,1688,1689,-1,1684,1689,289,-1,289,1689,290,-1,1662,1660,1685,-1,1685,1660,1690,-1,1685,1690,1686,-1,1686,1690,1691,-1,1686,1691,1687,-1,1687,1691,1692,-1,1687,1692,1688,-1,1688,1692,1693,-1,1688,1693,1689,-1,1689,1693,1694,-1,1689,1694,290,-1,290,1694,287,-1,1660,5,1690,-1,1690,5,749,-1,1690,749,1691,-1,1691,749,751,-1,1691,751,1692,-1,1692,751,753,-1,1692,753,1693,-1,1693,753,755,-1,1693,755,1694,-1,1694,755,757,-1,1694,757,287,-1,287,757,275,-1,557,154,153,-1,94,100,182,-1,165,140,94,-1,94,182,165,-1,165,182,181,-1,165,181,155,-1,155,181,180,-1,155,180,156,-1,156,180,178,-1,156,178,166,-1,166,178,177,-1,166,177,167,-1,167,177,171,-1,167,171,153,-1,171,174,553,-1,553,554,171,-1,171,554,555,-1,171,555,153,-1,153,555,556,-1,153,556,557,-1,
        ]
    }
}
Shape{
    appearance Appearance {
        material  Material 	{
            diffuseColor 0.5019607843137255 0.5019607843137255 0.5019607843137255
            specularColor 0.25098039215686274 0.25098039215686274 0.25098039215686274
            ambientIntensity 0.2
            transparency 0
            shininess 0.5
        }
    }
    geometry IndexedFaceSet {
        ccw TRUE
        solid FALSE
        coord DEF co Coordinate {
            point [
                -0.0944 -1.6914 5.2913, -0.0944 -1.6784 5.2913, -0.0944 -1.6914 5.2953, -0.0944 -1.6784 5.2953, -0.1391 -1.6914 5.2913, -0.1391 -1.6914 5.2953, -0.1391 -1.7965 5.2913, -0.1391 -1.7965 5.2953, -0.1549 -1.7965 5.2913, -0.1549 -1.7965 5.2953, -0.1549 -1.6784 5.2913, -0.1549 -1.6784 5.2953, 0.0035 -1.6975 5.2913, 0.0035 -1.6846 5.2913, 0.0035 -1.6975 5.2953, 0.0035 -1.6846 5.2953, 0.0014 -1.6963 5.2953, 0.0014 -1.6963 5.2913, -0.0111 -1.6917 5.2953, -0.0111 -1.6917 5.2913, -0.0268 -1.69 5.2953, -0.0268 -1.69 5.2913, -0.0378 -1.6912 5.2953, -0.0378 -1.6912 5.2913, -0.0464 -1.6944 5.2953, -0.0464 -1.6944 5.2913, -0.0537 -1.6992 5.2953, -0.0537 -1.6992 5.2913, -0.0592 -1.7051 5.2953, -0.0592 -1.7051 5.2913, -0.0641 -1.7133 5.2953, -0.0641 -1.7133 5.2913, -0.0673 -1.7234 5.2953, -0.0673 -1.7234 5.2913, -0.0685 -1.7362 5.2953, -0.0685 -1.7362 5.2913, -0.068 -1.7454 5.2953, -0.068 -1.7454 5.2913, -0.0648 -1.7581 5.2953, -0.0648 -1.7581 5.2913, -0.0599 -1.7672 5.2953, -0.0599 -1.7672 5.2913, -0.0528 -1.7751 5.2953, -0.0528 -1.7751 5.2913, -0.0446 -1.7805 5.2953, -0.0446 -1.7805 5.2913, -0.0358 -1.7837 5.2953, -0.0358 -1.7837 5.2913, -0.0242 -1.785 5.2953, -0.0242 -1.785 5.2913, -0.0098 -1.7832 5.2953, -0.0098 -1.7832 5.2913, 0.0035 -1.7775 5.2953, 0.0035 -1.7775 5.2913, 0.0035 -1.7933 5.2913, 0.0035 -1.7933 5.2953, -0.0102 -1.797 5.2953, -0.0102 -1.797 5.2913, -0.0243 -1.798 5.2953, -0.0243 -1.798 5.2913, -0.0362 -1.797 5.2953, -0.0362 -1.797 5.2913, -0.0493 -1.7932 5.2953, -0.0493 -1.7932 5.2913, -0.0605 -1.7867 5.2953, -0.0605 -1.7867 5.2913, -0.0712 -1.7765 5.2953, -0.0712 -1.7765 5.2913, -0.0781 -1.7654 5.2953, -0.0781 -1.7654 5.2913, -0.0827 -1.752 5.2953, -0.0827 -1.752 5.2913, -0.0844 -1.7353 5.2953, -0.0844 -1.7353 5.2913, -0.0832 -1.7216 5.2953, -0.0832 -1.7216 5.2913, -0.0797 -1.7091 5.2953, -0.0797 -1.7091 5.2913, -0.0734 -1.6978 5.2953, -0.0734 -1.6978 5.2913, -0.0645 -1.6885 5.2953, -0.0645 -1.6885 5.2913, -0.055 -1.6824 5.2953, -0.055 -1.6824 5.2913, -0.0436 -1.6785 5.2953, -0.0436 -1.6785 5.2913, -0.029 -1.677 5.2913, -0.0359 -1.6777 5.2953, -0.029 -1.677 5.2953, -0.0091 -1.6794 5.2913, -0.0258 -1.677 5.2953, -0.0258 -1.677 5.2913, -0.021 -1.6777 5.2953, -0.0091 -1.6794 5.2953, 0.0899 -1.6914 5.2913, 0.0899 -1.6784 5.2913, 0.0899 -1.6914 5.2953, 0.0899 -1.6784 5.2953, 0.0424 -1.6914 5.2913, 0.0424 -1.6914 5.2953, 0.0424 -1.7317 5.2913, 0.0424 -1.7317 5.2953, 0.0842 -1.7317 5.2913, 0.0842 -1.7317 5.2953, 0.0842 -1.7447 5.2913, 0.0842 -1.7447 5.2953, 0.0424 -1.7447 5.2913, 0.0424 -1.7447 5.2953, 0.0424 -1.7836 5.2913, 0.0424 -1.7836 5.2953, 0.087 -1.7836 5.2913, 0.087 -1.7836 5.2953, 0.087 -1.7965 5.2913, 0.087 -1.7965 5.2953, 0.0265 -1.7965 5.2913, 0.0265 -1.7965 5.2953, 0.0265 -1.6784 5.2913, 0.0265 -1.6784 5.2953, 0.204 -1.7617 5.2913, 0.1985 -1.7719 5.2913, 0.1843 -1.767 5.2913, 0.1902 -1.7811 5.2913, 0.1786 -1.7731 5.2913, 0.19 -1.7812 5.2913, 0.17 -1.7787 5.2913, 0.1772 -1.7899 5.2913, 0.1602 -1.7821 5.2913, 0.1634 -1.7947 5.2913, 0.1462 -1.7836 5.2913, 0.1463 -1.7965 5.2913, 0.1288 -1.7836 5.2913, 0.113 -1.7965 5.2913, 0.1288 -1.6914 5.2913, 0.113 -1.6784 5.2913, 0.1456 -1.6914 5.2913, 0.1451 -1.6784 5.2913, 0.158 -1.6926 5.2913, 0.1597 -1.6797 5.2913, 0.168 -1.6957 5.2913, 0.1733 -1.6838 5.2913, 0.176 -1.7004 5.2913, 0.1856 -1.6909 5.2913, 0.1827 -1.707 5.2913, 0.1954 -1.7002 5.2913, 0.1876 -1.7151 5.2913, 0.2021 -1.7108 5.2913, 0.1911 -1.7262 5.2913, 0.2064 -1.7232 5.2913, 0.1922 -1.7386 5.2913, 0.208 -1.739 5.2913, 0.1912 -1.7504 5.2913, 0.2072 -1.7501 5.2913, 0.1884 -1.7597 5.2913, 0.1451 -1.6784 5.2953, 0.113 -1.6784 5.2953, 0.1597 -1.6797 5.2953, 0.1733 -1.6838 5.2953, 0.1856 -1.6909 5.2953, 0.1954 -1.7002 5.2953, 0.2021 -1.7108 5.2953, 0.2064 -1.7232 5.2953, 0.208 -1.739 5.2953, 0.2072 -1.7501 5.2953, 0.204 -1.7617 5.2953, 0.1985 -1.7719 5.2953, 0.1902 -1.7811 5.2953, 0.19 -1.7812 5.2953, 0.1772 -1.7899 5.2953, 0.1634 -1.7947 5.2953, 0.1463 -1.7965 5.2953, 0.113 -1.7965 5.2953, 0.1462 -1.7836 5.2953, 0.1288 -1.7836 5.2953, 0.1288 -1.6914 5.2953, 0.1456 -1.6914 5.2953, 0.1922 -1.7386 5.2953, 0.1911 -1.7262 5.2953, 0.1876 -1.7151 5.2953, 0.1827 -1.707 5.2953, 0.176 -1.7004 5.2953, 0.168 -1.6957 5.2953, 0.158 -1.6926 5.2953, 0.1602 -1.7821 5.2953, 0.17 -1.7787 5.2953, 0.1786 -1.7731 5.2953, 0.1843 -1.767 5.2953, 0.1884 -1.7597 5.2953, 0.1912 -1.7504 5.2953, 0.1912 -1.7504 5.2953
            ]
        }
        coordIndex [
            0,1,2,-1,2,1,3,-1,4,0,5,-1,5,0,2,-1,6,4,7,-1,7,4,5,-1,8,6,9,-1,9,6,7,-1,10,8,11,-1,11,8,9,-1,1,10,3,-1,3,10,11,-1,6,8,4,-1,4,8,10,-1,4,10,0,-1,0,10,1,-1,12,13,14,-1,14,13,15,-1,12,14,16,-1,12,16,17,-1,17,16,18,-1,17,18,19,-1,19,18,20,-1,19,20,21,-1,21,20,22,-1,21,22,23,-1,23,22,24,-1,23,24,25,-1,25,24,26,-1,25,26,27,-1,27,26,28,-1,27,28,29,-1,29,28,30,-1,29,30,31,-1,31,30,32,-1,31,32,33,-1,33,32,34,-1,33,34,35,-1,35,34,36,-1,35,36,37,-1,37,36,38,-1,37,38,39,-1,39,38,40,-1,39,40,41,-1,41,40,42,-1,41,42,43,-1,43,42,44,-1,43,44,45,-1,45,44,46,-1,45,46,47,-1,47,46,48,-1,47,48,49,-1,49,48,50,-1,49,50,51,-1,51,50,52,-1,51,52,53,-1,54,53,55,-1,55,53,52,-1,54,55,56,-1,54,56,57,-1,57,56,58,-1,57,58,59,-1,59,58,60,-1,59,60,61,-1,61,60,62,-1,61,62,63,-1,63,62,64,-1,63,64,65,-1,65,64,66,-1,65,66,67,-1,67,66,68,-1,67,68,69,-1,69,68,70,-1,69,70,71,-1,71,70,72,-1,71,72,73,-1,73,72,74,-1,73,74,75,-1,75,74,76,-1,75,76,77,-1,77,76,78,-1,77,78,79,-1,79,78,80,-1,79,80,81,-1,81,80,82,-1,81,82,83,-1,83,82,84,-1,83,84,85,-1,85,84,86,-1,86,84,87,-1,86,87,88,-1,15,13,89,-1,86,88,90,-1,86,90,91,-1,91,90,92,-1,91,92,89,-1,89,92,93,-1,89,93,15,-1,23,86,21,-1,21,86,91,-1,21,91,19,-1,19,91,89,-1,19,89,17,-1,17,89,13,-1,17,13,12,-1,53,54,51,-1,51,54,57,-1,51,57,49,-1,49,57,59,-1,49,59,47,-1,47,59,61,-1,47,61,45,-1,45,61,63,-1,45,63,43,-1,43,63,65,-1,43,65,41,-1,41,65,67,-1,41,67,39,-1,39,67,69,-1,39,69,37,-1,37,69,71,-1,37,71,35,-1,35,71,73,-1,35,73,33,-1,33,73,75,-1,33,75,31,-1,31,75,77,-1,31,77,29,-1,29,77,79,-1,29,79,27,-1,27,79,81,-1,27,81,25,-1,25,81,83,-1,25,83,23,-1,23,83,85,-1,23,85,86,-1,94,95,96,-1,96,95,97,-1,98,94,99,-1,99,94,96,-1,100,98,101,-1,101,98,99,-1,102,100,103,-1,103,100,101,-1,104,102,105,-1,105,102,103,-1,106,104,107,-1,107,104,105,-1,108,106,109,-1,109,106,107,-1,110,108,111,-1,111,108,109,-1,112,110,113,-1,113,110,111,-1,114,112,115,-1,115,112,113,-1,116,114,117,-1,117,114,115,-1,95,116,97,-1,97,116,117,-1,116,95,94,-1,94,98,116,-1,116,98,100,-1,116,100,114,-1,110,112,108,-1,108,112,114,-1,108,114,106,-1,106,114,100,-1,106,100,104,-1,104,100,102,-1,118,119,120,-1,120,119,121,-1,120,121,122,-1,122,121,123,-1,122,123,124,-1,124,123,125,-1,124,125,126,-1,126,125,127,-1,126,127,128,-1,128,127,129,-1,128,129,130,-1,130,129,131,-1,130,131,132,-1,132,131,133,-1,132,133,134,-1,134,133,135,-1,134,135,136,-1,136,135,137,-1,136,137,138,-1,138,137,139,-1,138,139,140,-1,140,139,141,-1,140,141,142,-1,142,141,143,-1,142,143,144,-1,144,143,145,-1,144,145,146,-1,146,145,147,-1,146,147,148,-1,148,147,149,-1,148,149,150,-1,150,149,151,-1,150,151,152,-1,152,151,118,-1,152,118,120,-1,135,133,153,-1,153,133,154,-1,135,153,155,-1,135,155,137,-1,137,155,156,-1,137,156,139,-1,139,156,157,-1,139,157,141,-1,141,157,158,-1,141,158,143,-1,143,158,159,-1,143,159,145,-1,145,159,160,-1,145,160,147,-1,147,160,161,-1,147,161,149,-1,149,161,162,-1,149,162,151,-1,151,162,163,-1,151,163,118,-1,118,163,164,-1,118,164,119,-1,119,164,165,-1,119,165,121,-1,121,165,166,-1,121,166,123,-1,123,166,167,-1,123,167,125,-1,125,167,168,-1,125,168,127,-1,127,168,169,-1,127,169,129,-1,131,129,170,-1,170,129,169,-1,133,131,154,-1,154,131,170,-1,128,130,171,-1,171,130,172,-1,130,132,172,-1,172,132,173,-1,132,134,173,-1,173,134,174,-1,148,175,176,-1,148,176,146,-1,146,176,177,-1,146,177,144,-1,144,177,178,-1,144,178,142,-1,142,178,179,-1,142,179,140,-1,140,179,180,-1,140,180,138,-1,138,180,181,-1,138,181,136,-1,136,181,174,-1,136,174,134,-1,128,171,182,-1,128,182,126,-1,126,182,183,-1,126,183,124,-1,124,183,184,-1,124,184,122,-1,122,184,185,-1,122,185,120,-1,120,185,186,-1,120,186,152,-1,152,186,187,-1,152,187,150,-1,150,187,175,-1,150,175,148,-1,
        ]
    }
}
Shape{
    appearance Appearance {
        material  Material 	{
            diffuseColor 1.0 1.0 1.0
            specularColor 0.5019607843137255 0.5019607843137255 0.5019607843137255
            ambientIntensity 0.2
            transparency 0
            shininess 0.5
        }
    }
    geometry IndexedFaceSet {
        ccw TRUE
        solid FALSE
        coord DEF co Coordinate {
            point [
                0.1288 -1.7836 5.2953, 0.1288 -1.6914 5.2953, 0.1462 -1.7836 5.2953, 0.1456 -1.6914 5.2953, 0.158 -1.6926 5.2953, 0.1922 -1.7386 5.2953, 0.1912 -1.7504 5.2953, 0.1884 -1.7597 5.2953, 0.1602 -1.7821 5.2953, 0.168 -1.6957 5.2953, 0.176 -1.7004 5.2953, 0.1827 -1.707 5.2953, 0.1876 -1.7151 5.2953, 0.1911 -1.7262 5.2953, 0.1843 -1.767 5.2953, 0.1786 -1.7731 5.2953, 0.17 -1.7787 5.2953, 0.17 -1.7787 5.2953
            ]
        }
        coordIndex [
            0,1,2,-1,2,1,3,-1,2,3,4,-1,5,6,2,-1,2,6,7,-1,2,7,8,-1,4,9,2,-1,2,9,10,-1,2,10,11,-1,11,12,2,-1,2,12,13,-1,2,13,5,-1,14,15,7,-1,7,15,16,-1,7,16,8,-1,
        ]
    }
}
Shape{
    appearance Appearance {
        material  Material 	{
            diffuseColor 0.5019607843137255 0.5019607843137255 0.5019607843137255
            specularColor 0.25098039215686274 0.25098039215686274 0.25098039215686274
            ambientIntensity 0.2
            transparency 0
            shininess 0.5
        }
    }
    geometry IndexedFaceSet {
        ccw TRUE
        solid FALSE
        coord DEF co Coordinate {
            point [
                0.2492 -1.7245 5.2913, 0.2668 -1.7739 5.2913, 0.2613 -1.7965 5.2913, 0.2167 -1.6784 5.2913, 0.234 -1.6784 5.2913, 0.2452 -1.7116 5.2913, 0.268 -1.778 5.2913, 0.2687 -1.7821 5.2913, 0.2772 -1.7965 5.2913, 0.2691 -1.7821 5.2913, 0.2699 -1.778 5.2913, 0.2887 -1.7245 5.2913, 0.294 -1.7116 5.2913, 0.2709 -1.7739 5.2913, 0.3233 -1.6784 5.2913, 0.306 -1.6784 5.2913, 0.2772 -1.7965 5.2953, 0.3233 -1.6784 5.2953, 0.2613 -1.7965 5.2953, 0.2167 -1.6784 5.2953, 0.234 -1.6784 5.2953, 0.2452 -1.7116 5.2953, 0.294 -1.7116 5.2953, 0.306 -1.6784 5.2953, 0.2492 -1.7245 5.2953, 0.2887 -1.7245 5.2953, 0.2709 -1.7739 5.2953, 0.2691 -1.7821 5.2953, 0.2699 -1.778 5.2953, 0.2687 -1.7821 5.2953, 0.2668 -1.7739 5.2953, 0.268 -1.778 5.2953, 0.268 -1.778 5.2953
            ]
        }
        coordIndex [
            0,1,2,-1,3,4,5,-1,1,6,2,-1,2,6,7,-1,2,7,8,-1,8,7,9,-1,8,9,10,-1,2,3,0,-1,0,3,5,-1,0,5,11,-1,11,5,12,-1,10,13,8,-1,8,13,11,-1,8,11,14,-1,14,11,12,-1,14,12,15,-1,8,14,16,-1,16,14,17,-1,2,8,18,-1,18,8,16,-1,3,2,19,-1,19,2,18,-1,4,3,20,-1,20,3,19,-1,5,4,21,-1,21,4,20,-1,12,5,22,-1,22,5,21,-1,15,12,23,-1,23,12,22,-1,14,15,17,-1,17,15,23,-1,0,11,24,-1,24,11,25,-1,11,13,25,-1,25,13,26,-1,9,27,28,-1,9,28,10,-1,10,28,26,-1,10,26,13,-1,9,7,27,-1,27,7,29,-1,1,30,31,-1,1,31,6,-1,6,31,29,-1,6,29,7,-1,1,0,30,-1,30,0,24,-1,
        ]
    }
}
Shape{
    appearance Appearance {
        material  Material 	{
            diffuseColor 1.0 1.0 1.0
            specularColor 0.5019607843137255 0.5019607843137255 0.5019607843137255
            ambientIntensity 0.2
            transparency 0
            shininess 0.5
        }
    }
    geometry IndexedFaceSet {
        ccw TRUE
        solid FALSE
        coord DEF co Coordinate {
            point [
                0.2492 -1.7245 5.2953, 0.2887 -1.7245 5.2953, 0.2668 -1.7739 5.2953, 0.2709 -1.7739 5.2953, 0.268 -1.778 5.2953, 0.2699 -1.778 5.2953, 0.2687 -1.7821 5.2953, 0.2691 -1.7821 5.2953, 0.2546 -1.1388 7.0669, 0.2546 -0.7845 7.0669, 0.2546 -0.9813 7.2244, 0.2546 -0.7845 7.2244, -0.2546 -0.7845 7.2244, -0.2546 -0.7845 7.0669, -0.2546 -0.9813 7.2244, -0.2546 -1.1388 7.0669, -0.2546 -1.1388 7.0669
            ]
        }
        coordIndex [
            0,1,2,-1,2,1,3,-1,2,3,4,-1,4,3,5,-1,4,5,6,-1,6,5,7,-1,8,9,10,-1,10,9,11,-1,12,11,13,-1,13,11,9,-1,14,12,15,-1,15,12,13,-1,10,11,14,-1,14,11,12,-1,8,10,15,-1,15,10,14,-1,
        ]
    }
}
Shape{
    appearance Appearance {
        material  Material 	{
            diffuseColor 1.0 0.984313725490196 0.9411764705882353
            specularColor 0.5019607843137255 0.49411764705882355 0.47058823529411764
            ambientIntensity 0.2
            transparency 0
            shininess 0.5
        }
    }
    geometry IndexedFaceSet {
        ccw TRUE
        solid FALSE
        coord DEF co Coordinate {
            point [
                2.4016 0.1014 4.5079, 2.4095 0.0613 4.4875, 2.4069 0.0606 4.5079, 2.425 0.024 4.4875, 2.4227 0.0226 4.5079, 2.4496 -0.0081 4.4875, 2.4477 -0.01 4.5079, 2.4817 -0.0327 4.4875, 2.4803 -0.035 4.5079, 2.519 -0.0482 4.4875, 2.5183 -0.0507 4.5079, 2.5591 -0.0534 4.4875, 2.5591 -0.0561 4.5079, 2.5991 -0.0482 4.4875, 2.5998 -0.0507 4.5079, 2.6365 -0.0327 4.4875, 2.6378 -0.035 4.5079, 2.6685 -0.0081 4.4875, 2.6704 -0.01 4.5079, 2.6931 0.024 4.4875, 2.6954 0.0226 4.5079, 2.7086 0.0613 4.4875, 2.7112 0.0606 4.5079, 2.7139 0.1014 4.4875, 2.7165 0.1014 4.5079, 2.7086 0.1414 4.4875, 2.7112 0.1421 4.5079, 2.6931 0.1788 4.4875, 2.6954 0.1801 4.5079, 2.6685 0.2108 4.4875, 2.6704 0.2127 4.5079, 2.6365 0.2354 4.4875, 2.6378 0.2378 4.5079, 2.5991 0.2509 4.4875, 2.5998 0.2535 4.5079, 2.5591 0.2562 4.4875, 2.5591 0.2589 4.5079, 2.519 0.2509 4.4875, 2.5183 0.2535 4.5079, 2.4817 0.2354 4.4875, 2.4803 0.2378 4.5079, 2.4496 0.2108 4.4875, 2.4477 0.2127 4.5079, 2.425 0.1788 4.4875, 2.4227 0.1801 4.5079, 2.4095 0.1414 4.4875, 2.4069 0.1421 4.5079, 2.4043 0.1014 4.4875, 2.4171 0.0633 4.4685, 2.4318 0.0279 4.4685, 2.4552 -0.0025 4.4685, 2.4856 -0.0259 4.4685, 2.521 -0.0406 4.4685, 2.5591 -0.0456 4.4685, 2.5971 -0.0406 4.4685, 2.6325 -0.0259 4.4685, 2.663 -0.0025 4.4685, 2.6863 0.0279 4.4685, 2.701 0.0633 4.4685, 2.706 0.1014 4.4685, 2.701 0.1394 4.4685, 2.6863 0.1748 4.4685, 2.663 0.2053 4.4685, 2.6325 0.2286 4.4685, 2.5971 0.2433 4.4685, 2.5591 0.2483 4.4685, 2.521 0.2433 4.4685, 2.4856 0.2286 4.4685, 2.4552 0.2053 4.4685, 2.4318 0.1748 4.4685, 2.4171 0.1394 4.4685, 2.4121 0.1014 4.4685, 2.4292 0.0666 4.4522, 2.4426 0.0342 4.4522, 2.464 0.0063 4.4522, 2.4918 -0.015 4.4522, 2.5243 -0.0285 4.4522, 2.5591 -0.033 4.4522, 2.5938 -0.0285 4.4522, 2.6263 -0.015 4.4522, 2.6541 0.0063 4.4522, 2.6755 0.0342 4.4522, 2.6889 0.0666 4.4522, 2.6935 0.1014 4.4522, 2.6889 0.1362 4.4522, 2.6755 0.1686 4.4522, 2.6541 0.1964 4.4522, 2.6263 0.2178 4.4522, 2.5938 0.2312 4.4522, 2.5591 0.2358 4.4522, 2.5243 0.2312 4.4522, 2.4918 0.2178 4.4522, 2.464 0.1964 4.4522, 2.4426 0.1686 4.4522, 2.4292 0.1362 4.4522, 2.4246 0.1014 4.4522, 2.445 0.0708 4.4397, 2.4568 0.0423 4.4397, 2.4755 0.0179 4.4397, 2.5 -0.0009 4.4397, 2.5285 -0.0127 4.4397, 2.5591 -0.0167 4.4397, 2.5896 -0.0127 4.4397, 2.6181 -0.0009 4.4397, 2.6426 0.0179 4.4397, 2.6613 0.0423 4.4397, 2.6731 0.0708 4.4397, 2.6772 0.1014 4.4397, 2.6731 0.1319 4.4397, 2.6613 0.1604 4.4397, 2.6426 0.1849 4.4397, 2.6181 0.2037 4.4397, 2.5896 0.2155 4.4397, 2.5591 0.2195 4.4397, 2.5285 0.2155 4.4397, 2.5 0.2037 4.4397, 2.4755 0.1849 4.4397, 2.4568 0.1604 4.4397, 2.445 0.1319 4.4397, 2.4409 0.1014 4.4397, 2.4633 0.0757 4.4318, 2.4732 0.0518 4.4318, 2.489 0.0313 4.4318, 2.5095 0.0155 4.4318, 2.5334 0.0056 4.4318, 2.5591 0.0023 4.4318, 2.5847 0.0056 4.4318, 2.6086 0.0155 4.4318, 2.6291 0.0313 4.4318, 2.6449 0.0518 4.4318, 2.6548 0.0757 4.4318, 2.6582 0.1014 4.4318, 2.6548 0.127 4.4318, 2.6449 0.1509 4.4318, 2.6291 0.1715 4.4318, 2.6086 0.1872 4.4318, 2.5847 0.1971 4.4318, 2.5591 0.2005 4.4318, 2.5334 0.1971 4.4318, 2.5095 0.1872 4.4318, 2.489 0.1715 4.4318, 2.4732 0.1509 4.4318, 2.4633 0.127 4.4318, 2.4599 0.1014 4.4318, 2.483 0.081 4.4291, 2.4909 0.062 4.4291, 2.5034 0.0457 4.4291, 2.5197 0.0332 4.4291, 2.5387 0.0253 4.4291, 2.5591 0.0226 4.4291, 2.5794 0.0253 4.4291, 2.5984 0.0332 4.4291, 2.6147 0.0457 4.4291, 2.6272 0.062 4.4291, 2.6351 0.081 4.4291, 2.6378 0.1014 4.4291, 2.6351 0.1217 4.4291, 2.6272 0.1407 4.4291, 2.6147 0.157 4.4291, 2.5984 0.1696 4.4291, 2.5794 0.1774 4.4291, 2.5591 0.1801 4.4291, 2.5387 0.1774 4.4291, 2.5197 0.1696 4.4291, 2.5034 0.157 4.4291, 2.4909 0.1407 4.4291, 2.483 0.1217 4.4291, 2.4803 0.1014 4.4291, -2.4803 0.1014 4.4291, -2.4633 0.0757 4.4318, -2.483 0.081 4.4291, -2.4732 0.0518 4.4318, -2.4909 0.062 4.4291, -2.489 0.0313 4.4318, -2.5034 0.0457 4.4291, -2.5095 0.0155 4.4318, -2.5197 0.0332 4.4291, -2.5334 0.0056 4.4318, -2.5387 0.0253 4.4291, -2.5591 0.0023 4.4318, -2.5591 0.0226 4.4291, -2.5847 0.0056 4.4318, -2.5794 0.0253 4.4291, -2.6086 0.0155 4.4318, -2.5984 0.0332 4.4291, -2.6291 0.0313 4.4318, -2.6147 0.0457 4.4291, -2.6449 0.0518 4.4318, -2.6272 0.062 4.4291, -2.6548 0.0757 4.4318, -2.6351 0.081 4.4291, -2.6582 0.1014 4.4318, -2.6378 0.1014 4.4291, -2.6548 0.127 4.4318, -2.6351 0.1217 4.4291, -2.6449 0.1509 4.4318, -2.6272 0.1407 4.4291, -2.6291 0.1715 4.4318, -2.6147 0.157 4.4291, -2.6086 0.1872 4.4318, -2.5984 0.1696 4.4291, -2.5847 0.1971 4.4318, -2.5794 0.1774 4.4291, -2.5591 0.2005 4.4318, -2.5591 0.1801 4.4291, -2.5334 0.1971 4.4318, -2.5387 0.1774 4.4291, -2.5095 0.1872 4.4318, -2.5197 0.1696 4.4291, -2.489 0.1715 4.4318, -2.5034 0.157 4.4291, -2.4732 0.1509 4.4318, -2.4909 0.1407 4.4291, -2.4633 0.127 4.4318, -2.483 0.1217 4.4291, -2.4599 0.1014 4.4318, -2.445 0.0708 4.4397, -2.4568 0.0423 4.4397, -2.4755 0.0179 4.4397, -2.5 -0.0009 4.4397, -2.5285 -0.0127 4.4397, -2.5591 -0.0167 4.4397, -2.5896 -0.0127 4.4397, -2.6181 -0.0009 4.4397, -2.6426 0.0179 4.4397, -2.6613 0.0423 4.4397, -2.6731 0.0708 4.4397, -2.6772 0.1014 4.4397, -2.6731 0.1319 4.4397, -2.6613 0.1604 4.4397, -2.6426 0.1849 4.4397, -2.6181 0.2037 4.4397, -2.5896 0.2155 4.4397, -2.5591 0.2195 4.4397, -2.5285 0.2155 4.4397, -2.5 0.2037 4.4397, -2.4755 0.1849 4.4397, -2.4568 0.1604 4.4397, -2.445 0.1319 4.4397, -2.4409 0.1014 4.4397, -2.4292 0.0666 4.4522, -2.4426 0.0342 4.4522, -2.464 0.0063 4.4522, -2.4918 -0.015 4.4522, -2.5243 -0.0285 4.4522, -2.5591 -0.033 4.4522, -2.5938 -0.0285 4.4522, -2.6263 -0.015 4.4522, -2.6541 0.0063 4.4522, -2.6755 0.0342 4.4522, -2.6889 0.0666 4.4522, -2.6935 0.1014 4.4522, -2.6889 0.1362 4.4522, -2.6755 0.1686 4.4522, -2.6541 0.1964 4.4522, -2.6263 0.2178 4.4522, -2.5938 0.2312 4.4522, -2.5591 0.2358 4.4522, -2.5243 0.2312 4.4522, -2.4918 0.2178 4.4522, -2.464 0.1964 4.4522, -2.4426 0.1686 4.4522, -2.4292 0.1362 4.4522, -2.4246 0.1014 4.4522, -2.4171 0.0633 4.4685, -2.4318 0.0279 4.4685, -2.4552 -0.0025 4.4685, -2.4856 -0.0259 4.4685, -2.521 -0.0406 4.4685, -2.5591 -0.0456 4.4685, -2.5971 -0.0406 4.4685, -2.6325 -0.0259 4.4685, -2.663 -0.0025 4.4685, -2.6863 0.0279 4.4685, -2.701 0.0633 4.4685, -2.706 0.1014 4.4685, -2.701 0.1394 4.4685, -2.6863 0.1748 4.4685, -2.663 0.2053 4.4685, -2.6325 0.2286 4.4685, -2.5971 0.2433 4.4685, -2.5591 0.2483 4.4685, -2.521 0.2433 4.4685, -2.4856 0.2286 4.4685, -2.4552 0.2053 4.4685, -2.4318 0.1748 4.4685, -2.4171 0.1394 4.4685, -2.4121 0.1014 4.4685, -2.4095 0.0613 4.4875, -2.425 0.024 4.4875, -2.4496 -0.0081 4.4875, -2.4817 -0.0327 4.4875, -2.519 -0.0482 4.4875, -2.5591 -0.0534 4.4875, -2.5991 -0.0482 4.4875, -2.6365 -0.0327 4.4875, -2.6685 -0.0081 4.4875, -2.6931 0.024 4.4875, -2.7086 0.0613 4.4875, -2.7139 0.1014 4.4875, -2.7086 0.1414 4.4875, -2.6931 0.1788 4.4875, -2.6685 0.2108 4.4875, -2.6365 0.2354 4.4875, -2.5991 0.2509 4.4875, -2.5591 0.2562 4.4875, -2.519 0.2509 4.4875, -2.4817 0.2354 4.4875, -2.4496 0.2108 4.4875, -2.425 0.1788 4.4875, -2.4095 0.1414 4.4875, -2.4043 0.1014 4.4875, -2.4069 0.0606 4.5079, -2.4227 0.0226 4.5079, -2.4477 -0.01 4.5079, -2.4803 -0.035 4.5079, -2.5183 -0.0507 4.5079, -2.5591 -0.0561 4.5079, -2.5998 -0.0507 4.5079, -2.6378 -0.035 4.5079, -2.6704 -0.01 4.5079, -2.6954 0.0226 4.5079, -2.7112 0.0606 4.5079, -2.7165 0.1014 4.5079, -2.7112 0.1421 4.5079, -2.6954 0.1801 4.5079, -2.6704 0.2127 4.5079, -2.6378 0.2378 4.5079, -2.5998 0.2535 4.5079, -2.5591 0.2589 4.5079, -2.5183 0.2535 4.5079, -2.4803 0.2378 4.5079, -2.4477 0.2127 4.5079, -2.4227 0.1801 4.5079, -2.4069 0.1421 4.5079, -2.4016 0.1014 4.5079, -2.4016 0.1014 4.5079
            ]
        }
        coordIndex [
            0,1,2,-1,2,1,3,-1,2,3,4,-1,4,3,5,-1,4,5,6,-1,6,5,7,-1,6,7,8,-1,8,7,9,-1,8,9,10,-1,10,9,11,-1,10,11,12,-1,12,11,13,-1,12,13,14,-1,14,13,15,-1,14,15,16,-1,16,15,17,-1,16,17,18,-1,18,17,19,-1,18,19,20,-1,20,19,21,-1,20,21,22,-1,22,21,23,-1,22,23,24,-1,24,23,25,-1,24,25,26,-1,26,25,27,-1,26,27,28,-1,28,27,29,-1,28,29,30,-1,30,29,31,-1,30,31,32,-1,32,31,33,-1,32,33,34,-1,34,33,35,-1,34,35,36,-1,36,35,37,-1,36,37,38,-1,38,37,39,-1,38,39,40,-1,40,39,41,-1,40,41,42,-1,42,41,43,-1,42,43,44,-1,44,43,45,-1,44,45,46,-1,46,45,47,-1,46,47,0,-1,0,47,1,-1,47,48,1,-1,1,48,49,-1,1,49,3,-1,3,49,50,-1,3,50,5,-1,5,50,51,-1,5,51,7,-1,7,51,52,-1,7,52,9,-1,9,52,53,-1,9,53,11,-1,11,53,54,-1,11,54,13,-1,13,54,55,-1,13,55,15,-1,15,55,56,-1,15,56,17,-1,17,56,57,-1,17,57,19,-1,19,57,58,-1,19,58,21,-1,21,58,59,-1,21,59,23,-1,23,59,60,-1,23,60,25,-1,25,60,61,-1,25,61,27,-1,27,61,62,-1,27,62,29,-1,29,62,63,-1,29,63,31,-1,31,63,64,-1,31,64,33,-1,33,64,65,-1,33,65,35,-1,35,65,66,-1,35,66,37,-1,37,66,67,-1,37,67,39,-1,39,67,68,-1,39,68,41,-1,41,68,69,-1,41,69,43,-1,43,69,70,-1,43,70,45,-1,45,70,71,-1,45,71,47,-1,47,71,48,-1,71,72,48,-1,48,72,73,-1,48,73,49,-1,49,73,74,-1,49,74,50,-1,50,74,75,-1,50,75,51,-1,51,75,76,-1,51,76,52,-1,52,76,77,-1,52,77,53,-1,53,77,78,-1,53,78,54,-1,54,78,79,-1,54,79,55,-1,55,79,80,-1,55,80,56,-1,56,80,81,-1,56,81,57,-1,57,81,82,-1,57,82,58,-1,58,82,83,-1,58,83,59,-1,59,83,84,-1,59,84,60,-1,60,84,85,-1,60,85,61,-1,61,85,86,-1,61,86,62,-1,62,86,87,-1,62,87,63,-1,63,87,88,-1,63,88,64,-1,64,88,89,-1,64,89,65,-1,65,89,90,-1,65,90,66,-1,66,90,91,-1,66,91,67,-1,67,91,92,-1,67,92,68,-1,68,92,93,-1,68,93,69,-1,69,93,94,-1,69,94,70,-1,70,94,95,-1,70,95,71,-1,71,95,72,-1,95,96,72,-1,72,96,97,-1,72,97,73,-1,73,97,98,-1,73,98,74,-1,74,98,99,-1,74,99,75,-1,75,99,100,-1,75,100,76,-1,76,100,101,-1,76,101,77,-1,77,101,102,-1,77,102,78,-1,78,102,103,-1,78,103,79,-1,79,103,104,-1,79,104,80,-1,80,104,105,-1,80,105,81,-1,81,105,106,-1,81,106,82,-1,82,106,107,-1,82,107,83,-1,83,107,108,-1,83,108,84,-1,84,108,109,-1,84,109,85,-1,85,109,110,-1,85,110,86,-1,86,110,111,-1,86,111,87,-1,87,111,112,-1,87,112,88,-1,88,112,113,-1,88,113,89,-1,89,113,114,-1,89,114,90,-1,90,114,115,-1,90,115,91,-1,91,115,116,-1,91,116,92,-1,92,116,117,-1,92,117,93,-1,93,117,118,-1,93,118,94,-1,94,118,119,-1,94,119,95,-1,95,119,96,-1,119,120,96,-1,96,120,121,-1,96,121,97,-1,97,121,122,-1,97,122,98,-1,98,122,123,-1,98,123,99,-1,99,123,124,-1,99,124,100,-1,100,124,125,-1,100,125,101,-1,101,125,126,-1,101,126,102,-1,102,126,127,-1,102,127,103,-1,103,127,128,-1,103,128,104,-1,104,128,129,-1,104,129,105,-1,105,129,130,-1,105,130,106,-1,106,130,131,-1,106,131,107,-1,107,131,132,-1,107,132,108,-1,108,132,133,-1,108,133,109,-1,109,133,134,-1,109,134,110,-1,110,134,135,-1,110,135,111,-1,111,135,136,-1,111,136,112,-1,112,136,137,-1,112,137,113,-1,113,137,138,-1,113,138,114,-1,114,138,139,-1,114,139,115,-1,115,139,140,-1,115,140,116,-1,116,140,141,-1,116,141,117,-1,117,141,142,-1,117,142,118,-1,118,142,143,-1,118,143,119,-1,119,143,120,-1,143,144,120,-1,120,144,145,-1,120,145,121,-1,121,145,146,-1,121,146,122,-1,122,146,147,-1,122,147,123,-1,123,147,148,-1,123,148,124,-1,124,148,149,-1,124,149,125,-1,125,149,150,-1,125,150,126,-1,126,150,151,-1,126,151,127,-1,127,151,152,-1,127,152,128,-1,128,152,153,-1,128,153,129,-1,129,153,154,-1,129,154,130,-1,130,154,155,-1,130,155,131,-1,131,155,156,-1,131,156,132,-1,132,156,157,-1,132,157,133,-1,133,157,158,-1,133,158,134,-1,134,158,159,-1,134,159,135,-1,135,159,160,-1,135,160,136,-1,136,160,161,-1,136,161,137,-1,137,161,162,-1,137,162,138,-1,138,162,163,-1,138,163,139,-1,139,163,164,-1,139,164,140,-1,140,164,165,-1,140,165,141,-1,141,165,166,-1,141,166,142,-1,142,166,167,-1,142,167,143,-1,143,167,144,-1,168,169,170,-1,170,169,171,-1,170,171,172,-1,172,171,173,-1,172,173,174,-1,174,173,175,-1,174,175,176,-1,176,175,177,-1,176,177,178,-1,178,177,179,-1,178,179,180,-1,180,179,181,-1,180,181,182,-1,182,181,183,-1,182,183,184,-1,184,183,185,-1,184,185,186,-1,186,185,187,-1,186,187,188,-1,188,187,189,-1,188,189,190,-1,190,189,191,-1,190,191,192,-1,192,191,193,-1,192,193,194,-1,194,193,195,-1,194,195,196,-1,196,195,197,-1,196,197,198,-1,198,197,199,-1,198,199,200,-1,200,199,201,-1,200,201,202,-1,202,201,203,-1,202,203,204,-1,204,203,205,-1,204,205,206,-1,206,205,207,-1,206,207,208,-1,208,207,209,-1,208,209,210,-1,210,209,211,-1,210,211,212,-1,212,211,213,-1,212,213,214,-1,214,213,215,-1,214,215,168,-1,168,215,169,-1,215,216,169,-1,169,216,217,-1,169,217,171,-1,171,217,218,-1,171,218,173,-1,173,218,219,-1,173,219,175,-1,175,219,220,-1,175,220,177,-1,177,220,221,-1,177,221,179,-1,179,221,222,-1,179,222,181,-1,181,222,223,-1,181,223,183,-1,183,223,224,-1,183,224,185,-1,185,224,225,-1,185,225,187,-1,187,225,226,-1,187,226,189,-1,189,226,227,-1,189,227,191,-1,191,227,228,-1,191,228,193,-1,193,228,229,-1,193,229,195,-1,195,229,230,-1,195,230,197,-1,197,230,231,-1,197,231,199,-1,199,231,232,-1,199,232,201,-1,201,232,233,-1,201,233,203,-1,203,233,234,-1,203,234,205,-1,205,234,235,-1,205,235,207,-1,207,235,236,-1,207,236,209,-1,209,236,237,-1,209,237,211,-1,211,237,238,-1,211,238,213,-1,213,238,239,-1,213,239,215,-1,215,239,216,-1,239,240,216,-1,216,240,241,-1,216,241,217,-1,217,241,242,-1,217,242,218,-1,218,242,243,-1,218,243,219,-1,219,243,244,-1,219,244,220,-1,220,244,245,-1,220,245,221,-1,221,245,246,-1,221,246,222,-1,222,246,247,-1,222,247,223,-1,223,247,248,-1,223,248,224,-1,224,248,249,-1,224,249,225,-1,225,249,250,-1,225,250,226,-1,226,250,251,-1,226,251,227,-1,227,251,252,-1,227,252,228,-1,228,252,253,-1,228,253,229,-1,229,253,254,-1,229,254,230,-1,230,254,255,-1,230,255,231,-1,231,255,256,-1,231,256,232,-1,232,256,257,-1,232,257,233,-1,233,257,258,-1,233,258,234,-1,234,258,259,-1,234,259,235,-1,235,259,260,-1,235,260,236,-1,236,260,261,-1,236,261,237,-1,237,261,262,-1,237,262,238,-1,238,262,263,-1,238,263,239,-1,239,263,240,-1,263,264,240,-1,240,264,265,-1,240,265,241,-1,241,265,266,-1,241,266,242,-1,242,266,267,-1,242,267,243,-1,243,267,268,-1,243,268,244,-1,244,268,269,-1,244,269,245,-1,245,269,270,-1,245,270,246,-1,246,270,271,-1,246,271,247,-1,247,271,272,-1,247,272,248,-1,248,272,273,-1,248,273,249,-1,249,273,274,-1,249,274,250,-1,250,274,275,-1,250,275,251,-1,251,275,276,-1,251,276,252,-1,252,276,277,-1,252,277,253,-1,253,277,278,-1,253,278,254,-1,254,278,279,-1,254,279,255,-1,255,279,280,-1,255,280,256,-1,256,280,281,-1,256,281,257,-1,257,281,282,-1,257,282,258,-1,258,282,283,-1,258,283,259,-1,259,283,284,-1,259,284,260,-1,260,284,285,-1,260,285,261,-1,261,285,286,-1,261,286,262,-1,262,286,287,-1,262,287,263,-1,263,287,264,-1,287,288,264,-1,264,288,289,-1,264,289,265,-1,265,289,290,-1,265,290,266,-1,266,290,291,-1,266,291,267,-1,267,291,292,-1,267,292,268,-1,268,292,293,-1,268,293,269,-1,269,293,294,-1,269,294,270,-1,270,294,295,-1,270,295,271,-1,271,295,296,-1,271,296,272,-1,272,296,297,-1,272,297,273,-1,273,297,298,-1,273,298,274,-1,274,298,299,-1,274,299,275,-1,275,299,300,-1,275,300,276,-1,276,300,301,-1,276,301,277,-1,277,301,302,-1,277,302,278,-1,278,302,303,-1,278,303,279,-1,279,303,304,-1,279,304,280,-1,280,304,305,-1,280,305,281,-1,281,305,306,-1,281,306,282,-1,282,306,307,-1,282,307,283,-1,283,307,308,-1,283,308,284,-1,284,308,309,-1,284,309,285,-1,285,309,310,-1,285,310,286,-1,286,310,311,-1,286,311,287,-1,287,311,288,-1,311,312,288,-1,288,312,313,-1,288,313,289,-1,289,313,314,-1,289,314,290,-1,290,314,315,-1,290,315,291,-1,291,315,316,-1,291,316,292,-1,292,316,317,-1,292,317,293,-1,293,317,318,-1,293,318,294,-1,294,318,319,-1,294,319,295,-1,295,319,320,-1,295,320,296,-1,296,320,321,-1,296,321,297,-1,297,321,322,-1,297,322,298,-1,298,322,323,-1,298,323,299,-1,299,323,324,-1,299,324,300,-1,300,324,325,-1,300,325,301,-1,301,325,326,-1,301,326,302,-1,302,326,327,-1,302,327,303,-1,303,327,328,-1,303,328,304,-1,304,328,329,-1,304,329,305,-1,305,329,330,-1,305,330,306,-1,306,330,331,-1,306,331,307,-1,307,331,332,-1,307,332,308,-1,308,332,333,-1,308,333,309,-1,309,333,334,-1,309,334,310,-1,310,334,335,-1,310,335,311,-1,311,335,312,-1,
        ]
    }
}
Shape{
    appearance Appearance {
        material  Material 	{
            diffuseColor 1.0 1.0 1.0
            specularColor 0.5019607843137255 0.5019607843137255 0.5019607843137255
            ambientIntensity 0.2
            transparency 0
            shininess 0.5
        }
    }
    geometry IndexedFaceSet {
        ccw TRUE
        solid FALSE
        coord DEF co Coordinate {
            point [
                1.685 -1.5461 6.9882, 1.685 0.062 6.9882, 2.0787 -1.5461 6.9882, 2.0787 0.062 6.9882, 1.685 0.062 7.3425, 1.685 -1.5915 7.0669, 1.685 -1.5915 7.3425, 2.0787 -1.5915 7.0669, 2.0787 0.062 7.3425, 2.0787 -1.5915 7.3425, -1.685 -1.5461 6.9882, -1.685 0.062 6.9882, -1.685 -1.5915 7.0669, -1.685 0.062 7.3425, -1.685 -1.5915 7.3425, -2.0787 -1.5461 6.9882, -2.0787 0.062 6.9882, -2.0787 0.062 7.3425, -2.0787 -1.5915 7.0669, -2.0787 -1.5915 7.3425, -1.0236 -2.2805 5.2756, -1.0236 -2.2805 4.9213, -1.0236 0.2719 5.2756, -1.0236 0.2719 4.9213, -1.0433 0.2916 5.2756, -1.0433 0.2916 4.9213, -1.4173 0.2916 5.2756, -1.4173 0.2916 4.9213, -1.4173 -1.9065 4.9213, -1.4173 -1.9065 5.2953, -1.4173 -1.6777 5.2953, -1.4173 0.2921 5.28, -1.4173 0.3113 5.2953, -1.4173 0.3069 5.2948, -1.4173 0.299 5.291, -1.4173 0.2959 5.2879, -1.4173 0.2936 5.2841, -1.4173 0.3028 5.2933, -2.3622 -1.9065 4.9213, -2.3622 -1.9065 5.2953, 1.4173 0.3069 5.2948, 1.4173 0.3113 5.2953, 1.4173 -1.6777 5.2953, 1.4173 0.2921 5.28, 1.4173 0.2936 5.2841, 1.4173 0.2959 5.2879, 1.4173 -1.9065 5.2953, 1.4173 -1.9065 4.9213, 1.4173 0.299 5.291, 1.4173 0.3028 5.2933, 1.4173 0.2916 5.2756, 1.4173 0.2916 4.9213, 1.0433 0.2916 5.2756, 1.0433 0.2916 4.9213, 1.0236 0.2719 5.2756, 1.0236 0.2719 4.9213, 1.0236 -2.2805 5.2756, 1.0236 -2.2805 4.9213, 2.3622 -1.9065 4.9213, 2.3622 -1.9065 5.2953, -2.3622 0.7313 6.6477, -2.3622 2.2649 5.3825, -2.3629 2.2682 5.3864, -2.3629 0.7313 6.6543, -2.3648 2.2712 5.39, -2.3648 0.7313 6.6605, -2.368 2.2738 5.3932, -2.368 0.7313 6.6658, -2.3699 0.7313 6.668, -2.372 2.2758 5.3956, -2.372 0.7313 6.6698, -2.3744 0.7313 6.6713, -2.3768 2.277 5.3971, -2.3768 0.7313 6.6724, -2.3793 0.7313 6.673, -2.3819 2.2775 5.3976, -2.3819 0.7313 6.6732, -2.3819 2.3061 5.3369, -2.3819 2.3042 5.3541, -2.3768 2.3054 5.3369, -2.3768 2.3035 5.354, -2.372 2.3035 5.3369, -2.372 2.3016 5.3535, -2.368 2.3003 5.3369, -2.368 2.2986 5.3528, -2.3648 2.2963 5.3369, -2.3648 2.2946 5.352, -2.3629 2.2915 5.3369, -2.3629 2.29 5.3509, -2.3622 2.2864 5.3369, -2.3622 2.285 5.3498, -2.3819 2.2986 5.3705, -2.3768 2.298 5.3702, -2.372 2.2962 5.3693, -2.368 2.2934 5.368, -2.3648 2.2897 5.3663, -2.3629 2.2854 5.3643, -2.3622 2.2808 5.3621, -2.3819 2.2895 5.3852, -2.3768 2.289 5.3848, -2.372 2.2874 5.3836, -2.368 2.285 5.3817, -2.3648 2.2818 5.3792, -2.3629 2.278 5.3763, -2.3622 2.274 5.3731, -2.3622 2.2864 4.9803, -2.3629 2.2915 4.9803, -2.3648 2.2963 4.9803, -2.368 2.3003 4.9803, -2.372 2.3035 4.9803, -2.3768 2.3054 4.9803, -2.3819 2.3061 4.9803, -2.3819 2.2274 4.9016, -2.3819 2.2477 4.9043, -2.3768 2.2274 4.9022, -2.3768 2.2476 4.9049, -2.372 2.2274 4.9042, -2.372 2.2471 4.9068, -2.368 2.2274 4.9073, -2.368 2.2462 4.9098, -2.3648 2.2274 4.9114, -2.3648 2.2452 4.9138, -2.3629 2.2274 4.9162, -2.3629 2.244 4.9184, -2.3622 2.2274 4.9213, -2.3622 2.2426 4.9233, -2.3819 2.2667 4.9121, -2.3768 2.2664 4.9127, -2.372 2.2654 4.9144, -2.368 2.2638 4.9171, -2.3648 2.2618 4.9206, -2.3629 2.2594 4.9248, -2.3622 2.2569 4.9292, -2.3819 2.283 4.9246, -2.3768 2.2826 4.9251, -2.372 2.2812 4.9265, -2.368 2.279 4.9287, -2.3648 2.2761 4.9316, -2.3629 2.2727 4.935, -2.3622 2.2691 4.9386, -2.3819 2.2955 4.9409, -2.3768 2.295 4.9413, -2.372 2.2933 4.9423, -2.368 2.2906 4.9438, -2.3648 2.287 4.9459, -2.3629 2.2829 4.9482, -2.3622 2.2785 4.9508, -2.3819 2.3034 4.9599, -2.3768 2.3028 4.9601, -2.372 2.3009 4.9606, -2.368 2.2978 4.9614, -2.3648 2.2939 4.9625, -2.3629 2.2893 4.9637, -2.3622 2.2844 4.965, -2.3819 0.1014 4.9016, -2.3768 -1.9211 4.9022, -2.3819 -1.9262 4.9016, -2.372 -1.9163 4.9042, -2.368 -1.9123 4.9073, -2.3648 -1.9091 4.9114, -2.3663 -1.9106 4.9093, -2.3624 -1.9067 4.9187, -2.3629 -1.9072 4.9162, -2.3637 -1.908 4.9137, -1.4172 -1.9067 4.9187, -1.4167 -1.9072 4.9162, -1.4133 -1.9106 4.9093, -1.4116 -1.9123 4.9073, -1.4075 -1.9163 4.9042, -1.4027 -1.9211 4.9022, -1.3976 -1.9262 4.9016, -1.4147 -1.9091 4.9114, -1.4158 -1.908 4.9137, -1.4075 0.2818 4.9042, -1.4061 0.2804 4.9037, -1.4027 0.277 4.9022, -1.402 0.2763 4.9021, -1.3976 0.2719 4.9016, -1.4172 0.2915 4.9191, -1.4168 0.2911 4.9169, -1.4167 0.2909 4.9162, -1.4154 0.2897 4.9127, -1.4146 0.2889 4.9115, -1.413 0.2873 4.909, -1.4116 0.2858 4.9073, -1.4098 0.2841 4.906, 2.3819 0.7313 6.6732, 2.3819 2.2775 5.3976, 2.3793 0.7313 6.673, 2.3768 2.277 5.3971, 2.3768 0.7313 6.6724, 2.3744 0.7313 6.6713, 2.372 2.2758 5.3956, 2.372 0.7313 6.6698, 2.3699 0.7313 6.668, 2.368 2.2738 5.3932, 2.368 0.7313 6.6658, 2.3648 2.2712 5.39, 2.3648 0.7313 6.6605, 2.3629 2.2682 5.3864, 2.3629 0.7313 6.6543, 2.3622 2.2649 5.3825, 2.3622 0.7313 6.6477, -1.0433 0.2911 4.9169, -1.0433 0.2897 4.9127, -1.0433 0.2873 4.909, -1.0433 0.2842 4.9059, -1.0433 0.2805 4.9035, -1.0433 0.2763 4.9021, -1.0433 0.2719 4.9016, 2.3819 2.2895 5.3852, 2.3768 2.289 5.3848, 2.372 2.2874 5.3836, 2.368 2.285 5.3817, 2.3648 2.2818 5.3792, 2.3629 2.278 5.3763, 2.3622 2.274 5.3731, 2.3819 2.2986 5.3705, 2.3768 2.298 5.3702, 2.372 2.2962 5.3693, 2.368 2.2934 5.368, 2.3648 2.2897 5.3663, 2.3629 2.2854 5.3643, 2.3622 2.2808 5.3621, 2.3819 2.3042 5.3541, 2.3768 2.3035 5.354, 2.372 2.3016 5.3535, 2.368 2.2986 5.3528, 2.3648 2.2946 5.352, 2.3629 2.29 5.3509, 2.3622 2.285 5.3498, 2.3819 2.3061 5.3369, 2.3768 2.3054 5.3369, 2.372 2.3035 5.3369, 2.368 2.3003 5.3369, 2.3648 2.2963 5.3369, 2.3629 2.2915 5.3369, 2.3622 2.2864 5.3369, -1.0382 0.2909 4.9213, -1.0335 0.289 4.9213, -1.0383 0.2905 4.9169, -1.0337 0.2885 4.9169, -1.0387 0.2891 4.9127, -1.0344 0.2873 4.9127, -1.0393 0.2868 4.909, -1.0356 0.2853 4.909, -1.0401 0.2838 4.9059, -1.0372 0.2826 4.9059, -1.0411 0.2802 4.9035, -1.039 0.2793 4.9035, -1.0422 0.2762 4.9021, -1.0411 0.2757 4.9021, -1.0294 0.2858 4.9213, -1.0297 0.2855 4.9169, -1.0308 0.2845 4.9127, -1.0324 0.2828 4.909, -1.0346 0.2806 4.9059, -1.0373 0.278 4.9035, -1.0402 0.275 4.9021, -1.0263 0.2818 4.9213, -1.0243 0.277 4.9213, -1.0267 0.2815 4.9169, -1.0248 0.2769 4.9169, -1.0279 0.2808 4.9127, -1.0262 0.2765 4.9127, -1.03 0.2796 4.909, -1.0284 0.2759 4.909, -1.0327 0.2781 4.9059, -1.0315 0.2751 4.9059, -1.0359 0.2762 4.9035, -1.0351 0.2741 4.9035, -1.0395 0.2741 4.9021, -1.0391 0.2731 4.9021, -1.0241 0.2719 4.9169, -1.0256 0.2719 4.9127, -1.0279 0.2719 4.909, -1.031 0.2719 4.9059, -1.0348 0.2719 4.9035, -1.0389 0.2719 4.9021, -2.7413 -2.2995 4.9213, -2.7461 -2.2976 4.9213, -2.7411 -2.2989 4.9162, -2.7457 -2.297 4.9162, -2.7406 -2.297 4.9114, -2.7447 -2.2953 4.9114, -2.7398 -2.294 4.9073, -2.7432 -2.2926 4.9073, -2.7388 -2.29 4.9042, -2.7411 -2.289 4.9042, -2.7375 -2.2854 4.9022, -2.7388 -2.2849 4.9022, -2.7362 -2.2805 4.9016, -2.7501 -2.2944 4.9213, -2.7497 -2.294 4.9162, -2.7483 -2.2926 4.9114, -2.7461 -2.2904 4.9073, -2.7432 -2.2875 4.9042, -2.7398 -2.2841 4.9022, -2.7362 -2.3002 4.9213, -2.7362 -2.2995 4.9162, -2.7362 -2.2976 4.9114, -2.7362 -2.2944 4.9073, -2.7362 -2.2904 4.9042, -2.7362 -2.2856 4.9022, -2.7533 -2.2904 4.9213, -2.7552 -2.2856 4.9213, -2.7527 -2.29 4.9162, -2.7546 -2.2854 4.9162, -2.751 -2.289 4.9114, -2.7527 -2.2849 4.9114, -2.7483 -2.2875 4.9073, -2.7497 -2.2841 4.9073, -2.7447 -2.2854 4.9042, -2.7457 -2.2831 4.9042, -2.7406 -2.2831 4.9022, -2.7411 -2.2818 4.9022, -2.7559 -2.2805 4.9213, -2.7552 -2.2805 4.9162, -2.7533 -2.2805 4.9114, -2.7501 -2.2805 4.9073, -2.7461 -2.2805 4.9042, -2.7413 -2.2805 4.9022, 2.3622 2.2864 4.9803, 2.3629 2.2915 4.9803, 2.3648 2.2963 4.9803, 2.368 2.3003 4.9803, 2.372 2.3035 4.9803, 2.3768 2.3054 4.9803, 2.3819 2.3061 4.9803, -1.0433 0.2921 5.28, -1.0433 0.2936 5.2841, -1.0433 0.2959 5.2879, -1.0433 0.299 5.291, -1.0433 0.3028 5.2933, -1.0433 0.3069 5.2948, -1.0433 0.3113 5.2953, -1.0382 0.2909 5.2756, -1.0335 0.289 5.2756, -1.0294 0.2858 5.2756, -1.0263 0.2818 5.2756, -1.0243 0.277 5.2756, -1.0433 -2.2805 4.9016, -1.0389 -2.2805 4.9022, -1.0382 -2.2805 4.9022, -1.0348 -2.2805 4.9037, -1.0335 -2.2805 4.9042, -1.0311 -2.2805 4.906, -1.028 -2.2805 4.9091, -1.0294 -2.2805 4.9073, -1.0242 -2.2805 4.9169, -1.0243 -2.2805 4.9162, -1.0257 -2.2805 4.9128, -1.0263 -2.2805 4.9114, -1.0433 -2.2856 4.9022, -1.0433 -2.2904 4.9042, -1.0433 -2.2944 4.9073, -1.0433 -2.2976 4.9114, -1.0433 -2.2995 4.9162, -1.0433 -2.3002 4.9213, 2.3819 2.3034 4.9599, 2.3768 2.3028 4.9601, 2.372 2.3009 4.9606, 2.368 2.2978 4.9614, 2.3648 2.2939 4.9625, 2.3629 2.2893 4.9637, 2.3622 2.2844 4.965, 2.3819 2.2955 4.9409, 2.3768 2.295 4.9413, 2.372 2.2933 4.9423, 2.368 2.2906 4.9438, 2.3648 2.287 4.9459, 2.3629 2.2829 4.9482, 2.3622 2.2785 4.9508, 2.3819 2.283 4.9246, 2.3768 2.2826 4.9251, 2.372 2.2812 4.9265, 2.368 2.279 4.9287, 2.3648 2.2761 4.9316, 2.3629 2.2727 4.935, 2.3622 2.2691 4.9386, 2.3819 2.2667 4.9121, 2.3768 2.2664 4.9127, 2.372 2.2654 4.9144, 2.368 2.2638 4.9171, 2.3648 2.2618 4.9206, 2.3629 2.2594 4.9248, 2.3622 2.2569 4.9292, 2.3819 2.2477 4.9043, 2.3768 2.2476 4.9049, 2.372 2.2471 4.9068, 2.368 2.2462 4.9098, 2.3648 2.2452 4.9138, 2.3629 2.244 4.9184, 2.3622 2.2426 4.9233, 2.3819 2.2274 4.9016, 2.3768 2.2274 4.9022, 2.372 2.2274 4.9042, 2.368 2.2274 4.9073, 2.3648 2.2274 4.9114, 2.3629 2.2274 4.9162, 2.3622 2.2274 4.9213, -1.0053 0.2821 5.2953, -1.0039 0.2719 5.2953, -1.0083 0.2719 5.2948, -1.0092 0.2916 5.2953, -1.0095 0.281 5.2948, -1.0155 0.2998 5.2953, -1.013 0.2894 5.2948, -1.0236 0.306 5.2953, -1.0186 0.2967 5.2948, -1.0331 0.31 5.2953, -1.0258 0.3022 5.2948, -1.0343 0.3057 5.2948, -1.0353 0.3017 5.2933, -1.0363 0.2981 5.291, -1.0371 0.2951 5.2879, -1.0377 0.2928 5.2841, -1.0381 0.2914 5.28, -1.0279 0.2986 5.2933, -1.0298 0.2954 5.291, -1.0313 0.2927 5.2879, -1.0325 0.2907 5.2841, -1.0332 0.2894 5.28, -1.0215 0.2937 5.2933, -1.0241 0.2911 5.291, -1.0264 0.2889 5.2879, -1.028 0.2872 5.2841, -1.029 0.2862 5.28, -1.0166 0.2873 5.2933, -1.0198 0.2855 5.291, -1.0225 0.2839 5.2879, -1.0246 0.2827 5.2841, -1.0258 0.282 5.28, -1.0135 0.2799 5.2933, -1.0171 0.2789 5.291, -1.0201 0.2781 5.2879, -1.0224 0.2775 5.2841, -1.0238 0.2771 5.28, -1.0125 0.2719 5.2933, -1.0162 0.2719 5.291, -1.0193 0.2719 5.2879, -1.0217 0.2719 5.2841, -1.0231 0.2719 5.28, -1.0397 -2.2841 4.9022, -1.0408 -2.2849 4.9022, -1.0338 -2.2831 4.9042, -1.0299 -2.2841 4.9073, -1.0384 -2.2989 4.9162, -1.0382 -2.2995 4.9213, -1.0299 -2.294 4.9162, -1.0294 -2.2944 4.9213, -1.0335 -2.2976 4.9213, -1.0243 -2.2856 4.9213, -1.0249 -2.2854 4.9162, -1.0263 -2.2904 4.9213, -1.0268 -2.29 4.9162, -1.0285 -2.289 4.9114, -1.0268 -2.2849 4.9114, -1.0397 -2.294 4.9073, -1.0313 -2.2875 4.9073, -1.0313 -2.2926 4.9114, -1.0338 -2.297 4.9162, -1.0408 -2.29 4.9042, -1.0384 -2.289 4.9042, -1.0348 -2.2953 4.9114, -1.0335 -2.2904 4.9073, -1.0348 -2.2854 4.9042, -1.0384 -2.2818 4.9022, -1.042 -2.2854 4.9022, -1.0389 -2.297 4.9114, -1.0363 -2.2926 4.9073, -1.0363 -2.2875 4.9042, -1.0389 -2.2831 4.9022, 2.7374 -2.2855 4.9022, 2.7362 -2.2856 4.9022, 2.7362 -2.2805 4.9016, 2.7384 -2.2851 4.9022, 2.7394 -2.2845 4.9022, 2.7402 -2.2837 4.9022, 2.7408 -2.2827 4.9022, 2.7412 -2.2817 4.9022, 2.7413 -2.2805 4.9022, 2.7461 -2.2805 4.9042, 2.7458 -2.2827 4.9042, 2.7501 -2.2805 4.9073, 2.7498 -2.2836 4.9073, 2.7533 -2.2805 4.9114, 2.7528 -2.2843 4.9114, 2.7552 -2.2805 4.9162, 2.7548 -2.2848 4.9162, 2.7559 -2.2805 4.9213, 2.7554 -2.2849 4.9213, 2.754 -2.2891 4.9213, 2.7534 -2.2888 4.9162, 2.7516 -2.2928 4.9213, 2.7511 -2.2924 4.9162, 2.7485 -2.2959 4.9213, 2.7481 -2.2954 4.9162, 2.7448 -2.2983 4.9213, 2.7445 -2.2977 4.9162, 2.7406 -2.2997 4.9213, 2.7405 -2.2991 4.9162, 2.7362 -2.3002 4.9213, 2.7362 -2.2995 4.9162, 2.7516 -2.2879 4.9114, 2.7495 -2.2911 4.9114, 2.7468 -2.2938 4.9114, 2.7436 -2.2959 4.9114, 2.74 -2.2971 4.9114, 2.7362 -2.2976 4.9114, 2.7488 -2.2866 4.9073, 2.7471 -2.2892 4.9073, 2.7449 -2.2914 4.9073, 2.7423 -2.2931 4.9073, 2.7393 -2.2941 4.9073, 2.7362 -2.2944 4.9073, 2.7451 -2.2848 4.9042, 2.7439 -2.2867 4.9042, 2.7424 -2.2882 4.9042, 2.7405 -2.2894 4.9042, 2.7384 -2.2901 4.9042, 2.7362 -2.2904 4.9042, 2.3629 -1.9072 4.9162, 2.3624 -1.9067 4.9187, 2.368 -1.9123 4.9073, 2.3663 -1.9106 4.9093, 2.3648 -1.9091 4.9114, 2.3637 -1.908 4.9137, 2.3819 0.1014 4.9016, 2.372 -1.9163 4.9042, 2.3768 -1.9211 4.9022, 2.3819 -1.9262 4.9016, -1.0039 -1.6777 5.2953, -1.0039 -2.2805 5.2953, -1.0083 -2.2805 5.2947, -1.023 -2.2805 5.28, -1.023 -2.2805 5.2807, -1.0215 -2.2805 5.2841, -1.021 -2.2805 5.2854, -1.0192 -2.2805 5.2878, -1.0124 -2.2805 5.2932, -1.0138 -2.2805 5.2926, -1.0161 -2.2805 5.2909, -1.0179 -2.2805 5.2895, -1.009 -2.2805 5.2946, -1.0241 -2.2849 5.2756, -1.0244 -2.2856 5.2756, -1.0256 -2.2891 5.2756, -1.0264 -2.2903 5.2756, -1.0279 -2.2928 5.2756, -1.0295 -2.2944 5.2756, -1.031 -2.2959 5.2756, -1.0335 -2.2975 5.2756, -1.0348 -2.2983 5.2756, -1.0382 -2.2995 5.2756, -1.0389 -2.2997 5.2756, -1.0433 -2.3002 5.2756, 1.0433 -2.2805 4.9016, 1.0433 -2.2856 4.9022, 1.0433 -2.2904 4.9042, 1.0433 -2.2944 4.9073, 1.0433 -2.2976 4.9114, 1.0433 -2.2995 4.9162, 1.0433 -2.3002 4.9213, 1.4167 -1.9072 4.9162, 1.4168 -1.907 4.9169, 1.4172 -1.9066 4.9191, 1.4154 -1.9085 4.9127, 1.4146 -1.9092 4.9115, 1.413 -1.9108 4.909, 1.4115 -1.9124 4.9074, 1.4074 -1.9164 4.9043, 1.4099 -1.9139 4.9059, 1.3976 -1.9262 4.9016, 1.402 -1.9218 4.9021, 1.4027 -1.9211 4.9023, 1.4062 -1.9176 4.9035, -1.0234 -2.2849 5.2808, -1.0214 -2.2849 5.2857, -1.0182 -2.2849 5.2899, -1.014 -2.2849 5.2931, -1.0377 -2.2997 5.2846, -1.042 -2.3002 5.2858, -1.0039 -2.3002 5.315, -1.0141 -2.3002 5.3136, -1.0039 -2.2997 5.3106, -1.013 -2.2997 5.3094, -1.0039 -2.2995 5.3099, -1.0119 -2.2983 5.3054, -1.0039 -2.2983 5.3064, -1.0337 -2.2983 5.2836, -1.0039 -2.2975 5.3052, -1.011 -2.2959 5.3018, -1.0039 -2.2959 5.3027, -1.0301 -2.2959 5.2826, -1.0039 -2.2944 5.3011, -1.0101 -2.2928 5.2988, -1.0039 -2.2928 5.2996, -1.0271 -2.2928 5.2818, -1.0039 -2.2903 5.298, -1.0095 -2.2891 5.2965, -1.0039 -2.2891 5.2972, -1.0248 -2.2891 5.2812, -1.0092 -2.2849 5.2951, -1.0039 -2.2856 5.296, -1.0039 -2.2849 5.2958, -1.0148 -2.2891 5.2943, -1.0159 -2.2928 5.2964, -1.0175 -2.2959 5.2991, -1.0194 -2.2983 5.3023, -1.0214 -2.2997 5.3059, -1.0236 -2.3002 5.3097, -1.0192 -2.2891 5.2909, -1.0209 -2.2928 5.2925, -1.0231 -2.2959 5.2948, -1.0257 -2.2983 5.2974, -1.0287 -2.2997 5.3003, -1.0318 -2.3002 5.3034, -1.0227 -2.2891 5.2864, -1.0247 -2.2928 5.2876, -1.0274 -2.2959 5.2891, -1.0306 -2.2983 5.291, -1.0342 -2.2997 5.2931, -1.038 -2.3002 5.2953, 1.0242 -2.2849 4.9213, 1.0243 -2.2805 4.9162, 1.0257 -2.289 4.9213, 1.0243 -2.2856 4.9213, 1.0249 -2.2854 4.9162, 1.028 -2.2927 4.9213, 1.0263 -2.2904 4.9213, 1.0268 -2.29 4.9162, 1.0311 -2.2958 4.9213, 1.0294 -2.2944 4.9213, 1.0299 -2.294 4.9162, 1.0348 -2.2981 4.9213, 1.0335 -2.2976 4.9213, 1.0338 -2.297 4.9162, 1.0389 -2.2996 4.9213, 1.0382 -2.2995 4.9213, 1.0384 -2.2989 4.9162, 1.0389 -2.297 4.9114, 1.0348 -2.2953 4.9114, 1.0397 -2.294 4.9073, 1.0363 -2.2926 4.9073, 1.0408 -2.29 4.9042, 1.0384 -2.289 4.9042, 1.042 -2.2854 4.9022, 1.0408 -2.2849 4.9022, 1.0313 -2.2926 4.9114, 1.0335 -2.2904 4.9073, 1.0363 -2.2875 4.9042, 1.0397 -2.2841 4.9022, 1.0285 -2.289 4.9114, 1.0268 -2.2849 4.9114, 1.0313 -2.2875 4.9073, 1.0299 -2.2841 4.9073, 1.0348 -2.2854 4.9042, 1.0338 -2.2831 4.9042, 1.0389 -2.2831 4.9022, 1.0384 -2.2818 4.9022, 1.0263 -2.2805 4.9114, 1.0294 -2.2805 4.9073, 1.0335 -2.2805 4.9042, 1.0382 -2.2805 4.9022, 1.4172 0.2915 4.9191, 1.4168 0.2911 4.9169, 1.4162 0.2905 4.9148, 1.4154 0.2897 4.9127, 1.413 0.2873 4.909, 1.4099 0.2842 4.9059, 1.4062 0.2805 4.9035, 1.402 0.2763 4.9021, 1.3976 0.2719 4.9016, 1.0039 -2.3002 5.315, 1.0039 -2.2995 5.3099, 1.0039 -2.2976 5.3051, 1.0039 -2.2944 5.301, 1.0039 -2.2904 5.2979, 1.0039 -2.2856 5.2959, 0.1014 -2.2805 5.2953, 1.0039 -2.2805 5.2953, 1.0433 -2.3002 5.2756, 1.0389 -2.2996 5.2756, 1.0382 -2.2995 5.2756, 1.0348 -2.2981 5.2756, 1.0335 -2.2976 5.2756, 1.0311 -2.2958 5.2756, 1.0294 -2.2944 5.2756, 1.028 -2.2927 5.2756, 1.0263 -2.2904 5.2756, 1.0257 -2.289 5.2756, 1.0243 -2.2856 5.2756, 1.0242 -2.2849 5.2756, 1.0389 0.2719 4.9021, 1.0433 0.2719 4.9016, 1.0382 0.2719 4.9023, 1.0348 0.2719 4.9035, 1.0335 0.2719 4.9043, 1.031 0.2719 4.9059, 1.0295 0.2719 4.9074, 1.0279 0.2719 4.909, 1.0264 0.2719 4.9115, 1.0256 0.2719 4.9127, 1.0244 0.2719 4.9162, 1.0241 0.2719 4.9169, 1.0433 0.2763 4.9021, 1.0433 0.2805 4.9035, 1.0433 0.2842 4.9059, 1.0433 0.2873 4.909, 1.0433 0.2897 4.9127, 1.0433 0.2911 4.9169, 1.042 -2.3002 5.2858, 1.037 -2.2995 5.2845, 1.0325 -2.2976 5.2832, 1.0285 -2.2944 5.2822, 1.0255 -2.2904 5.2814, 1.0236 -2.2856 5.2809, 1.023 -2.2805 5.2807, 1.038 -2.3002 5.2953, 1.0336 -2.2995 5.2927, 1.0295 -2.2976 5.2904, 1.026 -2.2944 5.2883, 1.0233 -2.2904 5.2868, 1.0216 -2.2856 5.2858, 1.021 -2.2805 5.2854, 1.0318 -2.3002 5.3034, 1.0282 -2.2995 5.2998, 1.0248 -2.2976 5.2965, 1.0219 -2.2944 5.2936, 1.0197 -2.2904 5.2914, 1.0183 -2.2856 5.29, 1.0179 -2.2805 5.2895, 1.0236 -2.3002 5.3097, 1.0211 -2.2995 5.3053, 1.0187 -2.2976 5.3012, 1.0167 -2.2944 5.2976, 1.0151 -2.2904 5.2949, 1.0141 -2.2856 5.2932, 1.0138 -2.2805 5.2926, 1.0141 -2.3002 5.3136, 1.0128 -2.2995 5.3087, 1.0116 -2.2976 5.3041, 1.0105 -2.2944 5.3002, 1.0097 -2.2904 5.2972, 1.0092 -2.2856 5.2953, 1.009 -2.2805 5.2946, 1.0243 0.277 4.9213, 1.0248 0.2769 4.9169, 1.0262 0.2765 4.9127, 1.0284 0.2759 4.909, 1.0315 0.2751 4.9059, 1.0351 0.2741 4.9035, 1.0391 0.2731 4.9021, 1.0263 0.2818 4.9213, 1.0267 0.2815 4.9169, 1.0279 0.2808 4.9127, 1.03 0.2796 4.909, 1.0327 0.2781 4.9059, 1.0359 0.2762 4.9035, 1.0395 0.2741 4.9021, 1.0294 0.2858 4.9213, 1.0297 0.2855 4.9169, 1.0308 0.2845 4.9127, 1.0324 0.2828 4.909, 1.0346 0.2806 4.9059, 1.0373 0.278 4.9035, 1.0402 0.275 4.9021, 1.0335 0.289 4.9213, 1.0382 0.2909 4.9213, 1.0337 0.2885 4.9169, 1.0383 0.2905 4.9169, 1.0344 0.2873 4.9127, 1.0387 0.2891 4.9127, 1.0356 0.2853 4.909, 1.0393 0.2868 4.909, 1.0372 0.2826 4.9059, 1.0401 0.2838 4.9059, 1.039 0.2793 4.9035, 1.0411 0.2802 4.9035, 1.0411 0.2757 4.9021, 1.0422 0.2762 4.9021, 1.0231 0.2719 5.28, 1.0229 0.2719 5.2807, 1.0217 0.2719 5.2841, 1.0209 0.2719 5.2854, 1.0193 0.2719 5.2879, 1.0178 0.2719 5.2894, 1.0162 0.2719 5.291, 1.0137 0.2719 5.2925, 1.0125 0.2719 5.2933, 1.009 0.2719 5.2945, 1.0039 -1.6777 5.2953, 1.0083 0.2719 5.2948, 1.0039 0.2719 5.2953, 1.0243 0.277 5.2756, 1.0263 0.2818 5.2756, 1.0294 0.2858 5.2756, 1.0335 0.289 5.2756, 1.0382 0.2909 5.2756, 1.0331 0.31 5.2953, 1.0433 0.3113 5.2953, 1.0433 0.3069 5.2948, 1.0236 0.306 5.2953, 1.0343 0.3057 5.2948, 1.0155 0.2998 5.2953, 1.0258 0.3022 5.2948, 1.0092 0.2916 5.2953, 1.0186 0.2967 5.2948, 1.0053 0.2821 5.2953, 1.013 0.2894 5.2948, 1.0095 0.281 5.2948, 1.0135 0.2799 5.2933, 1.0171 0.2789 5.291, 1.0201 0.2781 5.2879, 1.0224 0.2775 5.2841, 1.0238 0.2771 5.28, 1.0166 0.2873 5.2933, 1.0198 0.2855 5.291, 1.0225 0.2839 5.2879, 1.0246 0.2827 5.2841, 1.0258 0.282 5.28, 1.0215 0.2937 5.2933, 1.0241 0.2911 5.291, 1.0264 0.2889 5.2879, 1.028 0.2872 5.2841, 1.029 0.2862 5.28, 1.0279 0.2986 5.2933, 1.0298 0.2954 5.291, 1.0313 0.2927 5.2879, 1.0325 0.2907 5.2841, 1.0332 0.2894 5.28, 1.0353 0.3017 5.2933, 1.0363 0.2981 5.291, 1.0371 0.2951 5.2879, 1.0377 0.2928 5.2841, 1.0381 0.2914 5.28, 1.0433 0.3028 5.2933, 1.0433 0.299 5.291, 1.0433 0.2959 5.2879, 1.0433 0.2936 5.2841, 1.0433 0.2921 5.28, 2.3879 0.0555 4.9016, 2.3928 0.0568 4.9009, 2.4056 0.0128 4.9016, 2.41 0.0153 4.9009, 2.4338 -0.0239 4.9016, 2.4374 -0.0203 4.9009, 2.4705 -0.0521 4.9016, 2.473 -0.0476 4.9009, 2.5132 -0.0698 4.9016, 2.5145 -0.0648 4.9009, 2.5591 -0.0758 4.9016, 2.5591 -0.0707 4.9009, 2.6049 -0.0698 4.9016, 2.6036 -0.0648 4.9009, 2.6476 -0.0521 4.9016, 2.6451 -0.0476 4.9009, 2.6843 -0.0239 4.9016, 2.6807 -0.0203 4.9009, 2.7125 0.0128 4.9016, 2.7081 0.0153 4.9009, 2.7302 0.0555 4.9016, 2.7253 0.0568 4.9009, 2.7362 0.1014 4.9016, 2.7311 0.1014 4.9009, 2.7302 0.1472 4.9016, 2.7253 0.1459 4.9009, 2.7125 0.19 4.9016, 2.7081 0.1874 4.9009, 2.6843 0.2266 4.9016, 2.6807 0.223 4.9009, 2.6476 0.2548 4.9016, 2.6451 0.2504 4.9009, 2.6049 0.2725 4.9016, 2.6036 0.2676 4.9009, 2.5591 0.2785 4.9016, 2.5591 0.2734 4.9009, 2.5132 0.2725 4.9016, 2.5145 0.2676 4.9009, 2.4705 0.2548 4.9016, 2.473 0.2504 4.9009, 2.4338 0.2266 4.9016, 2.4374 0.223 4.9009, 2.4056 0.19 4.9016, 2.41 0.1874 4.9009, 2.3879 0.1472 4.9016, 2.3928 0.1459 4.9009, 2.387 0.1014 4.9009, 2.3974 0.0581 4.8989, 2.4141 0.0177 4.8989, 2.4407 -0.0169 4.8989, 2.4754 -0.0435 4.8989, 2.5157 -0.0603 4.8989, 2.5591 -0.066 4.8989, 2.6024 -0.0603 4.8989, 2.6427 -0.0435 4.8989, 2.6774 -0.0169 4.8989, 2.704 0.0177 4.8989, 2.7207 0.0581 4.8989, 2.7264 0.1014 4.8989, 2.7207 0.1447 4.8989, 2.704 0.185 4.8989, 2.6774 0.2197 4.8989, 2.6427 0.2463 4.8989, 2.6024 0.263 4.8989, 2.5591 0.2687 4.8989, 2.5157 0.263 4.8989, 2.4754 0.2463 4.8989, 2.4407 0.2197 4.8989, 2.4141 0.185 4.8989, 2.3974 0.1447 4.8989, 2.3917 0.1014 4.8989, 2.4014 0.0591 4.8958, 2.4177 0.0197 4.8958, 2.4436 -0.0141 4.8958, 2.4774 -0.04 4.8958, 2.5168 -0.0563 4.8958, 2.5591 -0.0619 4.8958, 2.6013 -0.0563 4.8958, 2.6407 -0.04 4.8958, 2.6745 -0.0141 4.8958, 2.7004 0.0197 4.8958, 2.7167 0.0591 4.8958, 2.7223 0.1014 4.8958, 2.7167 0.1436 4.8958, 2.7004 0.183 4.8958, 2.6745 0.2168 4.8958, 2.6407 0.2427 4.8958, 2.6013 0.2591 4.8958, 2.5591 0.2646 4.8958, 2.5168 0.2591 4.8958, 2.4774 0.2427 4.8958, 2.4436 0.2168 4.8958, 2.4177 0.183 4.8958, 2.4014 0.1436 4.8958, 2.3958 0.1014 4.8958, 2.4044 0.0599 4.8917, 2.4204 0.0213 4.8917, 2.4458 -0.0119 4.8917, 2.479 -0.0373 4.8917, 2.5176 -0.0533 4.8917, 2.5591 -0.0587 4.8917, 2.6005 -0.0533 4.8917, 2.6391 -0.0373 4.8917, 2.6723 -0.0119 4.8917, 2.6977 0.0213 4.8917, 2.7137 0.0599 4.8917, 2.7192 0.1014 4.8917, 2.7137 0.1428 4.8917, 2.6977 0.1814 4.8917, 2.6723 0.2146 4.8917, 2.6391 0.24 4.8917, 2.6005 0.256 4.8917, 2.5591 0.2615 4.8917, 2.5176 0.256 4.8917, 2.479 0.24 4.8917, 2.4458 0.2146 4.8917, 2.4204 0.1814 4.8917, 2.4044 0.1428 4.8917, 2.3989 0.1014 4.8917, 2.4063 0.0604 4.887, 2.4221 0.0223 4.887, 2.4472 -0.0105 4.887, 2.48 -0.0356 4.887, 2.5181 -0.0514 4.887, 2.5591 -0.0568 4.887, 2.6 -0.0514 4.887, 2.6381 -0.0356 4.887, 2.6709 -0.0105 4.887, 2.696 0.0223 4.887, 2.7118 0.0604 4.887, 2.7172 0.1014 4.887, 2.7118 0.1423 4.887, 2.696 0.1804 4.887, 2.6709 0.2132 4.887, 2.6381 0.2383 4.887, 2.6 0.2541 4.887, 2.5591 0.2595 4.887, 2.5181 0.2541 4.887, 2.48 0.2383 4.887, 2.4472 0.2132 4.887, 2.4221 0.1804 4.887, 2.4063 0.1423 4.887, 2.4009 0.1014 4.887, 2.4069 0.0606 4.8819, 2.4227 0.0226 4.8819, 2.4477 -0.01 4.8819, 2.4803 -0.035 4.8819, 2.5183 -0.0507 4.8819, 2.5591 -0.0561 4.8819, 2.5998 -0.0507 4.8819, 2.6378 -0.035 4.8819, 2.6704 -0.01 4.8819, 2.6954 0.0226 4.8819, 2.7112 0.0606 4.8819, 2.7165 0.1014 4.8819, 2.7112 0.1421 4.8819, 2.6954 0.1801 4.8819, 2.6704 0.2127 4.8819, 2.6378 0.2378 4.8819, 2.5998 0.2535 4.8819, 2.5591 0.2589 4.8819, 2.5183 0.2535 4.8819, 2.4803 0.2378 4.8819, 2.4477 0.2127 4.8819, 2.4227 0.1801 4.8819, 2.4069 0.1421 4.8819, 2.4016 0.1014 4.8819, -2.7302 0.0555 4.9016, -2.7253 0.0568 4.9009, -2.7125 0.0128 4.9016, -2.7081 0.0153 4.9009, -2.6843 -0.0239 4.9016, -2.6807 -0.0203 4.9009, -2.6476 -0.0521 4.9016, -2.6451 -0.0476 4.9009, -2.6049 -0.0698 4.9016, -2.6036 -0.0648 4.9009, -2.5591 -0.0758 4.9016, -2.5591 -0.0707 4.9009, -2.5132 -0.0698 4.9016, -2.5145 -0.0648 4.9009, -2.4705 -0.0521 4.9016, -2.473 -0.0476 4.9009, -2.4338 -0.0239 4.9016, -2.4374 -0.0203 4.9009, -2.4056 0.0128 4.9016, -2.41 0.0153 4.9009, -2.3879 0.0555 4.9016, -2.3928 0.0568 4.9009, -2.387 0.1014 4.9009, -2.3879 0.1472 4.9016, -2.3928 0.1459 4.9009, -2.4056 0.19 4.9016, -2.41 0.1874 4.9009, -2.4338 0.2266 4.9016, -2.4374 0.223 4.9009, -2.4705 0.2548 4.9016, -2.473 0.2504 4.9009, -2.5132 0.2725 4.9016, -2.5145 0.2676 4.9009, -2.5591 0.2785 4.9016, -2.5591 0.2734 4.9009, -2.6049 0.2725 4.9016, -2.6036 0.2676 4.9009, -2.6476 0.2548 4.9016, -2.6451 0.2504 4.9009, -2.6843 0.2266 4.9016, -2.6807 0.223 4.9009, -2.7125 0.19 4.9016, -2.7081 0.1874 4.9009, -2.7302 0.1472 4.9016, -2.7253 0.1459 4.9009, -2.7362 0.1014 4.9016, -2.7311 0.1014 4.9009, -2.7207 0.0581 4.8989, -2.704 0.0177 4.8989, -2.6774 -0.0169 4.8989, -2.6427 -0.0435 4.8989, -2.6024 -0.0603 4.8989, -2.5591 -0.066 4.8989, -2.5157 -0.0603 4.8989, -2.4754 -0.0435 4.8989, -2.4407 -0.0169 4.8989, -2.4141 0.0177 4.8989, -2.3974 0.0581 4.8989, -2.3917 0.1014 4.8989, -2.3974 0.1447 4.8989, -2.4141 0.185 4.8989, -2.4407 0.2197 4.8989, -2.4754 0.2463 4.8989, -2.5157 0.263 4.8989, -2.5591 0.2687 4.8989, -2.6024 0.263 4.8989, -2.6427 0.2463 4.8989, -2.6774 0.2197 4.8989, -2.704 0.185 4.8989, -2.7207 0.1447 4.8989, -2.7264 0.1014 4.8989, -2.7167 0.0591 4.8958, -2.7004 0.0197 4.8958, -2.6745 -0.0141 4.8958, -2.6407 -0.04 4.8958, -2.6013 -0.0563 4.8958, -2.5591 -0.0619 4.8958, -2.5168 -0.0563 4.8958, -2.4774 -0.04 4.8958, -2.4436 -0.0141 4.8958, -2.4177 0.0197 4.8958, -2.4014 0.0591 4.8958, -2.3958 0.1014 4.8958, -2.4014 0.1436 4.8958, -2.4177 0.183 4.8958, -2.4436 0.2168 4.8958, -2.4774 0.2427 4.8958, -2.5168 0.2591 4.8958, -2.5591 0.2646 4.8958, -2.6013 0.2591 4.8958, -2.6407 0.2427 4.8958, -2.6745 0.2168 4.8958, -2.7004 0.183 4.8958, -2.7167 0.1436 4.8958, -2.7223 0.1014 4.8958, -2.7137 0.0599 4.8917, -2.6977 0.0213 4.8917, -2.6723 -0.0119 4.8917, -2.6391 -0.0373 4.8917, -2.6005 -0.0533 4.8917, -2.5591 -0.0587 4.8917, -2.5176 -0.0533 4.8917, -2.479 -0.0373 4.8917, -2.4458 -0.0119 4.8917, -2.4204 0.0213 4.8917, -2.4044 0.0599 4.8917, -2.3989 0.1014 4.8917, -2.4044 0.1428 4.8917, -2.4204 0.1814 4.8917, -2.4458 0.2146 4.8917, -2.479 0.24 4.8917, -2.5176 0.256 4.8917, -2.5591 0.2615 4.8917, -2.6005 0.256 4.8917, -2.6391 0.24 4.8917, -2.6723 0.2146 4.8917, -2.6977 0.1814 4.8917, -2.7137 0.1428 4.8917, -2.7192 0.1014 4.8917, -2.7118 0.0604 4.887, -2.696 0.0223 4.887, -2.6709 -0.0105 4.887, -2.6381 -0.0356 4.887, -2.6 -0.0514 4.887, -2.5591 -0.0568 4.887, -2.5181 -0.0514 4.887, -2.48 -0.0356 4.887, -2.4472 -0.0105 4.887, -2.4221 0.0223 4.887, -2.4063 0.0604 4.887, -2.4009 0.1014 4.887, -2.4063 0.1423 4.887, -2.4221 0.1804 4.887, -2.4472 0.2132 4.887, -2.48 0.2383 4.887, -2.5181 0.2541 4.887, -2.5591 0.2595 4.887, -2.6 0.2541 4.887, -2.6381 0.2383 4.887, -2.6709 0.2132 4.887, -2.696 0.1804 4.887, -2.7118 0.1423 4.887, -2.7172 0.1014 4.887, -2.7112 0.0606 4.8819, -2.6954 0.0226 4.8819, -2.6704 -0.01 4.8819, -2.6378 -0.035 4.8819, -2.5998 -0.0507 4.8819, -2.5591 -0.0561 4.8819, -2.5183 -0.0507 4.8819, -2.4803 -0.035 4.8819, -2.4477 -0.01 4.8819, -2.4227 0.0226 4.8819, -2.4069 0.0606 4.8819, -2.4016 0.1014 4.8819, -2.4069 0.1421 4.8819, -2.4227 0.1801 4.8819, -2.4477 0.2127 4.8819, -2.4803 0.2378 4.8819, -2.5183 0.2535 4.8819, -2.5591 0.2589 4.8819, -2.5998 0.2535 4.8819, -2.6378 0.2378 4.8819, -2.6704 0.2127 4.8819, -2.6954 0.1801 4.8819, -2.7112 0.1421 4.8819, -2.7165 0.1014 4.8819, -2.7165 0.1014 4.8819
            ]
        }
        coordIndex [
            0,1,2,-1,2,1,3,-1,1,0,4,-1,4,0,5,-1,4,5,6,-1,2,3,7,-1,7,3,8,-1,7,8,9,-1,10,11,12,-1,12,11,13,-1,12,13,14,-1,15,16,10,-1,10,16,11,-1,16,15,17,-1,17,15,18,-1,17,18,19,-1,18,15,12,-1,12,15,10,-1,5,0,7,-1,7,0,2,-1,20,21,22,-1,22,21,23,-1,24,25,26,-1,26,25,27,-1,28,29,30,-1,27,28,26,-1,26,28,31,-1,30,32,33,-1,34,35,28,-1,28,35,36,-1,28,36,31,-1,30,33,28,-1,28,33,37,-1,28,37,34,-1,38,39,28,-1,28,39,29,-1,40,41,42,-1,43,44,42,-1,42,44,45,-1,42,46,47,-1,45,48,42,-1,42,48,49,-1,42,49,40,-1,43,42,50,-1,50,42,47,-1,50,47,51,-1,50,51,52,-1,52,51,53,-1,54,55,56,-1,56,55,57,-1,47,46,58,-1,58,46,59,-1,60,61,62,-1,60,62,63,-1,63,62,64,-1,63,64,65,-1,65,64,66,-1,65,66,67,-1,67,66,68,-1,68,66,69,-1,68,69,70,-1,70,69,71,-1,71,69,72,-1,71,72,73,-1,73,72,74,-1,74,72,75,-1,74,75,76,-1,77,78,79,-1,79,78,80,-1,79,80,81,-1,81,80,82,-1,81,82,83,-1,83,82,84,-1,83,84,85,-1,85,84,86,-1,85,86,87,-1,87,86,88,-1,87,88,89,-1,89,88,90,-1,78,91,80,-1,80,91,92,-1,80,92,82,-1,82,92,93,-1,82,93,84,-1,84,93,94,-1,84,94,86,-1,86,94,95,-1,86,95,88,-1,88,95,96,-1,88,96,90,-1,90,96,97,-1,91,98,92,-1,92,98,99,-1,92,99,93,-1,93,99,100,-1,93,100,94,-1,94,100,101,-1,94,101,95,-1,95,101,102,-1,95,102,96,-1,96,102,103,-1,96,103,97,-1,97,103,104,-1,98,75,99,-1,99,75,72,-1,99,72,100,-1,100,72,69,-1,100,69,101,-1,101,69,66,-1,101,66,102,-1,102,66,64,-1,102,64,103,-1,103,64,62,-1,103,62,104,-1,104,62,61,-1,89,105,106,-1,89,106,87,-1,87,106,107,-1,87,107,85,-1,85,107,108,-1,85,108,83,-1,83,108,109,-1,83,109,81,-1,81,109,110,-1,81,110,79,-1,79,110,111,-1,79,111,77,-1,112,113,114,-1,114,113,115,-1,114,115,116,-1,116,115,117,-1,116,117,118,-1,118,117,119,-1,118,119,120,-1,120,119,121,-1,120,121,122,-1,122,121,123,-1,122,123,124,-1,124,123,125,-1,113,126,115,-1,115,126,127,-1,115,127,117,-1,117,127,128,-1,117,128,119,-1,119,128,129,-1,119,129,121,-1,121,129,130,-1,121,130,123,-1,123,130,131,-1,123,131,125,-1,125,131,132,-1,126,133,127,-1,127,133,134,-1,127,134,128,-1,128,134,135,-1,128,135,129,-1,129,135,136,-1,129,136,130,-1,130,136,137,-1,130,137,131,-1,131,137,138,-1,131,138,132,-1,132,138,139,-1,133,140,134,-1,134,140,141,-1,134,141,135,-1,135,141,142,-1,135,142,136,-1,136,142,143,-1,136,143,137,-1,137,143,144,-1,137,144,138,-1,138,144,145,-1,138,145,139,-1,139,145,146,-1,140,147,141,-1,141,147,148,-1,141,148,142,-1,142,148,149,-1,142,149,143,-1,143,149,150,-1,143,150,144,-1,144,150,151,-1,144,151,145,-1,145,151,152,-1,145,152,146,-1,146,152,153,-1,147,111,148,-1,148,111,110,-1,148,110,149,-1,149,110,109,-1,149,109,150,-1,150,109,108,-1,150,108,151,-1,151,108,107,-1,151,107,152,-1,152,107,106,-1,152,106,153,-1,153,106,105,-1,154,112,114,-1,155,156,154,-1,154,114,155,-1,155,114,116,-1,155,116,157,-1,157,116,118,-1,157,118,158,-1,120,159,118,-1,118,159,160,-1,118,160,158,-1,122,124,38,-1,38,161,122,-1,122,161,162,-1,122,162,120,-1,120,162,163,-1,120,163,159,-1,164,165,162,-1,166,167,158,-1,158,167,168,-1,158,168,157,-1,157,168,169,-1,157,169,155,-1,155,169,170,-1,155,170,156,-1,166,158,171,-1,171,158,160,-1,171,160,159,-1,162,165,163,-1,163,165,159,-1,159,165,172,-1,159,172,171,-1,164,162,28,-1,28,162,161,-1,28,161,38,-1,169,168,173,-1,173,174,169,-1,169,174,175,-1,169,175,170,-1,170,175,176,-1,170,176,177,-1,164,28,27,-1,27,178,164,-1,164,178,179,-1,164,179,165,-1,165,179,180,-1,165,180,172,-1,172,180,181,-1,172,181,171,-1,171,181,182,-1,171,182,166,-1,166,182,183,-1,166,183,167,-1,167,183,184,-1,167,184,168,-1,168,184,185,-1,168,185,173,-1,186,187,188,-1,188,187,189,-1,188,189,190,-1,190,189,191,-1,191,189,192,-1,191,192,193,-1,193,192,194,-1,194,192,195,-1,194,195,196,-1,196,195,197,-1,196,197,198,-1,198,197,199,-1,198,199,200,-1,200,199,201,-1,200,201,202,-1,27,25,178,-1,178,25,203,-1,178,203,179,-1,179,203,180,-1,180,203,204,-1,180,204,181,-1,181,204,182,-1,182,204,205,-1,182,205,183,-1,206,185,205,-1,205,185,184,-1,205,184,183,-1,176,175,207,-1,207,175,174,-1,207,174,206,-1,206,174,173,-1,206,173,185,-1,207,208,176,-1,176,208,209,-1,176,209,177,-1,187,210,189,-1,189,210,211,-1,189,211,192,-1,192,211,212,-1,192,212,195,-1,195,212,213,-1,195,213,197,-1,197,213,214,-1,197,214,199,-1,199,214,215,-1,199,215,201,-1,201,215,216,-1,210,217,211,-1,211,217,218,-1,211,218,212,-1,212,218,219,-1,212,219,213,-1,213,219,220,-1,213,220,214,-1,214,220,221,-1,214,221,215,-1,215,221,222,-1,215,222,216,-1,216,222,223,-1,217,224,218,-1,218,224,225,-1,218,225,219,-1,219,225,226,-1,219,226,220,-1,220,226,227,-1,220,227,221,-1,221,227,228,-1,221,228,222,-1,222,228,229,-1,222,229,223,-1,223,229,230,-1,224,231,225,-1,225,231,232,-1,225,232,226,-1,226,232,233,-1,226,233,227,-1,227,233,234,-1,227,234,228,-1,228,234,235,-1,228,235,229,-1,229,235,236,-1,229,236,230,-1,230,236,237,-1,238,239,240,-1,240,239,241,-1,240,241,242,-1,242,241,243,-1,242,243,244,-1,244,243,245,-1,244,245,246,-1,246,245,247,-1,246,247,248,-1,248,247,249,-1,248,249,250,-1,250,249,251,-1,250,251,209,-1,239,252,241,-1,241,252,253,-1,241,253,243,-1,243,253,254,-1,243,254,245,-1,245,254,255,-1,245,255,247,-1,247,255,256,-1,247,256,249,-1,249,256,257,-1,249,257,251,-1,251,257,258,-1,251,258,209,-1,25,238,203,-1,203,238,240,-1,203,240,204,-1,204,240,242,-1,204,242,205,-1,205,242,244,-1,205,244,206,-1,206,244,246,-1,206,246,207,-1,207,246,248,-1,207,248,208,-1,208,248,250,-1,208,250,209,-1,259,260,261,-1,261,260,262,-1,261,262,263,-1,263,262,264,-1,263,264,265,-1,265,264,266,-1,265,266,267,-1,267,266,268,-1,267,268,269,-1,269,268,270,-1,269,270,271,-1,271,270,272,-1,271,272,209,-1,260,23,262,-1,262,23,273,-1,262,273,264,-1,264,273,274,-1,264,274,266,-1,266,274,275,-1,266,275,268,-1,268,275,276,-1,268,276,270,-1,270,276,277,-1,270,277,272,-1,272,277,278,-1,272,278,209,-1,252,259,253,-1,253,259,261,-1,253,261,254,-1,254,261,263,-1,254,263,255,-1,255,263,265,-1,255,265,256,-1,256,265,267,-1,256,267,257,-1,257,267,269,-1,257,269,258,-1,258,269,271,-1,258,271,209,-1,279,280,281,-1,281,280,282,-1,281,282,283,-1,283,282,284,-1,283,284,285,-1,285,284,286,-1,285,286,287,-1,287,286,288,-1,287,288,289,-1,289,288,290,-1,289,290,291,-1,280,292,282,-1,282,292,293,-1,282,293,284,-1,284,293,294,-1,284,294,286,-1,286,294,295,-1,286,295,288,-1,288,295,296,-1,288,296,290,-1,290,296,297,-1,290,297,291,-1,298,279,299,-1,299,279,281,-1,299,281,300,-1,300,281,283,-1,300,283,301,-1,301,283,285,-1,301,285,302,-1,302,285,287,-1,302,287,303,-1,303,287,289,-1,303,289,291,-1,304,305,306,-1,306,305,307,-1,306,307,308,-1,308,307,309,-1,308,309,310,-1,310,309,311,-1,310,311,312,-1,312,311,313,-1,312,313,314,-1,314,313,315,-1,314,315,291,-1,305,316,307,-1,307,316,317,-1,307,317,309,-1,309,317,318,-1,309,318,311,-1,311,318,319,-1,311,319,313,-1,313,319,320,-1,313,320,315,-1,315,320,321,-1,315,321,291,-1,292,304,293,-1,293,304,306,-1,293,306,294,-1,294,306,308,-1,294,308,295,-1,295,308,310,-1,295,310,296,-1,296,310,312,-1,296,312,297,-1,297,312,314,-1,297,314,291,-1,322,237,236,-1,322,236,323,-1,323,236,235,-1,323,235,324,-1,324,235,234,-1,324,234,325,-1,325,234,233,-1,325,233,326,-1,326,233,232,-1,326,232,327,-1,327,232,231,-1,327,231,328,-1,24,26,329,-1,329,26,31,-1,329,31,330,-1,330,31,36,-1,330,36,331,-1,331,36,35,-1,331,35,332,-1,332,35,34,-1,332,34,333,-1,333,34,37,-1,333,37,334,-1,334,37,33,-1,334,33,335,-1,335,33,32,-1,25,24,336,-1,25,336,238,-1,238,336,337,-1,238,337,239,-1,239,337,338,-1,239,338,252,-1,252,338,339,-1,252,339,259,-1,259,339,340,-1,259,340,260,-1,260,340,22,-1,260,22,23,-1,209,278,341,-1,341,278,342,-1,342,278,343,-1,343,278,277,-1,343,277,344,-1,344,277,345,-1,345,277,276,-1,345,276,346,-1,275,347,276,-1,276,347,348,-1,276,348,346,-1,349,350,274,-1,274,350,351,-1,274,351,275,-1,275,351,352,-1,275,352,347,-1,274,273,349,-1,349,273,23,-1,349,23,21,-1,291,341,353,-1,291,353,303,-1,303,353,354,-1,303,354,302,-1,302,354,355,-1,302,355,301,-1,301,355,356,-1,301,356,300,-1,300,356,357,-1,300,357,299,-1,299,357,358,-1,299,358,298,-1,328,359,327,-1,327,359,360,-1,327,360,326,-1,326,360,361,-1,326,361,325,-1,325,361,362,-1,325,362,324,-1,324,362,363,-1,324,363,323,-1,323,363,364,-1,323,364,322,-1,322,364,365,-1,359,366,360,-1,360,366,367,-1,360,367,361,-1,361,367,368,-1,361,368,362,-1,362,368,369,-1,362,369,363,-1,363,369,370,-1,363,370,364,-1,364,370,371,-1,364,371,365,-1,365,371,372,-1,366,373,367,-1,367,373,374,-1,367,374,368,-1,368,374,375,-1,368,375,369,-1,369,375,376,-1,369,376,370,-1,370,376,377,-1,370,377,371,-1,371,377,378,-1,371,378,372,-1,372,378,379,-1,373,380,374,-1,374,380,381,-1,374,381,375,-1,375,381,382,-1,375,382,376,-1,376,382,383,-1,376,383,377,-1,377,383,384,-1,377,384,378,-1,378,384,385,-1,378,385,379,-1,379,385,386,-1,380,387,381,-1,381,387,388,-1,381,388,382,-1,382,388,389,-1,382,389,383,-1,383,389,390,-1,383,390,384,-1,384,390,391,-1,384,391,385,-1,385,391,392,-1,385,392,386,-1,386,392,393,-1,387,394,388,-1,388,394,395,-1,388,395,389,-1,389,395,396,-1,389,396,390,-1,390,396,397,-1,390,397,391,-1,391,397,398,-1,391,398,392,-1,392,398,399,-1,392,399,393,-1,393,399,400,-1,401,402,403,-1,404,401,405,-1,406,404,407,-1,408,406,409,-1,410,408,411,-1,335,410,412,-1,335,412,334,-1,334,412,413,-1,334,413,333,-1,333,413,414,-1,333,414,332,-1,332,414,415,-1,332,415,331,-1,331,415,416,-1,331,416,330,-1,330,416,417,-1,330,417,329,-1,329,417,336,-1,329,336,24,-1,410,411,412,-1,412,411,418,-1,412,418,413,-1,413,418,419,-1,413,419,414,-1,414,419,420,-1,414,420,415,-1,415,420,421,-1,415,421,416,-1,416,421,422,-1,416,422,417,-1,417,422,337,-1,417,337,336,-1,408,409,411,-1,411,409,423,-1,411,423,418,-1,418,423,424,-1,418,424,419,-1,419,424,425,-1,419,425,420,-1,420,425,426,-1,420,426,421,-1,421,426,427,-1,421,427,422,-1,422,427,338,-1,422,338,337,-1,406,407,409,-1,409,407,428,-1,409,428,423,-1,423,428,429,-1,423,429,424,-1,424,429,430,-1,424,430,425,-1,425,430,431,-1,425,431,426,-1,426,431,432,-1,426,432,427,-1,427,432,339,-1,427,339,338,-1,404,405,407,-1,407,405,433,-1,407,433,428,-1,428,433,434,-1,428,434,429,-1,429,434,435,-1,429,435,430,-1,430,435,436,-1,430,436,431,-1,431,436,437,-1,431,437,432,-1,432,437,340,-1,432,340,339,-1,401,403,405,-1,405,403,438,-1,405,438,433,-1,433,438,439,-1,433,439,434,-1,434,439,440,-1,434,440,435,-1,435,440,441,-1,435,441,436,-1,436,441,442,-1,436,442,437,-1,437,442,22,-1,437,22,340,-1,443,444,341,-1,344,345,445,-1,346,348,446,-1,447,448,358,-1,449,450,451,-1,21,452,349,-1,349,452,453,-1,349,453,350,-1,454,450,455,-1,455,450,449,-1,455,449,456,-1,350,453,351,-1,351,453,457,-1,351,457,352,-1,452,454,453,-1,453,454,455,-1,453,455,457,-1,457,455,456,-1,457,456,446,-1,446,348,457,-1,457,348,347,-1,457,347,352,-1,356,355,458,-1,345,346,445,-1,445,346,446,-1,445,446,459,-1,459,446,456,-1,459,456,460,-1,460,456,449,-1,460,449,461,-1,461,449,451,-1,461,451,448,-1,458,462,463,-1,448,447,461,-1,461,447,464,-1,461,464,460,-1,460,464,465,-1,460,465,459,-1,459,465,466,-1,459,466,445,-1,445,466,467,-1,445,467,344,-1,444,443,463,-1,463,462,444,-1,444,462,468,-1,444,468,341,-1,458,355,462,-1,462,355,354,-1,462,354,468,-1,468,354,353,-1,468,353,341,-1,341,342,467,-1,467,342,343,-1,467,343,344,-1,358,357,447,-1,447,357,469,-1,447,469,464,-1,464,469,470,-1,464,470,465,-1,465,470,471,-1,465,471,466,-1,466,471,472,-1,466,472,467,-1,467,472,341,-1,357,356,469,-1,469,356,458,-1,469,458,470,-1,470,458,463,-1,470,463,471,-1,471,463,443,-1,471,443,472,-1,472,443,341,-1,473,474,475,-1,473,475,476,-1,477,476,475,-1,478,477,475,-1,479,478,475,-1,480,479,475,-1,481,480,475,-1,481,482,483,-1,482,484,485,-1,484,486,487,-1,486,488,489,-1,488,490,491,-1,488,491,489,-1,489,491,492,-1,489,492,493,-1,493,492,494,-1,493,494,495,-1,495,494,496,-1,495,496,497,-1,497,496,498,-1,497,498,499,-1,499,498,500,-1,499,500,501,-1,501,500,502,-1,501,502,503,-1,486,489,487,-1,487,489,493,-1,487,493,504,-1,504,493,495,-1,504,495,505,-1,505,495,497,-1,505,497,506,-1,506,497,499,-1,506,499,507,-1,507,499,501,-1,507,501,508,-1,508,501,503,-1,508,503,509,-1,484,487,485,-1,485,487,504,-1,485,504,510,-1,510,504,505,-1,510,505,511,-1,511,505,506,-1,511,506,512,-1,512,506,507,-1,512,507,513,-1,513,507,508,-1,513,508,514,-1,514,508,509,-1,514,509,515,-1,482,485,483,-1,483,485,510,-1,483,510,516,-1,516,510,511,-1,516,511,517,-1,517,511,512,-1,517,512,518,-1,518,512,513,-1,518,513,519,-1,519,513,514,-1,519,514,520,-1,520,514,515,-1,520,515,521,-1,481,483,480,-1,480,483,516,-1,480,516,479,-1,479,516,517,-1,479,517,478,-1,478,517,518,-1,478,518,477,-1,477,518,519,-1,477,519,476,-1,476,519,520,-1,476,520,473,-1,473,520,521,-1,473,521,474,-1,399,522,400,-1,400,522,523,-1,400,523,58,-1,524,525,398,-1,398,525,526,-1,398,526,399,-1,399,526,527,-1,399,527,522,-1,395,394,528,-1,398,397,524,-1,524,397,396,-1,524,396,529,-1,529,396,395,-1,529,395,530,-1,530,395,528,-1,530,528,531,-1,532,533,534,-1,20,22,535,-1,535,22,442,-1,535,442,536,-1,536,442,441,-1,536,441,537,-1,537,441,538,-1,538,441,440,-1,538,440,539,-1,439,438,540,-1,540,541,439,-1,439,541,542,-1,439,542,440,-1,440,542,543,-1,440,543,539,-1,402,532,403,-1,403,532,534,-1,403,534,438,-1,438,534,544,-1,438,544,540,-1,20,545,21,-1,21,545,452,-1,545,546,452,-1,452,546,547,-1,452,547,454,-1,547,548,454,-1,454,548,549,-1,454,549,450,-1,549,550,450,-1,450,550,551,-1,450,551,451,-1,451,551,552,-1,451,552,448,-1,552,553,448,-1,448,553,554,-1,448,554,358,-1,358,554,555,-1,358,555,556,-1,557,475,474,-1,557,474,558,-1,558,474,521,-1,558,521,559,-1,559,521,515,-1,559,515,560,-1,560,515,509,-1,560,509,561,-1,561,509,503,-1,561,503,562,-1,562,503,502,-1,562,502,563,-1,564,565,58,-1,58,565,566,-1,58,566,47,-1,58,523,564,-1,564,523,522,-1,564,522,567,-1,567,522,568,-1,522,527,568,-1,568,527,526,-1,568,526,569,-1,569,526,570,-1,524,529,571,-1,526,525,570,-1,570,525,524,-1,570,524,572,-1,572,524,571,-1,530,531,573,-1,573,574,530,-1,530,574,575,-1,530,575,529,-1,529,575,576,-1,529,576,571,-1,535,536,577,-1,537,538,578,-1,539,543,579,-1,542,541,580,-1,581,582,556,-1,583,584,585,-1,585,584,586,-1,585,586,587,-1,587,586,588,-1,587,588,589,-1,556,555,581,-1,581,555,554,-1,581,554,590,-1,589,588,591,-1,591,588,592,-1,591,592,593,-1,554,553,590,-1,590,553,552,-1,590,552,594,-1,593,592,595,-1,595,592,596,-1,595,596,597,-1,552,551,594,-1,594,551,550,-1,594,550,598,-1,597,596,599,-1,599,596,600,-1,599,600,601,-1,550,549,598,-1,598,549,548,-1,598,548,602,-1,540,544,603,-1,603,544,534,-1,601,600,604,-1,604,600,603,-1,604,603,605,-1,605,603,534,-1,605,534,533,-1,541,540,580,-1,580,540,603,-1,580,603,606,-1,606,603,600,-1,606,600,607,-1,607,600,596,-1,607,596,608,-1,608,596,592,-1,608,592,609,-1,609,592,588,-1,609,588,610,-1,610,588,586,-1,610,586,611,-1,611,586,584,-1,543,542,579,-1,579,542,580,-1,579,580,612,-1,612,580,606,-1,612,606,613,-1,613,606,607,-1,613,607,614,-1,614,607,608,-1,614,608,615,-1,615,608,609,-1,615,609,616,-1,616,609,610,-1,616,610,617,-1,617,610,611,-1,538,539,578,-1,578,539,579,-1,578,579,618,-1,618,579,612,-1,618,612,619,-1,619,612,613,-1,619,613,620,-1,620,613,614,-1,620,614,621,-1,621,614,615,-1,621,615,622,-1,622,615,616,-1,622,616,623,-1,623,616,617,-1,536,537,577,-1,577,537,578,-1,577,578,602,-1,602,578,618,-1,602,618,598,-1,598,618,619,-1,598,619,594,-1,594,619,620,-1,594,620,590,-1,590,620,621,-1,590,621,581,-1,581,621,622,-1,581,622,582,-1,582,622,623,-1,20,535,545,-1,545,535,577,-1,545,577,546,-1,546,577,602,-1,546,602,547,-1,547,602,548,-1,624,57,625,-1,626,627,628,-1,629,630,631,-1,632,633,634,-1,635,636,637,-1,638,639,640,-1,639,635,640,-1,640,635,637,-1,640,637,641,-1,641,637,642,-1,641,642,643,-1,643,642,644,-1,643,644,645,-1,645,644,646,-1,645,646,647,-1,647,646,648,-1,647,648,557,-1,636,632,637,-1,637,632,634,-1,637,634,642,-1,642,634,649,-1,642,649,644,-1,644,649,650,-1,644,650,646,-1,646,650,651,-1,646,651,648,-1,648,651,652,-1,648,652,557,-1,563,638,562,-1,562,638,640,-1,562,640,561,-1,561,640,641,-1,561,641,560,-1,560,641,643,-1,560,643,559,-1,559,643,645,-1,559,645,558,-1,558,645,647,-1,558,647,557,-1,630,626,631,-1,631,626,628,-1,631,628,653,-1,653,628,654,-1,653,654,655,-1,655,654,656,-1,655,656,657,-1,657,656,658,-1,657,658,659,-1,659,658,660,-1,659,660,557,-1,627,624,628,-1,628,624,625,-1,628,625,654,-1,654,625,661,-1,654,661,656,-1,656,661,662,-1,656,662,658,-1,658,662,663,-1,658,663,660,-1,660,663,664,-1,660,664,557,-1,633,629,634,-1,634,629,631,-1,634,631,649,-1,649,631,653,-1,649,653,650,-1,650,653,655,-1,650,655,651,-1,651,655,657,-1,651,657,652,-1,652,657,659,-1,652,659,557,-1,51,47,665,-1,665,47,566,-1,665,566,666,-1,666,566,565,-1,666,565,667,-1,667,565,564,-1,667,564,668,-1,564,567,668,-1,668,567,568,-1,668,568,669,-1,669,568,569,-1,669,569,670,-1,569,570,670,-1,670,570,572,-1,670,572,671,-1,572,571,671,-1,671,571,576,-1,671,576,672,-1,672,576,575,-1,575,574,672,-1,672,574,573,-1,672,573,673,-1,583,585,674,-1,674,585,675,-1,585,587,675,-1,675,587,589,-1,675,589,676,-1,589,591,676,-1,676,591,593,-1,676,593,677,-1,677,593,595,-1,677,595,678,-1,595,597,678,-1,678,597,599,-1,678,599,679,-1,680,681,679,-1,599,601,679,-1,679,601,604,-1,679,604,680,-1,680,604,605,-1,680,605,533,-1,682,683,563,-1,563,683,638,-1,638,683,639,-1,639,683,684,-1,639,684,635,-1,635,684,685,-1,635,685,636,-1,636,685,686,-1,636,686,632,-1,632,686,687,-1,632,687,633,-1,633,687,688,-1,633,688,629,-1,629,688,689,-1,629,689,630,-1,630,689,690,-1,630,690,626,-1,626,690,691,-1,626,691,627,-1,627,691,692,-1,627,692,624,-1,692,693,624,-1,624,693,56,-1,624,56,57,-1,694,695,557,-1,694,557,696,-1,696,557,664,-1,696,664,697,-1,697,664,698,-1,698,664,663,-1,698,663,699,-1,699,663,700,-1,700,663,662,-1,700,662,701,-1,701,662,661,-1,701,661,702,-1,702,661,703,-1,703,661,625,-1,703,625,704,-1,704,625,705,-1,705,625,57,-1,705,57,55,-1,673,695,706,-1,673,706,672,-1,672,706,707,-1,672,707,671,-1,671,707,708,-1,671,708,670,-1,670,708,709,-1,670,709,669,-1,669,709,710,-1,669,710,668,-1,668,710,667,-1,667,710,711,-1,667,711,666,-1,666,711,665,-1,665,711,53,-1,665,53,51,-1,682,712,683,-1,683,712,713,-1,683,713,684,-1,684,713,685,-1,685,713,714,-1,685,714,686,-1,686,714,687,-1,687,714,715,-1,687,715,688,-1,688,715,689,-1,689,715,716,-1,689,716,690,-1,690,716,691,-1,691,716,717,-1,691,717,692,-1,692,717,693,-1,693,717,718,-1,693,718,56,-1,712,719,713,-1,713,719,720,-1,713,720,714,-1,714,720,721,-1,714,721,715,-1,715,721,722,-1,715,722,716,-1,716,722,723,-1,716,723,717,-1,717,723,724,-1,717,724,718,-1,718,724,725,-1,719,726,720,-1,720,726,727,-1,720,727,721,-1,721,727,728,-1,721,728,722,-1,722,728,729,-1,722,729,723,-1,723,729,730,-1,723,730,724,-1,724,730,731,-1,724,731,725,-1,725,731,732,-1,726,733,727,-1,727,733,734,-1,727,734,728,-1,728,734,735,-1,728,735,729,-1,729,735,736,-1,729,736,730,-1,730,736,737,-1,730,737,731,-1,731,737,738,-1,731,738,732,-1,732,738,739,-1,733,740,734,-1,734,740,741,-1,734,741,735,-1,735,741,742,-1,735,742,736,-1,736,742,743,-1,736,743,737,-1,737,743,744,-1,737,744,738,-1,738,744,745,-1,738,745,739,-1,739,745,746,-1,740,674,741,-1,741,674,675,-1,741,675,742,-1,742,675,676,-1,742,676,743,-1,743,676,677,-1,743,677,744,-1,744,677,678,-1,744,678,745,-1,745,678,679,-1,745,679,746,-1,746,679,681,-1,55,747,705,-1,705,747,748,-1,705,748,704,-1,704,748,749,-1,750,702,749,-1,749,702,703,-1,749,703,704,-1,751,700,750,-1,750,700,701,-1,750,701,702,-1,752,698,751,-1,751,698,699,-1,751,699,700,-1,695,694,753,-1,753,694,696,-1,753,696,752,-1,752,696,697,-1,752,697,698,-1,747,754,748,-1,748,754,755,-1,748,755,749,-1,749,755,756,-1,749,756,750,-1,750,756,757,-1,750,757,751,-1,751,757,758,-1,751,758,752,-1,752,758,759,-1,752,759,753,-1,753,759,760,-1,753,760,695,-1,754,761,755,-1,755,761,762,-1,755,762,756,-1,756,762,763,-1,756,763,757,-1,757,763,764,-1,757,764,758,-1,758,764,765,-1,758,765,759,-1,759,765,766,-1,759,766,760,-1,760,766,767,-1,760,767,695,-1,768,769,770,-1,770,769,771,-1,770,771,772,-1,772,771,773,-1,772,773,774,-1,774,773,775,-1,774,775,776,-1,776,775,777,-1,776,777,778,-1,778,777,779,-1,778,779,780,-1,780,779,781,-1,780,781,695,-1,769,53,771,-1,771,53,711,-1,771,711,773,-1,773,711,710,-1,773,710,775,-1,775,710,709,-1,775,709,777,-1,777,709,708,-1,777,708,779,-1,779,708,707,-1,779,707,781,-1,781,707,706,-1,781,706,695,-1,761,768,762,-1,762,768,770,-1,762,770,763,-1,763,770,772,-1,763,772,764,-1,764,772,774,-1,764,774,765,-1,765,774,776,-1,765,776,766,-1,766,776,778,-1,766,778,767,-1,767,778,780,-1,767,780,695,-1,782,54,56,-1,782,56,783,-1,783,56,718,-1,783,718,784,-1,784,718,785,-1,785,718,725,-1,785,725,786,-1,786,725,787,-1,787,725,732,-1,787,732,788,-1,788,732,739,-1,788,739,789,-1,789,739,790,-1,790,739,746,-1,790,746,791,-1,746,681,792,-1,791,746,793,-1,793,746,792,-1,793,792,794,-1,55,54,795,-1,55,795,747,-1,747,795,796,-1,747,796,754,-1,754,796,797,-1,754,797,761,-1,761,797,798,-1,761,798,768,-1,768,798,799,-1,768,799,769,-1,769,799,52,-1,769,52,53,-1,800,801,802,-1,803,800,804,-1,805,803,806,-1,807,805,808,-1,809,807,810,-1,809,811,794,-1,794,811,793,-1,793,811,791,-1,791,811,812,-1,791,812,790,-1,790,812,789,-1,789,812,813,-1,789,813,788,-1,788,813,787,-1,787,813,814,-1,787,814,786,-1,786,814,785,-1,785,814,815,-1,785,815,784,-1,784,815,783,-1,783,815,816,-1,783,816,782,-1,782,816,795,-1,782,795,54,-1,809,810,811,-1,811,810,817,-1,811,817,812,-1,812,817,818,-1,812,818,813,-1,813,818,819,-1,813,819,814,-1,814,819,820,-1,814,820,815,-1,815,820,821,-1,815,821,816,-1,816,821,796,-1,816,796,795,-1,807,808,810,-1,810,808,822,-1,810,822,817,-1,817,822,823,-1,817,823,818,-1,818,823,824,-1,818,824,819,-1,819,824,825,-1,819,825,820,-1,820,825,826,-1,820,826,821,-1,821,826,797,-1,821,797,796,-1,805,806,808,-1,808,806,827,-1,808,827,822,-1,822,827,828,-1,822,828,823,-1,823,828,829,-1,823,829,824,-1,824,829,830,-1,824,830,825,-1,825,830,831,-1,825,831,826,-1,826,831,798,-1,826,798,797,-1,803,804,806,-1,806,804,832,-1,806,832,827,-1,827,832,833,-1,827,833,828,-1,828,833,834,-1,828,834,829,-1,829,834,835,-1,829,835,830,-1,830,835,836,-1,830,836,831,-1,831,836,799,-1,831,799,798,-1,800,802,804,-1,804,802,837,-1,804,837,832,-1,832,837,838,-1,832,838,833,-1,833,838,839,-1,833,839,834,-1,834,839,840,-1,834,840,835,-1,835,840,841,-1,835,841,836,-1,836,841,52,-1,836,52,799,-1,50,52,43,-1,43,52,841,-1,43,841,44,-1,44,841,840,-1,44,840,45,-1,45,840,839,-1,45,839,48,-1,48,839,838,-1,48,838,49,-1,49,838,837,-1,49,837,40,-1,40,837,802,-1,40,802,41,-1,41,802,801,-1,842,843,844,-1,844,843,845,-1,844,845,846,-1,846,845,847,-1,846,847,848,-1,848,847,849,-1,848,849,850,-1,850,849,851,-1,850,851,852,-1,852,851,853,-1,852,853,854,-1,854,853,855,-1,854,855,856,-1,856,855,857,-1,856,857,858,-1,858,857,859,-1,858,859,860,-1,860,859,861,-1,860,861,862,-1,862,861,863,-1,862,863,864,-1,864,863,865,-1,864,865,866,-1,866,865,867,-1,866,867,868,-1,868,867,869,-1,868,869,870,-1,870,869,871,-1,870,871,872,-1,872,871,873,-1,872,873,874,-1,874,873,875,-1,874,875,876,-1,876,875,877,-1,876,877,878,-1,878,877,879,-1,878,879,880,-1,880,879,881,-1,880,881,882,-1,882,881,883,-1,882,883,884,-1,884,883,885,-1,884,885,886,-1,886,885,887,-1,886,887,528,-1,528,887,888,-1,528,888,842,-1,842,888,843,-1,843,889,845,-1,845,889,890,-1,845,890,847,-1,847,890,891,-1,847,891,849,-1,849,891,892,-1,849,892,851,-1,851,892,893,-1,851,893,853,-1,853,893,894,-1,853,894,855,-1,855,894,895,-1,855,895,857,-1,857,895,896,-1,857,896,859,-1,859,896,897,-1,859,897,861,-1,861,897,898,-1,861,898,863,-1,863,898,899,-1,863,899,865,-1,865,899,900,-1,865,900,867,-1,867,900,901,-1,867,901,869,-1,869,901,902,-1,869,902,871,-1,871,902,903,-1,871,903,873,-1,873,903,904,-1,873,904,875,-1,875,904,905,-1,875,905,877,-1,877,905,906,-1,877,906,879,-1,879,906,907,-1,879,907,881,-1,881,907,908,-1,881,908,883,-1,883,908,909,-1,883,909,885,-1,885,909,910,-1,885,910,887,-1,887,910,911,-1,887,911,888,-1,888,911,912,-1,888,912,843,-1,843,912,889,-1,889,913,890,-1,890,913,914,-1,890,914,891,-1,891,914,915,-1,891,915,892,-1,892,915,916,-1,892,916,893,-1,893,916,917,-1,893,917,894,-1,894,917,918,-1,894,918,895,-1,895,918,919,-1,895,919,896,-1,896,919,920,-1,896,920,897,-1,897,920,921,-1,897,921,898,-1,898,921,922,-1,898,922,899,-1,899,922,923,-1,899,923,900,-1,900,923,924,-1,900,924,901,-1,901,924,925,-1,901,925,902,-1,902,925,926,-1,902,926,903,-1,903,926,927,-1,903,927,904,-1,904,927,928,-1,904,928,905,-1,905,928,929,-1,905,929,906,-1,906,929,930,-1,906,930,907,-1,907,930,931,-1,907,931,908,-1,908,931,932,-1,908,932,909,-1,909,932,933,-1,909,933,910,-1,910,933,934,-1,910,934,911,-1,911,934,935,-1,911,935,912,-1,912,935,936,-1,912,936,889,-1,889,936,913,-1,913,937,914,-1,914,937,938,-1,914,938,915,-1,915,938,939,-1,915,939,916,-1,916,939,940,-1,916,940,917,-1,917,940,941,-1,917,941,918,-1,918,941,942,-1,918,942,919,-1,919,942,943,-1,919,943,920,-1,920,943,944,-1,920,944,921,-1,921,944,945,-1,921,945,922,-1,922,945,946,-1,922,946,923,-1,923,946,947,-1,923,947,924,-1,924,947,948,-1,924,948,925,-1,925,948,949,-1,925,949,926,-1,926,949,950,-1,926,950,927,-1,927,950,951,-1,927,951,928,-1,928,951,952,-1,928,952,929,-1,929,952,953,-1,929,953,930,-1,930,953,954,-1,930,954,931,-1,931,954,955,-1,931,955,932,-1,932,955,956,-1,932,956,933,-1,933,956,957,-1,933,957,934,-1,934,957,958,-1,934,958,935,-1,935,958,959,-1,935,959,936,-1,936,959,960,-1,936,960,913,-1,913,960,937,-1,937,961,938,-1,938,961,962,-1,938,962,939,-1,939,962,963,-1,939,963,940,-1,940,963,964,-1,940,964,941,-1,941,964,965,-1,941,965,942,-1,942,965,966,-1,942,966,943,-1,943,966,967,-1,943,967,944,-1,944,967,968,-1,944,968,945,-1,945,968,969,-1,945,969,946,-1,946,969,970,-1,946,970,947,-1,947,970,971,-1,947,971,948,-1,948,971,972,-1,948,972,949,-1,949,972,973,-1,949,973,950,-1,950,973,974,-1,950,974,951,-1,951,974,975,-1,951,975,952,-1,952,975,976,-1,952,976,953,-1,953,976,977,-1,953,977,954,-1,954,977,978,-1,954,978,955,-1,955,978,979,-1,955,979,956,-1,956,979,980,-1,956,980,957,-1,957,980,981,-1,957,981,958,-1,958,981,982,-1,958,982,959,-1,959,982,983,-1,959,983,960,-1,960,983,984,-1,960,984,937,-1,937,984,961,-1,961,985,962,-1,962,985,986,-1,962,986,963,-1,963,986,987,-1,963,987,964,-1,964,987,988,-1,964,988,965,-1,965,988,989,-1,965,989,966,-1,966,989,990,-1,966,990,967,-1,967,990,991,-1,967,991,968,-1,968,991,992,-1,968,992,969,-1,969,992,993,-1,969,993,970,-1,970,993,994,-1,970,994,971,-1,971,994,995,-1,971,995,972,-1,972,995,996,-1,972,996,973,-1,973,996,997,-1,973,997,974,-1,974,997,998,-1,974,998,975,-1,975,998,999,-1,975,999,976,-1,976,999,1000,-1,976,1000,977,-1,977,1000,1001,-1,977,1001,978,-1,978,1001,1002,-1,978,1002,979,-1,979,1002,1003,-1,979,1003,980,-1,980,1003,1004,-1,980,1004,981,-1,981,1004,1005,-1,981,1005,982,-1,982,1005,1006,-1,982,1006,983,-1,983,1006,1007,-1,983,1007,984,-1,984,1007,1008,-1,984,1008,961,-1,961,1008,985,-1,1009,1010,1011,-1,1011,1010,1012,-1,1011,1012,1013,-1,1013,1012,1014,-1,1013,1014,1015,-1,1015,1014,1016,-1,1015,1016,1017,-1,1017,1016,1018,-1,1017,1018,1019,-1,1019,1018,1020,-1,1019,1020,1021,-1,1021,1020,1022,-1,1021,1022,1023,-1,1023,1022,1024,-1,1023,1024,1025,-1,1025,1024,1026,-1,1025,1026,1027,-1,1027,1026,1028,-1,1027,1028,1029,-1,1029,1028,1030,-1,1029,1030,154,-1,154,1030,1031,-1,154,1031,1032,-1,1032,1031,1033,-1,1032,1033,1034,-1,1034,1033,1035,-1,1034,1035,1036,-1,1036,1035,1037,-1,1036,1037,1038,-1,1038,1037,1039,-1,1038,1039,1040,-1,1040,1039,1041,-1,1040,1041,1042,-1,1042,1041,1043,-1,1042,1043,1044,-1,1044,1043,1045,-1,1044,1045,1046,-1,1046,1045,1047,-1,1046,1047,1048,-1,1048,1047,1049,-1,1048,1049,1050,-1,1050,1049,1051,-1,1050,1051,1052,-1,1052,1051,1053,-1,1052,1053,1054,-1,1054,1053,1055,-1,1054,1055,1009,-1,1009,1055,1010,-1,1010,1056,1012,-1,1012,1056,1057,-1,1012,1057,1014,-1,1014,1057,1058,-1,1014,1058,1016,-1,1016,1058,1059,-1,1016,1059,1018,-1,1018,1059,1060,-1,1018,1060,1020,-1,1020,1060,1061,-1,1020,1061,1022,-1,1022,1061,1062,-1,1022,1062,1024,-1,1024,1062,1063,-1,1024,1063,1026,-1,1026,1063,1064,-1,1026,1064,1028,-1,1028,1064,1065,-1,1028,1065,1030,-1,1030,1065,1066,-1,1030,1066,1031,-1,1031,1066,1067,-1,1031,1067,1033,-1,1033,1067,1068,-1,1033,1068,1035,-1,1035,1068,1069,-1,1035,1069,1037,-1,1037,1069,1070,-1,1037,1070,1039,-1,1039,1070,1071,-1,1039,1071,1041,-1,1041,1071,1072,-1,1041,1072,1043,-1,1043,1072,1073,-1,1043,1073,1045,-1,1045,1073,1074,-1,1045,1074,1047,-1,1047,1074,1075,-1,1047,1075,1049,-1,1049,1075,1076,-1,1049,1076,1051,-1,1051,1076,1077,-1,1051,1077,1053,-1,1053,1077,1078,-1,1053,1078,1055,-1,1055,1078,1079,-1,1055,1079,1010,-1,1010,1079,1056,-1,1056,1080,1057,-1,1057,1080,1081,-1,1057,1081,1058,-1,1058,1081,1082,-1,1058,1082,1059,-1,1059,1082,1083,-1,1059,1083,1060,-1,1060,1083,1084,-1,1060,1084,1061,-1,1061,1084,1085,-1,1061,1085,1062,-1,1062,1085,1086,-1,1062,1086,1063,-1,1063,1086,1087,-1,1063,1087,1064,-1,1064,1087,1088,-1,1064,1088,1065,-1,1065,1088,1089,-1,1065,1089,1066,-1,1066,1089,1090,-1,1066,1090,1067,-1,1067,1090,1091,-1,1067,1091,1068,-1,1068,1091,1092,-1,1068,1092,1069,-1,1069,1092,1093,-1,1069,1093,1070,-1,1070,1093,1094,-1,1070,1094,1071,-1,1071,1094,1095,-1,1071,1095,1072,-1,1072,1095,1096,-1,1072,1096,1073,-1,1073,1096,1097,-1,1073,1097,1074,-1,1074,1097,1098,-1,1074,1098,1075,-1,1075,1098,1099,-1,1075,1099,1076,-1,1076,1099,1100,-1,1076,1100,1077,-1,1077,1100,1101,-1,1077,1101,1078,-1,1078,1101,1102,-1,1078,1102,1079,-1,1079,1102,1103,-1,1079,1103,1056,-1,1056,1103,1080,-1,1080,1104,1081,-1,1081,1104,1105,-1,1081,1105,1082,-1,1082,1105,1106,-1,1082,1106,1083,-1,1083,1106,1107,-1,1083,1107,1084,-1,1084,1107,1108,-1,1084,1108,1085,-1,1085,1108,1109,-1,1085,1109,1086,-1,1086,1109,1110,-1,1086,1110,1087,-1,1087,1110,1111,-1,1087,1111,1088,-1,1088,1111,1112,-1,1088,1112,1089,-1,1089,1112,1113,-1,1089,1113,1090,-1,1090,1113,1114,-1,1090,1114,1091,-1,1091,1114,1115,-1,1091,1115,1092,-1,1092,1115,1116,-1,1092,1116,1093,-1,1093,1116,1117,-1,1093,1117,1094,-1,1094,1117,1118,-1,1094,1118,1095,-1,1095,1118,1119,-1,1095,1119,1096,-1,1096,1119,1120,-1,1096,1120,1097,-1,1097,1120,1121,-1,1097,1121,1098,-1,1098,1121,1122,-1,1098,1122,1099,-1,1099,1122,1123,-1,1099,1123,1100,-1,1100,1123,1124,-1,1100,1124,1101,-1,1101,1124,1125,-1,1101,1125,1102,-1,1102,1125,1126,-1,1102,1126,1103,-1,1103,1126,1127,-1,1103,1127,1080,-1,1080,1127,1104,-1,1104,1128,1105,-1,1105,1128,1129,-1,1105,1129,1106,-1,1106,1129,1130,-1,1106,1130,1107,-1,1107,1130,1131,-1,1107,1131,1108,-1,1108,1131,1132,-1,1108,1132,1109,-1,1109,1132,1133,-1,1109,1133,1110,-1,1110,1133,1134,-1,1110,1134,1111,-1,1111,1134,1135,-1,1111,1135,1112,-1,1112,1135,1136,-1,1112,1136,1113,-1,1113,1136,1137,-1,1113,1137,1114,-1,1114,1137,1138,-1,1114,1138,1115,-1,1115,1138,1139,-1,1115,1139,1116,-1,1116,1139,1140,-1,1116,1140,1117,-1,1117,1140,1141,-1,1117,1141,1118,-1,1118,1141,1142,-1,1118,1142,1119,-1,1119,1142,1143,-1,1119,1143,1120,-1,1120,1143,1144,-1,1120,1144,1121,-1,1121,1144,1145,-1,1121,1145,1122,-1,1122,1145,1146,-1,1122,1146,1123,-1,1123,1146,1147,-1,1123,1147,1124,-1,1124,1147,1148,-1,1124,1148,1125,-1,1125,1148,1149,-1,1125,1149,1126,-1,1126,1149,1150,-1,1126,1150,1127,-1,1127,1150,1151,-1,1127,1151,1104,-1,1104,1151,1128,-1,1128,1152,1129,-1,1129,1152,1153,-1,1129,1153,1130,-1,1130,1153,1154,-1,1130,1154,1131,-1,1131,1154,1155,-1,1131,1155,1132,-1,1132,1155,1156,-1,1132,1156,1133,-1,1133,1156,1157,-1,1133,1157,1134,-1,1134,1157,1158,-1,1134,1158,1135,-1,1135,1158,1159,-1,1135,1159,1136,-1,1136,1159,1160,-1,1136,1160,1137,-1,1137,1160,1161,-1,1137,1161,1138,-1,1138,1161,1162,-1,1138,1162,1139,-1,1139,1162,1163,-1,1139,1163,1140,-1,1140,1163,1164,-1,1140,1164,1141,-1,1141,1164,1165,-1,1141,1165,1142,-1,1142,1165,1166,-1,1142,1166,1143,-1,1143,1166,1167,-1,1143,1167,1144,-1,1144,1167,1168,-1,1144,1168,1145,-1,1145,1168,1169,-1,1145,1169,1146,-1,1146,1169,1170,-1,1146,1170,1147,-1,1147,1170,1171,-1,1147,1171,1148,-1,1148,1171,1172,-1,1148,1172,1149,-1,1149,1172,1173,-1,1149,1173,1150,-1,1150,1173,1174,-1,1150,1174,1151,-1,1151,1174,1175,-1,1151,1175,1128,-1,1128,1175,1152,-1,
        ]
    }
}