#VRML V2.0 utf8
# 3D model generated by easyeda2kicad.py (https://github.com/uPesy/easyeda2kicad.py)

Shape{
    appearance Appearance {
        material  Material 	{
            diffuseColor 0.7529411764705882 0.7529411764705882 0.7529411764705882
            specularColor 0.3764705882352941 0.3764705882352941 0.3764705882352941
            ambientIntensity 0.2
            transparency 0
            shininess 0.5
        }
    }
    geometry IndexedFaceSet {
        ccw TRUE
        solid FALSE
        coord DEF co Coordinate {
            point [
                0.3407 1.5354 1.1872, 0.3407 1.5354 1.2931, 0.4467 1.5354 1.1872, 0.4467 1.5354 1.2931, 0.2953 1.4567 1.3386, 0.2953 -0.8268 1.3386, 0.4921 1.4567 1.3386, 0.4921 -0.8268 1.3386, 0.2953 -0.8706 1.3336, 0.4921 -0.8706 1.3336, 0.2953 -0.9122 1.3191, 0.4921 -0.9122 1.3191, 0.2953 -0.9495 1.2956, 0.4921 -0.9495 1.2956, 0.2953 -0.9807 1.2645, 0.4921 -0.9807 1.2645, 0.2953 -1.0041 1.2271, 0.4921 -1.0041 1.2271, 0.2953 -1.0187 1.1855, 0.4921 -1.0187 1.1855, 0.2953 -1.0236 1.1417, 0.4921 -1.0236 1.1417, 0.4921 -1.0236 -0.0547, 0.2953 -1.0236 -0.0547, 0.2953 -1.0196 -0.1812, 0.4921 -1.0196 -0.1812, 0.2953 -1.0074 -0.307, 0.4921 -1.0074 -0.307, 0.4921 -0.987 -0.4646, 0.2953 -0.987 -0.4646, 0.4921 -0.9773 -0.6063, 0.2953 -0.9773 -0.6063, 0.4921 -0.9847 -0.7481, 0.2953 -0.9847 -0.7481, 0.4921 -1.0113 -0.9837, 0.2953 -1.0113 -0.9837, 0.2953 -1.0205 -1.0937, 0.4921 -1.0205 -1.0937, 0.2953 -1.0236 -1.2041, 0.4921 -1.0236 -1.2041, 0.4921 -1.0236 -1.2598, 0.2953 -1.0236 -1.2598, 0.3407 -0.9782 -1.3386, 0.3407 -0.8722 -1.3386, 0.4467 -0.9782 -1.3386, 0.4467 -0.8722 -1.3386, 0.2953 -0.8268 -1.2598, 0.2953 -0.8268 -1.1701, 0.4921 -0.8268 -1.2598, 0.4921 -0.8268 -1.1701, 0.4921 -0.8237 -1.0597, 0.2953 -0.8237 -1.0597, 0.4921 -0.8144 -0.9497, 0.2953 -0.8144 -0.9497, 0.4921 -0.791 -0.7416, 0.2953 -0.791 -0.7416, 0.2953 -0.7835 -0.6117, 0.4921 -0.7835 -0.6117, 0.2953 -0.7904 -0.4818, 0.4921 -0.7904 -0.4818, 0.4921 -0.8153 -0.2534, 0.2953 -0.8153 -0.2534, 0.4921 -0.8239 -0.1473, 0.2953 -0.8239 -0.1473, 0.4921 -0.8268 -0.0408, 0.2953 -0.8268 -0.0408, 0.4921 -0.8268 1.0236, 0.2953 -0.8268 1.0236, 0.4921 -0.8238 1.0499, 0.2953 -0.8238 1.0499, 0.4921 -0.8151 1.0749, 0.2953 -0.8151 1.0749, 0.4921 -0.801 1.0973, 0.2953 -0.801 1.0973, 0.4921 -0.7823 1.116, 0.2953 -0.7823 1.116, 0.4921 -0.7599 1.13, 0.2953 -0.7599 1.13, 0.4921 -0.7349 1.1388, 0.2953 -0.7349 1.1388, 0.4921 -0.7087 1.1417, 0.2953 -0.7087 1.1417, 0.4921 1.4567 1.1417, 0.2953 1.4567 1.1417, -0.4467 1.5354 1.1872, -0.4467 1.5354 1.2931, -0.3407 1.5354 1.1872, -0.3407 1.5354 1.2931, -0.4921 1.4567 1.3386, -0.4921 -0.8268 1.3386, -0.2953 1.4567 1.3386, -0.2953 -0.8268 1.3386, -0.4921 -0.8706 1.3336, -0.2953 -0.8706 1.3336, -0.4921 -0.9122 1.3191, -0.2953 -0.9122 1.3191, -0.4921 -0.9495 1.2956, -0.2953 -0.9495 1.2956, -0.4921 -0.9807 1.2645, -0.2953 -0.9807 1.2645, -0.4921 -1.0041 1.2271, -0.2953 -1.0041 1.2271, -0.4921 -1.0187 1.1855, -0.2953 -1.0187 1.1855, -0.4921 -1.0236 1.1417, -0.2953 -1.0236 1.1417, -0.2953 -1.0236 -0.0547, -0.4921 -1.0236 -0.0547, -0.4921 -1.0196 -0.1812, -0.2953 -1.0196 -0.1812, -0.4921 -1.0074 -0.307, -0.2953 -1.0074 -0.307, -0.2953 -0.987 -0.4646, -0.4921 -0.987 -0.4646, -0.2953 -0.9773 -0.6063, -0.4921 -0.9773 -0.6063, -0.2953 -0.9847 -0.7481, -0.4921 -0.9847 -0.7481, -0.2953 -1.0113 -0.9837, -0.4921 -1.0113 -0.9837, -0.4921 -1.0205 -1.0937, -0.2953 -1.0205 -1.0937, -0.4921 -1.0236 -1.2041, -0.2953 -1.0236 -1.2041, -0.2953 -1.0236 -1.2598, -0.4921 -1.0236 -1.2598, -0.4467 -0.9782 -1.3386, -0.4467 -0.8722 -1.3386, -0.3407 -0.9782 -1.3386, -0.3407 -0.8722 -1.3386, -0.4921 -0.8268 -1.2598, -0.4921 -0.8268 -1.1701, -0.2953 -0.8268 -1.2598, -0.2953 -0.8268 -1.1701, -0.2953 -0.8237 -1.0597, -0.4921 -0.8237 -1.0597, -0.2953 -0.8144 -0.9497, -0.4921 -0.8144 -0.9497, -0.2953 -0.791 -0.7416, -0.4921 -0.791 -0.7416, -0.4921 -0.7835 -0.6117, -0.2953 -0.7835 -0.6117, -0.4921 -0.7904 -0.4818, -0.2953 -0.7904 -0.4818, -0.2953 -0.8153 -0.2534, -0.4921 -0.8153 -0.2534, -0.2953 -0.8239 -0.1473, -0.4921 -0.8239 -0.1473, -0.2953 -0.8268 -0.0408, -0.4921 -0.8268 -0.0408, -0.2953 -0.8268 1.0236, -0.4921 -0.8268 1.0236, -0.2953 -0.8238 1.0499, -0.4921 -0.8238 1.0499, -0.2953 -0.8151 1.0749, -0.4921 -0.8151 1.0749, -0.2953 -0.801 1.0973, -0.4921 -0.801 1.0973, -0.2953 -0.7823 1.116, -0.4921 -0.7823 1.116, -0.2953 -0.7599 1.13, -0.4921 -0.7599 1.13, -0.2953 -0.7349 1.1388, -0.4921 -0.7349 1.1388, -0.2953 -0.7087 1.1417, -0.4921 -0.7087 1.1417, -0.2953 1.4567 1.1417, -0.4921 1.4567 1.1417, -0.4921 1.4567 1.1417
            ]
        }
        coordIndex [
            0,1,2,-1,2,1,3,-1,4,5,6,-1,6,5,7,-1,7,5,8,-1,7,8,9,-1,9,8,10,-1,9,10,11,-1,11,10,12,-1,11,12,13,-1,13,12,14,-1,13,14,15,-1,15,14,16,-1,15,16,17,-1,17,16,18,-1,17,18,19,-1,19,18,20,-1,19,20,21,-1,22,21,23,-1,23,21,20,-1,22,23,24,-1,22,24,25,-1,25,24,26,-1,25,26,27,-1,28,27,29,-1,29,27,26,-1,28,29,30,-1,30,29,31,-1,30,31,32,-1,32,31,33,-1,34,32,35,-1,35,32,33,-1,34,35,36,-1,34,36,37,-1,37,36,38,-1,37,38,39,-1,40,39,41,-1,41,39,38,-1,42,43,44,-1,44,43,45,-1,46,47,48,-1,48,47,49,-1,49,47,50,-1,50,47,51,-1,50,51,52,-1,52,51,53,-1,54,52,55,-1,55,52,53,-1,54,55,56,-1,54,56,57,-1,57,56,58,-1,57,58,59,-1,60,59,61,-1,61,59,58,-1,60,61,62,-1,62,61,63,-1,62,63,64,-1,64,63,65,-1,66,64,67,-1,67,64,65,-1,66,67,68,-1,68,67,69,-1,68,69,70,-1,70,69,71,-1,70,71,72,-1,72,71,73,-1,72,73,74,-1,74,73,75,-1,74,75,76,-1,76,75,77,-1,76,77,78,-1,78,77,79,-1,78,79,80,-1,80,79,81,-1,82,80,83,-1,83,80,81,-1,7,9,76,-1,76,9,11,-1,76,11,74,-1,74,11,13,-1,74,13,72,-1,82,6,80,-1,80,6,7,-1,80,7,78,-1,78,7,76,-1,21,68,19,-1,19,68,70,-1,19,70,17,-1,17,70,72,-1,17,72,15,-1,15,72,13,-1,40,48,39,-1,39,48,49,-1,39,49,37,-1,37,49,50,-1,37,50,34,-1,34,50,52,-1,34,52,32,-1,32,52,54,-1,32,54,30,-1,30,54,57,-1,30,57,28,-1,28,57,59,-1,28,59,27,-1,27,59,60,-1,27,60,25,-1,25,60,62,-1,25,62,22,-1,22,62,64,-1,22,64,21,-1,21,64,66,-1,21,66,68,-1,5,4,83,-1,83,81,5,-1,5,81,79,-1,5,79,8,-1,8,79,77,-1,8,77,10,-1,10,77,75,-1,20,18,71,-1,71,18,16,-1,71,16,73,-1,73,16,14,-1,73,14,75,-1,75,14,12,-1,75,12,10,-1,46,41,47,-1,47,41,38,-1,47,38,51,-1,51,38,36,-1,51,36,53,-1,53,36,35,-1,53,35,55,-1,55,35,33,-1,55,33,56,-1,56,33,31,-1,56,31,58,-1,58,31,29,-1,58,29,61,-1,61,29,26,-1,61,26,63,-1,63,26,24,-1,63,24,65,-1,65,24,23,-1,65,23,67,-1,67,23,20,-1,67,20,69,-1,69,20,71,-1,6,3,4,-1,4,3,1,-1,82,2,6,-1,6,2,3,-1,0,83,1,-1,1,83,4,-1,83,0,82,-1,82,0,2,-1,48,45,46,-1,46,45,43,-1,40,44,48,-1,48,44,45,-1,42,41,43,-1,43,41,46,-1,41,42,40,-1,40,42,44,-1,84,85,86,-1,86,85,87,-1,88,89,90,-1,90,89,91,-1,91,89,92,-1,91,92,93,-1,93,92,94,-1,93,94,95,-1,95,94,96,-1,95,96,97,-1,97,96,98,-1,97,98,99,-1,99,98,100,-1,99,100,101,-1,101,100,102,-1,101,102,103,-1,103,102,104,-1,103,104,105,-1,106,105,107,-1,107,105,104,-1,106,107,108,-1,106,108,109,-1,109,108,110,-1,109,110,111,-1,112,111,113,-1,113,111,110,-1,112,113,114,-1,114,113,115,-1,114,115,116,-1,116,115,117,-1,118,116,119,-1,119,116,117,-1,118,119,120,-1,118,120,121,-1,121,120,122,-1,121,122,123,-1,124,123,125,-1,125,123,122,-1,126,127,128,-1,128,127,129,-1,130,131,132,-1,132,131,133,-1,133,131,134,-1,134,131,135,-1,134,135,136,-1,136,135,137,-1,138,136,139,-1,139,136,137,-1,138,139,140,-1,138,140,141,-1,141,140,142,-1,141,142,143,-1,144,143,145,-1,145,143,142,-1,144,145,146,-1,146,145,147,-1,146,147,148,-1,148,147,149,-1,150,148,151,-1,151,148,149,-1,150,151,152,-1,152,151,153,-1,152,153,154,-1,154,153,155,-1,154,155,156,-1,156,155,157,-1,156,157,158,-1,158,157,159,-1,158,159,160,-1,160,159,161,-1,160,161,162,-1,162,161,163,-1,162,163,164,-1,164,163,165,-1,166,164,167,-1,167,164,165,-1,91,93,160,-1,160,93,95,-1,160,95,158,-1,158,95,97,-1,158,97,156,-1,166,90,164,-1,164,90,91,-1,164,91,162,-1,162,91,160,-1,105,152,103,-1,103,152,154,-1,103,154,101,-1,101,154,156,-1,101,156,99,-1,99,156,97,-1,124,132,123,-1,123,132,133,-1,123,133,121,-1,121,133,134,-1,121,134,118,-1,118,134,136,-1,118,136,116,-1,116,136,138,-1,116,138,114,-1,114,138,141,-1,114,141,112,-1,112,141,143,-1,112,143,111,-1,111,143,144,-1,111,144,109,-1,109,144,146,-1,109,146,106,-1,106,146,148,-1,106,148,105,-1,105,148,150,-1,105,150,152,-1,89,88,167,-1,167,165,89,-1,89,165,163,-1,89,163,92,-1,92,163,161,-1,92,161,94,-1,94,161,159,-1,104,102,155,-1,155,102,100,-1,155,100,157,-1,157,100,98,-1,157,98,159,-1,159,98,96,-1,159,96,94,-1,130,125,131,-1,131,125,122,-1,131,122,135,-1,135,122,120,-1,135,120,137,-1,137,120,119,-1,137,119,139,-1,139,119,117,-1,139,117,140,-1,140,117,115,-1,140,115,142,-1,142,115,113,-1,142,113,145,-1,145,113,110,-1,145,110,147,-1,147,110,108,-1,147,108,149,-1,149,108,107,-1,149,107,151,-1,151,107,104,-1,151,104,153,-1,153,104,155,-1,132,129,130,-1,130,129,127,-1,124,128,132,-1,132,128,129,-1,126,125,127,-1,127,125,130,-1,125,126,124,-1,124,126,128,-1,90,87,88,-1,88,87,85,-1,166,86,90,-1,90,86,87,-1,84,167,85,-1,85,167,88,-1,167,84,166,-1,166,84,86,-1,
        ]
    }
}
Shape{
    appearance Appearance {
        material  Material 	{
            diffuseColor 1.0 1.0 1.0
            specularColor 0.5019607843137255 0.5019607843137255 0.5019607843137255
            ambientIntensity 0.2
            transparency 0
            shininess 0.5
        }
    }
    geometry IndexedFaceSet {
        ccw TRUE
        solid FALSE
        coord DEF co Coordinate {
            point [
                -0.2546 1.4764 2.1654, 0.374 -0.2362 2.1654, 0.2546 1.4764 2.1654, 0.374 1.6929 2.1654, 0.2546 1.6505 2.1654, -1.1614 -0.2362 2.1654, -1.1614 -0.5906 2.1654, -0.374 -0.2362 2.1654, 1.1614 -0.5906 2.1654, -0.2546 1.6505 2.1654, -0.374 1.6929 2.1654, 1.1614 -0.2362 2.1654, -0.0035 1.6875 0.3937, -0.0265 1.6814 0.3937, -0.0035 1.7005 0.3937, -0.0265 1.7995 0.3937, -0.087 1.7995 0.3937, -0.087 1.7865 0.3937, -0.0899 1.6943 0.3937, 0.0781 1.7684 0.3937, 0.0712 1.7794 0.3937, 0.1391 1.7995 0.3937, -0.1014 2.2835 0.3937, -0.1014 1.6807 0.3937, -0.0899 1.6814 0.3937, 0.055 1.6854 0.3937, 0.0944 1.6814 0.3937, 0.0436 1.6814 0.3937, 0.0359 1.6807 0.3937, 0.0605 1.7897 0.3937, 0.1549 1.7995 0.3937, 0.9646 2.2835 0.3937, 0.1549 1.6814 0.3937, 0.9646 1.6807 0.3937, -0.0424 1.7347 0.3937, -0.0424 1.6943 0.3937, -0.0842 1.7347 0.3937, -0.0842 1.7476 0.3937, -0.0424 1.7476 0.3937, -0.0424 1.7865 0.3937, 0.0358 1.7867 0.3937, 0.0446 1.7835 0.3937, -0.0014 1.6993 0.3937, 0.0528 1.778 0.3937, 0.0599 1.7701 0.3937, 0.0685 1.7392 0.3937, 0.0673 1.7264 0.3937, 0.0641 1.7162 0.3937, 0.0378 1.6941 0.3937, 0.0268 1.6929 0.3937, 0.0464 1.6973 0.3937, 0.0537 1.7022 0.3937, 0.0592 1.708 0.3937, 0.0111 1.6946 0.3937, 0.0645 1.6915 0.3937, 0.0734 1.7008 0.3937, 0.0944 1.6943 0.3937, 0.0797 1.712 0.3937, 0.1391 1.6943 0.3937, 0.0648 1.761 0.3937, 0.068 1.7484 0.3937, 0.0832 1.7245 0.3937, 0.0844 1.7382 0.3937, 0.0827 1.755 0.3937, 0.0493 1.7961 0.3937, 0.0362 1.8 0.3937, 0.0243 1.8009 0.3937, 0.0102 1.8 0.3937, -0.0035 1.7962 0.3937, -0.0035 1.7804 0.3937, 0.0098 1.7861 0.3937, 0.0242 1.788 0.3937, 0.029 1.6799 0.3937, 0.9646 -0.5709 0.3937, 0.0258 1.68 0.3937, -0.1014 -0.5709 0.3937, 0.021 1.6807 0.3937, -0.9646 -0.5709 0.3937, -0.9646 1.6807 0.3937, 0.0091 1.6823 0.3937, -0.2167 1.6814 0.3937, -0.2021 1.7137 0.3937, -0.1954 1.7032 0.3937, -0.1856 1.6939 0.3937, -0.1733 1.6867 0.3937, -0.1597 1.6827 0.3937, -0.306 1.6814 0.3937, -0.3233 1.6814 0.3937, -0.2772 1.7995 0.3937, -0.9646 2.2835 0.3937, -0.2613 1.7995 0.3937, -0.1451 1.6814 0.3937, -0.234 1.6814 0.3937, -0.2452 1.7145 0.3937, -0.294 1.7145 0.3937, -0.113 1.6814 0.3937, -0.113 1.7995 0.3937, -0.1463 1.7995 0.3937, -0.1902 1.7841 0.3937, -0.1985 1.7748 0.3937, -0.204 1.7647 0.3937, -0.1634 1.7977 0.3937, -0.1772 1.7928 0.3937, -0.19 1.7842 0.3937, -0.2072 1.753 0.3937, -0.208 1.7419 0.3937, -0.2064 1.7261 0.3937, 1.1811 1.6929 1.5748, 1.1811 1.6929 2.5394, 1.1811 -0.1969 2.5394, 1.1811 -0.0613 0.0161, 1.1811 -0.043 0.0196, 1.1811 -0.5906 1.7619, 1.1811 -0.0394 0.0197, 1.1811 2.2835 0.0197, 1.1811 -0.2165 2.1509, 1.1811 -0.1575 0.0197, 1.1811 -2.2604 0.4805, 1.1811 -0.226 2.147, 1.1811 -0.2362 2.1457, 1.1811 -0.5906 2.1457, 1.1811 1.8155 1.3797, 1.1811 1.7744 1.4055, 1.1811 -0.2021 2.1654, 1.1811 1.7402 1.4398, 1.1811 1.8613 1.3637, 1.1811 2.2835 1.1811, 1.1811 -0.2084 2.1572, 1.1811 -0.1969 2.185, 1.1811 -0.1982 2.1748, 1.1811 1.6983 1.5266, 1.1811 1.7144 1.4809, 1.1811 -2.2701 0.4711, 1.1811 -2.2774 0.4597, 1.1811 -2.2819 0.447, 1.1811 -2.2835 0.4336, 1.1811 -2.2835 0.0787, 1.1811 -2.2244 0.0197, 1.1811 -2.2815 0.0635, 1.1811 -2.2756 0.0492, 1.1811 -0.1538 0.0196, 1.1811 -0.1355 0.0161, 1.1811 -0.1284 0.0137, 1.1811 -2.2662 0.037, 1.1811 -2.2539 0.0276, 1.1811 -2.2397 0.0217, 1.1811 -0.0684 0.0137, 1.1811 -0.0831 0.0075, 1.1811 -0.1137 0.0075, 1.1811 -0.0974 0.0005, 1.1811 -0.0994 0.0005, 1.1811 -0.0984 0.0, 1.1811 2.2316 1.3064, 1.1811 2.1949 1.3345, 1.1811 2.2597 1.2697, 1.1811 2.2774 1.227, 1.1811 2.1522 1.3522, 1.1811 2.1063 1.3583, 1.1811 1.9094 1.3583, -1.1811 -0.5906 1.7619, -1.1811 2.2835 0.0197, -1.1811 -0.0394 0.0197, -1.1811 -0.1969 2.5394, -1.1811 1.6929 2.5394, -1.1811 -0.1969 2.185, -1.1811 1.6929 1.5748, -1.1811 -0.1982 2.1748, -1.1811 1.7402 1.4398, -1.1811 1.7744 1.4055, -1.1811 -0.2021 2.1654, -1.1811 -2.2756 0.0492, -1.1811 -0.1575 0.0197, -1.1811 -2.2662 0.037, -1.1811 -2.2244 0.0197, -1.1811 -2.2539 0.0276, -1.1811 -2.2397 0.0217, -1.1811 -0.5906 2.1457, -1.1811 -0.2362 2.1457, -1.1811 -0.226 2.147, -1.1811 1.7144 1.4809, -1.1811 -0.043 0.0196, -1.1811 -0.0613 0.0161, -1.1811 -0.0684 0.0137, -1.1811 -2.2815 0.0635, -1.1811 -2.2835 0.0787, -1.1811 -2.2835 0.4336, -1.1811 1.6983 1.5266, -1.1811 -0.2165 2.1509, -1.1811 -0.2084 2.1572, -1.1811 2.2835 1.1811, -1.1811 1.8155 1.3797, -1.1811 1.8613 1.3637, -1.1811 1.9094 1.3583, -1.1811 2.1063 1.3583, -1.1811 -0.1355 0.0161, -1.1811 -0.1284 0.0137, -1.1811 -0.1137 0.0075, -1.1811 -0.0831 0.0075, -1.1811 -0.0994 0.0005, -1.1811 -0.0974 0.0005, -1.1811 -0.0984 0.0, -1.1811 -0.1538 0.0196, -1.1811 -2.2604 0.4805, -1.1811 -2.2701 0.4711, -1.1811 2.2774 1.227, -1.1811 2.2597 1.2697, -1.1811 2.2316 1.3064, -1.1811 2.1522 1.3522, -1.1811 2.1949 1.3345, -1.1811 -2.2819 0.447, -1.1811 -2.2774 0.4597, -1.1319 -0.1837 0.0, -1.1614 -2.2244 0.0, -1.1523 -0.168 0.0, -1.1614 -0.1575 0.0, -1.1082 -0.1935 0.0, -1.0827 -0.1969 0.0, -1.0039 -2.2244 0.0, -1.0572 -0.1935 0.0, -1.0335 -0.1837 0.0, -1.0131 -0.168 0.0, -1.0039 -0.1575 0.0, 1.0335 -0.1837 0.0, 1.0039 -2.2244 0.0, 1.0131 -0.168 0.0, 1.0039 -0.1575 0.0, 1.0572 -0.1935 0.0, 1.0827 -0.1969 0.0, 1.1614 -2.2244 0.0, 1.1082 -0.1935 0.0, 1.1319 -0.1837 0.0, 1.1523 -0.168 0.0, 1.1614 -0.1575 0.0, 1.0039 -2.3031 0.0787, 1.1614 -2.3031 0.0787, 1.0039 -2.3031 0.4336, 1.1614 -2.3031 0.4336, 1.0039 -0.6179 1.7657, 1.0039 -2.2723 0.4961, 1.1614 -0.6179 1.7657, 1.1614 -2.2723 0.4961, -1.1614 1.9094 1.378, -1.1024 1.9094 1.378, -1.1614 2.1063 1.378, -1.1024 2.1063 1.378, -1.1614 1.6929 2.5591, -1.1614 -0.1969 2.5591, -0.4134 1.6929 2.5591, -0.4134 -0.1969 2.5591, -1.1614 2.3031 0.0, -1.1614 2.3031 1.1811, -1.1024 2.3031 0.4724, -1.1024 2.3031 1.1811, 1.1024 2.3031 1.1811, 1.1614 2.3031 1.1811, 1.1024 2.3031 0.4724, 1.1614 2.3031 0.0, 1.0026 2.3031 0.3842, 0.9987 2.3031 0.3937, 0.9924 2.3031 0.4019, 0.9843 2.3031 0.4081, -0.9748 2.3031 0.412, -0.9843 2.3031 0.4081, -0.9924 2.3031 0.4019, -0.9987 2.3031 0.3937, -1.0039 2.3031 0.0, -1.0039 2.3031 0.374, -1.0026 2.3031 0.3842, 1.0039 2.3031 0.0, 1.0039 2.3031 0.374, 0.9748 2.3031 0.412, 0.9646 2.3031 0.4134, -0.9646 2.3031 0.4134, -1.0335 -0.0132 0.0, -1.0131 -0.0288 0.0, -1.0039 -0.0394 0.0, -1.1082 -0.0034 0.0, -1.0827 -0.0 0.0, -1.0572 -0.0034 0.0, -1.1319 -0.0132 0.0, -1.1523 -0.0288 0.0, -1.1614 -0.0394 0.0, -1.0039 -2.3031 0.4336, -1.1614 -2.3031 0.4336, -1.0039 -2.3031 0.0787, -1.1614 -2.3031 0.0787, 0.4134 -0.1969 2.5591, 1.1614 -0.1969 2.5591, 0.4134 1.6929 2.5591, 1.1614 1.6929 2.5591, 1.1319 -0.0132 0.0, 1.1523 -0.0288 0.0, 1.1614 -0.0394 0.0, 1.0572 -0.0034 0.0, 1.0827 -0.0 0.0, 1.1082 -0.0034 0.0, 1.0335 -0.0132 0.0, 1.0131 -0.0288 0.0, 1.0039 -0.0394 0.0, -0.9843 -0.0684 0.0137, -0.9843 -0.0613 0.0161, -0.9843 -0.6299 0.374, -0.9843 -0.043 0.0196, -0.9843 -0.0394 0.0197, -0.9843 2.2835 0.374, -0.9843 2.2835 0.0197, -0.9843 -0.6299 1.7317, -0.9843 -2.2604 0.4805, -0.9843 -2.2701 0.4711, -0.9843 -2.2774 0.4597, -0.9843 -2.2835 0.0787, -0.9843 -2.2815 0.0635, -0.9843 -2.2819 0.447, -0.9843 -2.2835 0.4336, -0.9843 -2.2756 0.0492, -0.9843 -2.2662 0.037, -0.9843 -2.2539 0.0276, -0.9843 -2.2397 0.0217, -0.9843 -2.2244 0.0197, -0.9843 -0.1575 0.0197, -0.9843 -0.1538 0.0196, -0.9843 -0.1355 0.0161, -0.9843 -0.1284 0.0137, -0.9843 -0.0831 0.0075, -0.9843 -0.1137 0.0075, -0.9843 -0.0974 0.0005, -0.9843 -0.0994 0.0005, -0.9843 -0.0984 0.0, 0.9843 -2.2604 0.4805, 0.9843 -0.6299 1.7317, 0.9843 -0.6299 0.374, 0.9843 -2.2701 0.4711, 0.9843 -0.1575 0.0197, 0.9843 -2.2244 0.0197, 0.9843 -2.2397 0.0217, 0.9843 -2.2756 0.0492, 0.9843 -2.2815 0.0635, 0.9843 -2.2835 0.0787, 0.9843 -2.2835 0.4336, 0.9843 2.2835 0.374, 0.9843 2.2835 0.0197, 0.9843 -0.0394 0.0197, 0.9843 -2.2819 0.447, 0.9843 -2.2774 0.4597, 0.9843 -0.043 0.0196, 0.9843 -0.0613 0.0161, 0.9843 -0.0684 0.0137, 0.9843 -2.2539 0.0276, 0.9843 -2.2662 0.037, 0.9843 -0.0984 0.0, 0.9843 -0.0994 0.0005, 0.9843 -0.0974 0.0005, 0.9843 -0.1137 0.0075, 0.9843 -0.0831 0.0075, 0.9843 -0.1284 0.0137, 0.9843 -0.1355 0.0161, 0.9843 -0.1538 0.0196, 1.1614 1.7126 1.5748, 1.1024 1.7126 1.5748, 1.1614 1.7126 2.5394, 1.1024 1.7126 2.5021, 0.4134 1.7126 2.5394, 0.4724 1.7126 2.5021, 0.4134 1.7126 2.185, 0.4724 1.7126 2.0866, -0.412 1.7126 2.1748, -0.4081 1.7126 2.1654, -0.4724 1.7126 2.0866, -0.4019 1.7126 2.1572, -0.3937 1.7126 2.1509, -1.1024 1.7126 1.5748, -1.1614 1.7126 1.5748, -1.1024 1.7126 2.4786, -1.1614 1.7126 2.5394, -0.4724 1.7126 2.4786, -0.4134 1.7126 2.5394, -0.4134 1.7126 2.185, 0.3842 1.7126 2.147, 0.3937 1.7126 2.1509, 0.4019 1.7126 2.1572, 0.4081 1.7126 2.1654, 0.412 1.7126 2.1748, -0.3842 1.7126 2.147, -0.374 1.7126 2.1457, 0.374 1.7126 2.1457, 1.1614 2.1063 1.378, 1.1024 2.1063 1.378, 1.1614 1.9094 1.378, 1.1024 1.9094 1.378, -0.3937 1.6929 2.185, -0.3937 1.6929 2.5394, -0.3937 -0.2165 2.185, -0.3937 -0.2165 2.5394, 0.3937 -0.2165 2.185, 0.3937 -0.2165 2.5394, 0.3937 1.6929 2.185, 0.3937 1.6929 2.5394, 0.4724 -0.0591 2.5021, 1.1024 -0.0591 2.5021, 0.4724 -0.0591 2.0866, -0.4724 -0.0591 2.0866, -0.4724 -0.0591 2.4786, -1.1024 -0.0591 2.4786, -1.1024 1.739 1.4764, -1.1024 -0.0591 0.4724, -1.1024 1.7703 1.4356, -1.1024 1.811 1.4043, -1.1024 1.8585 1.3847, -1.1024 1.7193 1.5239, -1.1024 2.1572 1.3712, -1.1024 2.2768 1.2795, -1.1024 2.2455 1.3203, -1.1024 2.2047 1.3516, -1.1024 2.2964 1.2321, 1.1024 1.7193 1.5239, 1.1024 1.739 1.4764, 1.1024 -0.0591 0.4724, 1.1024 1.7703 1.4356, 1.1024 1.811 1.4043, 1.1024 1.8585 1.3847, 1.1024 2.1572 1.3712, 1.1024 2.2047 1.3516, 1.1024 2.2455 1.3203, 1.1024 2.2768 1.2795, 1.1024 2.2964 1.2321, -0.2835 -0.0591 1.1299, -0.5039 -0.0591 1.1299, -0.5039 -0.0591 1.3504, -0.2835 -0.0591 1.3504, 0.5039 -0.0591 1.3504, 0.2835 -0.0591 1.3504, 0.5039 -0.0591 1.1299, 0.2835 -0.0591 1.1299, 1.1614 -0.2165 2.185, 1.1614 -0.2165 2.5394, -1.1614 -0.2165 2.185, -1.1614 -0.2165 2.5394, -1.1614 -0.6179 1.7657, -1.1614 -2.2723 0.4961, -1.0039 -0.6179 1.7657, -1.0039 -2.2723 0.4961, -0.9688 -0.6102 1.7541, -0.965 -0.6102 1.7392, -0.5039 -0.6102 1.1299, -0.9646 -0.6102 1.7317, -0.9646 -0.6102 0.4331, -0.2835 -0.6102 1.1299, -0.9957 -0.6102 1.7803, -0.9915 -0.6102 1.7788, -1.1614 -0.6102 2.1457, -0.9873 -0.6102 1.7767, -0.9831 -0.6102 1.7738, 0.9954 -0.6102 1.7802, 0.9995 -0.6102 1.781, 1.1614 -0.6102 2.1457, 1.0039 -0.6102 1.7814, 1.1614 -0.6102 1.7814, 0.9666 -0.6102 1.7476, 0.9721 -0.6102 1.7609, 0.5039 -0.6102 1.3504, -0.9753 -0.6102 1.7658, -0.5039 -0.6102 1.3504, -0.2835 -0.6102 1.3504, 0.9646 -0.6102 0.4331, 0.5039 -0.6102 1.1299, 0.2835 -0.6102 1.1299, -1.1614 -0.6102 1.7814, -1.0039 -0.6102 1.7814, -0.9998 -0.6102 1.7811, 0.9795 -0.6102 1.7706, 0.9834 -0.6102 1.774, 0.9873 -0.6102 1.7767, 0.9914 -0.6102 1.7788, 0.9646 -0.6102 1.7317, 0.2835 -0.6102 1.3504, 1.1631 -0.0418 0.0, 1.1679 -0.0492 0.0, 1.1679 -0.0492 -0.1969, 1.1777 -0.1239 0.0, 1.1777 -0.1239 -0.1969, 1.1786 -0.1171 -0.0, 1.1811 -0.0984 -0.1969, 1.1809 -0.0996 -0.0, 1.1679 -0.1476 0.0, 1.1679 -0.1476 -0.1969, 1.171 -0.1401 -0.0, 1.1739 -0.1332 -0.0, 1.1631 -0.155 0.0, 1.1523 -0.168 -0.1969, 1.1319 -0.1837 -0.1969, 1.1082 -0.1935 -0.1969, 1.0827 -0.1969 -0.1969, 1.0572 -0.1935 -0.1969, 1.0335 -0.1837 -0.1969, 1.0131 -0.168 -0.1969, 0.9974 -0.1476 -0.1969, 1.0023 -0.155 0.0, 0.9974 -0.1476 0.0, 0.9943 -0.1401 -0.0, 0.9876 -0.1239 -0.1969, 0.9914 -0.1332 -0.0, 0.9876 -0.1239 0.0, 0.9843 -0.0984 -0.1969, 0.9844 -0.0996 -0.0, 0.9867 -0.1171 -0.0, 0.9876 -0.073 0.0, 0.9876 -0.073 -0.1969, 0.9867 -0.0797 -0.0, 0.9844 -0.0972 -0.0, 0.9974 -0.0492 0.0, 0.9974 -0.0492 -0.1969, 0.9943 -0.0568 -0.0, 0.9914 -0.0637 -0.0, 1.0023 -0.0418 0.0, 1.0131 -0.0288 -0.1969, 1.0335 -0.0132 -0.1969, 1.0572 -0.0034 -0.1969, 1.0827 -0.0 -0.1969, 1.1082 -0.0034 -0.1969, 1.1319 -0.0132 -0.1969, 1.1523 -0.0288 -0.1969, 1.1777 -0.073 0.0, 1.1777 -0.073 -0.1969, 1.1739 -0.0637 0.0, 1.171 -0.0568 0.0, 1.1786 -0.0797 0.0, 1.1809 -0.0972 0.0, 1.0827 -0.0984 -0.1969, -1.1631 -0.155 0.0, -1.1679 -0.1476 0.0, -1.1679 -0.1476 -0.1969, -0.9876 -0.1239 0.0, -0.9876 -0.1239 -0.1969, -0.9867 -0.1171 -0.0, -0.9843 -0.0984 -0.1969, -0.9844 -0.0996 -0.0, -0.9974 -0.1476 0.0, -0.9974 -0.1476 -0.1969, -0.9943 -0.1401 -0.0, -0.9914 -0.1332 -0.0, -1.0023 -0.155 0.0, -1.0131 -0.168 -0.1969, -1.0335 -0.1837 -0.1969, -1.0572 -0.1935 -0.1969, -1.0827 -0.1969 -0.1969, -1.1082 -0.1935 -0.1969, -1.1319 -0.1837 -0.1969, -1.1523 -0.168 -0.1969, -1.1777 -0.1239 0.0, -1.1777 -0.1239 -0.1969, -1.1739 -0.1332 0.0, -1.171 -0.1401 0.0, -1.1811 -0.0984 -0.1969, -1.1809 -0.0996 0.0, -1.1786 -0.1171 0.0, -1.1777 -0.073 0.0, -1.1777 -0.073 -0.1969, -1.1786 -0.0797 0.0, -1.1809 -0.0972 0.0, -1.1679 -0.0492 0.0, -1.1679 -0.0492 -0.1969, -1.171 -0.0568 0.0, -1.1739 -0.0637 0.0, -1.1631 -0.0418 0.0, -1.1523 -0.0288 -0.1969, -1.1319 -0.0132 -0.1969, -1.1082 -0.0034 -0.1969, -1.0827 -0.0 -0.1969, -1.0572 -0.0034 -0.1969, -1.0335 -0.0132 -0.1969, -1.0131 -0.0288 -0.1969, -0.9974 -0.0492 -0.1969, -1.0023 -0.0418 0.0, -0.9974 -0.0492 0.0, -0.9943 -0.0568 0.0, -0.9876 -0.073 -0.1969, -0.9914 -0.0637 0.0, -0.9876 -0.073 0.0, -0.9867 -0.0797 0.0, -0.9844 -0.0972 0.0, -1.0827 -0.0984 -0.1969, 1.1614 2.1572 1.3712, 1.1614 2.2047 1.3516, 1.1614 2.2455 1.3203, 1.1614 2.2768 1.2795, 1.1614 2.2964 1.2321, -1.1614 1.7175 1.531, -1.1614 1.72 1.5241, -1.1614 1.7321 1.4894, -1.1614 1.7399 1.477, -1.1614 1.7555 1.4521, -1.1614 1.7711 1.4365, -1.1614 1.7867 1.4209, -1.1614 1.8116 1.4053, -1.1614 1.824 1.3974, -1.1614 1.8587 1.3853, -1.1614 1.8656 1.3829, 1.1614 1.7175 1.531, 1.1614 1.72 1.5241, 1.1614 1.7321 1.4894, 1.1614 1.7399 1.477, 1.1614 1.7555 1.4521, 1.1614 1.7711 1.4365, 1.1614 1.7867 1.4209, 1.1614 1.8116 1.4053, 1.1614 1.824 1.3974, 1.1614 1.8656 1.3829, 1.1614 1.8587 1.3853, -1.1614 2.1572 1.3712, -1.1614 2.2047 1.3516, -1.1614 2.2455 1.3203, -1.1614 2.2768 1.2795, -1.1614 2.2964 1.2321, 1.1679 -0.0418 0.001, 1.1811 -0.0974 0.0004, 1.1811 -0.0973 0.0003, 1.1803 -0.0807 0.0024, 1.1811 -0.0973 0.0002, 1.1811 -0.0973 0.0002, 1.1765 -0.0641 0.0019, 1.1798 -0.0802 0.0012, 1.181 -0.0972 0.0001, 1.1811 -0.0825 0.0062, 1.1809 -0.0819 0.0049, 1.1806 -0.0813 0.0037, 1.1809 -0.0675 0.0111, 1.1803 -0.0666 0.0086, 1.1794 -0.0657 0.0062, 1.1781 -0.0648 0.0039, 1.1808 -0.0604 0.0129, 1.18 -0.0594 0.0098, 1.1786 -0.0585 0.0069, 1.1767 -0.0577 0.0042, 1.1744 -0.057 0.0019, 1.1805 -0.0427 0.0148, 1.1787 -0.0424 0.0103, 1.1759 -0.0422 0.0063, 1.1723 -0.042 0.0032, 1.1804 -0.0394 0.0146, 1.1785 -0.0394 0.0098, 1.1753 -0.0394 0.0058, 1.1713 -0.0394 0.0026, 1.1665 -0.0394 0.0007, 1.1804 2.2886 0.0146, 1.1785 2.2933 0.0098, 1.1753 2.2974 0.0058, 1.1734 2.2991 0.0041, 1.1713 2.3005 0.0026, 1.169 2.3017 0.0015, 1.1665 2.3025 0.0007, 1.164 2.303 0.0002, 1.1744 -0.1398 0.0019, 1.1798 -0.1167 0.0012, 1.181 -0.0996 0.0001, 1.1811 -0.0996 0.0002, 1.1811 -0.0995 0.0002, 1.1811 -0.0995 0.0003, 1.1811 -0.0995 0.0004, 1.1803 -0.1161 0.0024, 1.1806 -0.1155 0.0037, 1.1809 -0.1149 0.0049, 1.1811 -0.1143 0.0062, 1.1765 -0.1328 0.0019, 1.1781 -0.132 0.0039, 1.1794 -0.1312 0.0062, 1.1803 -0.1303 0.0086, 1.1809 -0.1294 0.0111, 1.1767 -0.1391 0.0042, 1.1786 -0.1383 0.0069, 1.18 -0.1374 0.0098, 1.1808 -0.1365 0.0129, 1.1679 -0.155 0.001, 1.1723 -0.1549 0.0032, 1.1759 -0.1547 0.0063, 1.1787 -0.1544 0.0103, 1.1805 -0.1541 0.0148, 1.1665 -0.1575 0.0007, 1.1713 -0.1575 0.0026, 1.1753 -0.1575 0.0058, 1.1785 -0.1575 0.0098, 1.1804 -0.1575 0.0146, 1.1658 2.3027 1.1811, 1.1665 2.3024 1.1811, 1.17 2.3012 1.1811, 1.1712 2.3004 1.1811, 1.1737 2.2989 1.1811, 1.1752 2.2973 1.1811, 1.1768 2.2957 1.1811, 1.1784 2.2932 1.1811, 1.1792 2.292 1.1811, 1.1804 2.2885 1.1811, 1.1806 2.2878 1.1811, 1.1665 -2.2244 0.0007, 1.1713 -2.2244 0.0026, 1.1753 -2.2244 0.0058, 1.1785 -2.2244 0.0098, 1.1804 -2.2244 0.0146, 1.1658 2.1571 1.3708, 1.1658 2.296 1.2319, 1.17 2.2946 1.2315, 1.1658 2.1063 1.3775, 1.1665 2.1063 1.3772, 1.17 2.1567 1.3694, 1.1737 2.2923 1.2309, 1.17 2.1063 1.376, 1.1712 2.1063 1.3752, 1.1737 2.1561 1.3671, 1.1768 2.2893 1.2301, 1.1737 2.1063 1.3737, 1.1752 2.1063 1.3721, 1.1768 2.1553 1.3641, 1.1792 2.2857 1.2292, 1.1658 2.2763 1.2793, 1.17 2.2751 1.2786, 1.1737 2.2731 1.2774, 1.1768 2.2704 1.2758, 1.1792 2.2671 1.274, 1.1658 2.2451 1.3199, 1.17 2.2441 1.3189, 1.1737 2.2425 1.3173, 1.1768 2.2403 1.3151, 1.1792 2.2376 1.3124, 1.1658 2.2045 1.3512, 1.17 2.2037 1.3499, 1.1737 2.2026 1.3479, 1.1768 2.201 1.3452, 1.1792 2.1992 1.3419, 1.1792 2.1544 1.3605, 1.1806 2.2817 1.2281, 1.1768 2.1063 1.3705, 1.1784 2.1063 1.3681, 1.1792 2.1063 1.3668, 1.1804 2.1063 1.3633, 1.1806 2.2635 1.2719, 1.1806 2.2347 1.3095, 1.1806 2.1971 1.3383, 1.1806 2.1533 1.3565, 1.1806 2.1063 1.3626, 1.1665 -2.3025 0.0787, 1.1665 -2.3025 0.4336, 1.1713 -2.3005 0.0787, 1.1713 -2.3005 0.4336, 1.1753 -2.2974 0.0787, 1.1753 -2.2974 0.4336, 1.1785 -2.2933 0.0787, 1.1785 -2.2933 0.4336, 1.1804 -2.2886 0.0787, 1.1804 -2.2886 0.4336, -1.1679 -0.155 0.001, -1.1811 -0.0995 0.0004, -1.1811 -0.0995 0.0003, -1.1803 -0.1161 0.0024, -1.1811 -0.0995 0.0002, -1.1811 -0.0996 0.0002, -1.1765 -0.1328 0.0019, -1.1798 -0.1167 0.0012, -1.181 -0.0996 0.0001, -1.1811 -0.1143 0.0062, -1.1809 -0.1149 0.0049, -1.1806 -0.1155 0.0037, -1.1809 -0.1294 0.0111, -1.1803 -0.1303 0.0086, -1.1794 -0.1312 0.0062, -1.1781 -0.132 0.0039, -1.1808 -0.1365 0.0129, -1.18 -0.1374 0.0098, -1.1786 -0.1383 0.0069, -1.1767 -0.1391 0.0042, -1.1744 -0.1398 0.0019, -1.1805 -0.1541 0.0148, -1.1787 -0.1544 0.0103, -1.1759 -0.1547 0.0063, -1.1723 -0.1549 0.0032, -1.1804 -0.1575 0.0146, -1.1785 -0.1575 0.0098, -1.1753 -0.1575 0.0058, -1.1713 -0.1575 0.0026, -1.1665 -0.1575 0.0007, 1.1665 1.9094 1.3773, 1.1713 1.9094 1.3753, 1.1753 1.9094 1.3722, 1.1785 1.9094 1.3681, 1.1804 1.9094 1.3634, 1.1638 -0.6177 1.7657, 1.1661 -0.6171 1.7656, 1.1665 -0.617 1.7656, 1.1665 -2.2719 0.4955, 1.1683 -0.6162 1.7655, 1.1753 -2.2688 0.4915, 1.1753 -0.6098 1.7646, 1.1713 -2.2707 0.494, 1.1746 -0.6109 1.7648, 1.1726 -0.6131 1.7651, 1.1712 -0.6142 1.7652, 1.1705 -0.6148 1.7653, 1.1804 -0.5976 1.7629, 1.1803 -0.5984 1.763, 1.1785 -2.2664 0.4883, 1.1784 -0.6042 1.7638, 1.178 -0.6054 1.764, 1.1804 -2.2635 0.4845, -1.1665 -2.2244 0.0007, -1.1713 -2.2244 0.0026, -1.1753 -2.2244 0.0058, -1.1785 -2.2244 0.0098, -1.1804 -2.2244 0.0146, -1.1744 -0.057 0.0019, -1.1798 -0.0802 0.0012, -1.181 -0.0972 0.0001, -1.1811 -0.0973 0.0002, -1.1811 -0.0973 0.0002, -1.1811 -0.0973 0.0003, -1.1811 -0.0974 0.0004, -1.1803 -0.0807 0.0024, -1.1806 -0.0813 0.0037, -1.1809 -0.0819 0.0049, -1.1811 -0.0825 0.0062, -1.1765 -0.0641 0.0019, -1.1781 -0.0648 0.0039, -1.1794 -0.0657 0.0062, -1.1803 -0.0666 0.0086, -1.1809 -0.0675 0.0111, -1.1767 -0.0577 0.0042, -1.1786 -0.0585 0.0069, -1.18 -0.0594 0.0098, -1.1808 -0.0604 0.0129, -1.1679 -0.0418 0.001, -1.1723 -0.042 0.0032, -1.1759 -0.0422 0.0063, -1.1787 -0.0424 0.0103, -1.1805 -0.0427 0.0148, -1.1665 -0.0394 0.0007, -1.1713 -0.0394 0.0026, -1.1753 -0.0394 0.0058, -1.1785 -0.0394 0.0098, -1.1804 -0.0394 0.0146, 1.1665 1.8237 1.3968, 1.1665 1.7863 1.4204, 1.1804 1.7033 1.5278, 1.1804 1.7189 1.4831, 1.1785 1.7079 1.5288, 1.1785 1.7232 1.4851, 1.1753 1.7119 1.5297, 1.1753 1.7269 1.4869, 1.1713 1.715 1.5304, 1.1713 1.7297 1.4882, 1.1665 1.7169 1.5309, 1.1665 1.7315 1.4891, 1.1804 1.698 1.5748, 1.1785 1.7028 1.5748, 1.1753 1.7068 1.5748, 1.1713 1.71 1.5748, 1.1665 1.7119 1.5748, 1.1665 1.755 1.4517, 1.1713 1.7535 1.4504, 1.1753 1.751 1.4485, 1.1785 1.7478 1.4459, 1.1804 1.7441 1.443, 1.1804 1.7776 1.4095, 1.1785 1.7806 1.4132, 1.1753 1.7831 1.4164, 1.1713 1.7851 1.4188, 1.1713 1.8229 1.3951, 1.1753 1.8215 1.3923, 1.1785 1.8198 1.3886, 1.1804 1.8177 1.3843, 1.1665 1.8655 1.3822, 1.1713 1.8651 1.3803, 1.1753 1.8644 1.3773, 1.1785 1.8635 1.3733, 1.1804 1.8624 1.3687, 1.1805 -0.5949 2.1457, 1.179 -0.599 1.7703, 1.1803 -0.5962 1.7675, 1.1805 -0.5949 1.7662, 1.1804 -0.5956 2.1457, 1.179 -0.599 2.1457, 1.178 -0.6012 1.7725, 1.1767 -0.6027 1.7739, 1.1699 -0.6082 2.1457, 1.1699 -0.6083 1.7794, 1.1713 -0.6076 2.1457, 1.1705 -0.608 1.7792, 1.1736 -0.6058 2.1457, 1.1785 -0.6004 2.1457, 1.1767 -0.6027 2.1457, 1.1746 -0.6052 1.7764, 1.1753 -0.6045 2.1457, 1.1737 -0.6059 1.7771, 1.1726 -0.6067 1.7779, 1.1658 -0.6097 2.1457, 1.1638 -0.6101 1.7812, 1.1658 -0.6097 1.7809, 1.1665 -0.6096 2.1457, 1.1661 -0.6097 1.7808, 1.1683 -0.609 1.7801, -1.1804 -2.2886 0.0787, -1.1804 -2.2886 0.4336, -1.1785 -2.2933 0.0787, -1.1785 -2.2933 0.4336, -1.1753 -2.2974 0.0787, -1.1753 -2.2974 0.4336, -1.1713 -2.3005 0.0787, -1.1713 -2.3005 0.4336, -1.1665 -2.3025 0.0787, -1.1665 -2.3025 0.4336, -1.164 2.303 0.0002, -1.169 2.3017 0.0015, -1.1665 2.3025 0.0007, -1.1753 2.2974 0.0058, -1.1734 2.2991 0.0041, -1.1713 2.3005 0.0026, -1.1785 2.2933 0.0098, -1.1804 2.2886 0.0146, 1.1665 1.7119 2.5394, 1.1713 1.71 2.5394, 1.1753 1.7068 2.5394, 1.1785 1.7028 2.5394, 1.1804 1.698 2.5394, 1.1665 -0.1969 2.5584, 1.1665 1.6929 2.5584, 1.1713 -0.1969 2.5564, 1.1713 1.6929 2.5564, 1.1753 -0.1969 2.5533, 1.1753 1.6929 2.5533, 1.1785 -0.1969 2.5492, 1.1785 1.6929 2.5492, 1.1804 -0.1969 2.5445, 1.1804 1.6929 2.5445, 1.1798 -0.2018 2.5445, 1.1699 -0.2018 2.5564, 1.1658 -0.1994 2.5584, 1.165 -0.2005 2.5584, 1.1614 -0.2019 2.5584, 1.1627 -0.2018 2.5584, 1.1663 -0.1982 2.5584, 1.1709 -0.1994 2.5564, 1.1749 -0.2005 2.5533, 1.1684 -0.2038 2.5564, 1.164 -0.2013 2.5584, 1.1663 -0.2054 2.5564, 1.164 -0.2064 2.5564, 1.1614 -0.2067 2.5564, 1.1735 -0.2038 2.5533, 1.1713 -0.2067 2.5533, 1.1684 -0.2089 2.5533, 1.165 -0.2103 2.5533, 1.1614 -0.2108 2.5533, 1.1779 -0.2013 2.5492, 1.1762 -0.2054 2.5492, 1.1735 -0.2089 2.5492, 1.1699 -0.2116 2.5492, 1.1658 -0.2133 2.5492, 1.1614 -0.2139 2.5492, 1.1779 -0.2064 2.5445, 1.1749 -0.2103 2.5445, 1.1709 -0.2133 2.5445, 1.1663 -0.2152 2.5445, 1.1614 -0.2159 2.5445, 1.1804 -0.2019 2.5394, 1.1785 -0.2067 2.5394, 1.1753 -0.2108 2.5394, 1.1713 -0.2139 2.5394, 1.1665 -0.2159 2.5394, 1.1663 -0.6089 2.1508, 1.1709 -0.607 2.1508, 1.1749 -0.604 2.1508, 1.1779 -0.6001 2.1508, 1.1658 -0.5906 2.1648, 1.1663 -0.5919 2.1647, 1.1709 -0.5931 2.1627, 1.1699 -0.5906 2.1633, 1.1665 -0.5906 2.1647, 1.1749 -0.5942 2.1596, 1.1736 -0.5906 2.1609, 1.1713 -0.5906 2.1627, 1.1779 -0.595 2.1555, 1.1767 -0.5906 2.1578, 1.1753 -0.5906 2.1596, 1.1805 -0.5906 2.15, 1.1804 -0.5906 2.1508, 1.1798 -0.5955 2.1508, 1.179 -0.5906 2.1542, 1.1785 -0.5906 2.1555, 1.1762 -0.5991 2.1555, 1.1735 -0.5975 2.1596, 1.1699 -0.5955 2.1627, 1.1658 -0.5931 2.1647, 1.1735 -0.6026 2.1555, 1.1713 -0.6004 2.1596, 1.1684 -0.5975 2.1627, 1.165 -0.5942 2.1647, 1.1699 -0.6053 2.1555, 1.1684 -0.6026 2.1596, 1.1663 -0.5991 2.1627, 1.164 -0.595 2.1647, 1.1658 -0.607 2.1555, 1.165 -0.604 2.1596, 1.164 -0.6001 2.1627, 1.1627 -0.5955 2.1647, 1.1614 -0.6096 2.1508, 1.1614 -0.6076 2.1555, 1.1614 -0.6045 2.1596, 1.1614 -0.6004 2.1627, 1.1614 -0.5956 2.1647, -1.1705 -0.6148 1.7653, -1.1712 -0.6142 1.7652, -1.1713 -2.2707 0.494, -1.1804 -2.2635 0.4845, -1.1785 -2.2664 0.4883, -1.1783 -0.6041 1.7638, -1.1793 -0.6019 1.7635, -1.1802 -0.5976 1.7629, -1.1809 -0.5944 1.7625, -1.1753 -2.2688 0.4915, -1.1727 -0.613 1.7651, -1.1752 -0.6098 1.7646, -1.1765 -0.6082 1.7644, -1.1665 -2.2719 0.4955, -1.1637 -0.6177 1.7657, -1.166 -0.6172 1.7656, -1.1665 -0.617 1.7656, -1.1683 -0.6162 1.7655, -1.1804 2.2886 1.1811, -1.1785 2.2933 1.1811, -1.1753 2.2974 1.1811, -1.1713 2.3005 1.1811, -1.1665 2.3025 1.1811, 1.1614 1.7119 2.5445, 1.1663 1.7113 2.5445, 1.1663 1.7014 2.5564, 1.164 1.6973 2.5584, 1.165 1.6965 2.5584, 1.1663 1.6942 2.5584, 1.1627 1.6978 2.5584, 1.164 1.7024 2.5564, 1.165 1.7064 2.5533, 1.1614 1.698 2.5584, 1.1684 1.6999 2.5564, 1.1658 1.6955 2.5584, 1.1699 1.6978 2.5564, 1.1709 1.6955 2.5564, 1.1614 1.7028 2.5564, 1.1614 1.7068 2.5533, 1.1614 1.71 2.5492, 1.1684 1.705 2.5533, 1.1713 1.7028 2.5533, 1.1735 1.6999 2.5533, 1.1749 1.6965 2.5533, 1.1658 1.7094 2.5492, 1.1699 1.7077 2.5492, 1.1735 1.705 2.5492, 1.1762 1.7014 2.5492, 1.1779 1.6973 2.5492, 1.1709 1.7094 2.5445, 1.1749 1.7064 2.5445, 1.1779 1.7024 2.5445, 1.1798 1.6978 2.5445, 0.3939 -0.2164 2.5419, 0.3952 -0.215 2.5469, 0.3944 -0.2159 2.5445, 0.3995 -0.2108 2.5533, 0.3978 -0.2125 2.5514, 0.3963 -0.2139 2.5492, 0.4035 -0.2067 2.5564, 0.4083 -0.2019 2.5584, 1.1665 -0.2159 2.185, 1.1713 -0.2139 2.185, 1.1753 -0.2108 2.185, 1.1785 -0.2067 2.185, 1.1804 -0.2019 2.185, 1.1658 -0.2362 2.1648, 1.1665 -0.2362 2.1647, 1.1699 -0.2362 2.1633, 1.1713 -0.2362 2.1627, 1.1736 -0.2362 2.1609, 1.1753 -0.2362 2.1596, 1.1767 -0.2362 2.1578, 1.1785 -0.2362 2.1555, 1.179 -0.2362 2.1542, 1.1804 -0.2362 2.1508, 1.1805 -0.2362 2.15, -1.1614 -0.5956 2.1647, -1.1614 -0.6004 2.1627, -1.1614 -0.6045 2.1596, -1.1614 -0.6076 2.1555, -1.1614 -0.6096 2.1508, -1.1637 -0.6101 1.7812, -1.1665 -0.6096 2.1457, -1.166 -0.6097 1.7808, -1.1712 -0.6076 1.7787, -1.1705 -0.608 1.7792, -1.1713 -0.6076 2.1457, -1.1683 -0.609 1.7801, -1.1665 -0.6095 1.7807, -1.1727 -0.6067 1.7779, -1.1753 -0.6045 2.1457, -1.1752 -0.6044 1.7756, -1.1765 -0.6033 1.7745, -1.1785 -0.6004 2.1457, -1.1783 -0.6003 1.7716, -1.1793 -0.5987 1.77, -1.1804 -0.5956 2.1457, -1.1802 -0.5956 1.7669, -1.1809 -0.5933 1.7646, -1.1665 2.1063 1.3773, -1.1665 2.1571 1.3706, -1.1713 2.1063 1.3753, -1.1713 2.1566 1.3687, -1.1753 2.1063 1.3722, -1.1753 2.1558 1.3657, -1.1785 2.1063 1.3681, -1.1785 2.1547 1.3617, -1.1804 2.1063 1.3634, -1.1804 2.1535 1.3572, -1.1665 2.2044 1.351, -1.1713 2.2034 1.3493, -1.1753 2.2018 1.3466, -1.1785 2.1998 1.3431, -1.1804 2.1974 1.3389, -1.1665 2.245 1.3198, -1.1713 2.2436 1.3184, -1.1753 2.2414 1.3162, -1.1785 2.2385 1.3133, -1.1804 2.2352 1.31, -1.1665 2.2762 1.2792, -1.1713 2.2745 1.2782, -1.1753 2.2718 1.2766, -1.1785 2.2683 1.2746, -1.1804 2.2641 1.2722, -1.1665 2.2958 1.2319, -1.1713 2.2939 1.2314, -1.1753 2.2909 1.2306, -1.1785 2.2869 1.2295, -1.1804 2.2823 1.2283, 0.4134 1.7119 2.5445, 0.4134 1.71 2.5492, 0.4134 1.7068 2.5533, 0.4134 1.7028 2.5564, 0.4134 1.698 2.5584, 0.4083 1.6929 2.5584, 0.4035 1.6929 2.5564, 0.3995 1.6929 2.5533, 0.3963 1.6929 2.5492, 0.3944 1.6929 2.5445, 1.1804 -0.2273 2.1519, 1.1785 -0.2286 2.1565, 1.1753 -0.2296 2.1605, 1.1713 -0.2304 2.1635, 1.1665 -0.231 2.1654, 1.1614 -0.2311 2.166, 1.1804 -0.2191 2.1554, 1.1785 -0.2215 2.1595, 1.1753 -0.2235 2.163, 1.1713 -0.2251 2.1657, 1.1665 -0.226 2.1674, 1.1614 -0.2264 2.168, 1.1804 -0.212 2.1608, 1.1785 -0.2153 2.1642, 1.1753 -0.2182 2.167, 1.1713 -0.2204 2.1693, 1.1665 -0.2218 2.1706, 1.1614 -0.2223 2.1711, 1.1804 -0.2065 2.1679, 1.1785 -0.2106 2.1703, 1.1753 -0.2142 2.1723, 1.1713 -0.2169 2.1739, 1.1665 -0.2186 2.1749, 1.1614 -0.2192 2.1752, 1.1804 -0.2031 2.1762, 1.1785 -0.2077 2.1774, 1.1753 -0.2116 2.1785, 1.1713 -0.2147 2.1793, 1.1665 -0.2166 2.1798, 1.1614 -0.2172 2.1799, -1.1663 -0.6089 2.1508, -1.1663 -0.5991 2.1627, -1.164 -0.595 2.1647, -1.165 -0.5942 2.1647, -1.1665 -0.5906 2.1647, -1.1663 -0.5919 2.1647, -1.1627 -0.5955 2.1647, -1.164 -0.6001 2.1627, -1.165 -0.604 2.1596, -1.1684 -0.5975 2.1627, -1.1658 -0.5931 2.1647, -1.1699 -0.5955 2.1627, -1.1709 -0.5931 2.1627, -1.1713 -0.5906 2.1627, -1.1684 -0.6026 2.1596, -1.1713 -0.6004 2.1596, -1.1735 -0.5975 2.1596, -1.1749 -0.5942 2.1596, -1.1753 -0.5906 2.1596, -1.1658 -0.607 2.1555, -1.1699 -0.6053 2.1555, -1.1735 -0.6026 2.1555, -1.1762 -0.5991 2.1555, -1.1779 -0.595 2.1555, -1.1785 -0.5906 2.1555, -1.1709 -0.607 2.1508, -1.1749 -0.604 2.1508, -1.1779 -0.6001 2.1508, -1.1798 -0.5955 2.1508, -1.1804 -0.5906 2.1508, -1.1665 1.9094 1.3773, -1.1713 1.9094 1.3753, -1.1753 1.9094 1.3722, -1.1785 1.9094 1.3681, -1.1804 1.9094 1.3634, 0.395 1.6978 2.5445, 0.4049 1.6978 2.5564, 0.409 1.6955 2.5584, 0.4098 1.6965 2.5584, 0.4121 1.6978 2.5584, 0.4085 1.6942 2.5584, 0.4039 1.6955 2.5564, 0.3999 1.6965 2.5533, 0.4064 1.6999 2.5564, 0.4108 1.6973 2.5584, 0.4085 1.7014 2.5564, 0.4108 1.7024 2.5564, 0.4013 1.6999 2.5533, 0.4035 1.7028 2.5533, 0.4064 1.705 2.5533, 0.4098 1.7064 2.5533, 0.3969 1.6973 2.5492, 0.3986 1.7014 2.5492, 0.4013 1.705 2.5492, 0.4049 1.7077 2.5492, 0.409 1.7094 2.5492, 0.3969 1.7024 2.5445, 0.3999 1.7064 2.5445, 0.4039 1.7094 2.5445, 0.4085 1.7113 2.5445, 0.3944 1.698 2.5394, 0.3963 1.7028 2.5394, 0.3995 1.7068 2.5394, 0.4035 1.71 2.5394, 0.4083 1.7119 2.5394, 0.3791 -0.2311 2.166, 0.3839 -0.2264 2.168, 0.3879 -0.2223 2.1711, 0.3911 -0.2192 2.1752, 0.3896 -0.2206 2.1731, 0.3935 -0.2167 2.1825, 0.393 -0.2172 2.1799, 0.3922 -0.218 2.1775, -1.1804 -0.2362 2.1508, -1.1785 -0.2362 2.1555, -1.1753 -0.2362 2.1596, -1.1713 -0.2362 2.1627, -1.1665 -0.2362 2.1647, -1.1804 -0.2019 2.185, -1.1804 -0.2019 2.5394, -1.1785 -0.2067 2.185, -1.1785 -0.2067 2.5394, -1.1753 -0.2108 2.185, -1.1753 -0.2108 2.5394, -1.1713 -0.2139 2.185, -1.1713 -0.2139 2.5394, -1.1665 -0.2159 2.185, -1.1665 -0.2159 2.5394, -1.1665 1.7315 1.4891, -1.1665 1.755 1.4517, -1.1804 1.8624 1.3687, -1.1804 1.8177 1.3843, -1.1785 1.8635 1.3733, -1.1785 1.8198 1.3886, -1.1753 1.8644 1.3773, -1.1753 1.8215 1.3923, -1.1713 1.8651 1.3803, -1.1713 1.8229 1.3951, -1.1665 1.8655 1.3822, -1.1665 1.8237 1.3968, -1.1665 1.7863 1.4204, -1.1713 1.7851 1.4188, -1.1753 1.7831 1.4164, -1.1785 1.7806 1.4132, -1.1804 1.7776 1.4095, -1.1713 1.7535 1.4504, -1.1753 1.751 1.4485, -1.1785 1.7478 1.4459, -1.1804 1.7441 1.443, -1.1713 1.7297 1.4882, -1.1753 1.7269 1.4869, -1.1785 1.7232 1.4851, -1.1804 1.7189 1.4831, -1.1665 1.7169 1.5309, -1.1713 1.715 1.5304, -1.1753 1.7119 1.5297, -1.1785 1.7079 1.5288, -1.1804 1.7033 1.5278, -1.1804 1.698 1.5748, -1.1785 1.7028 1.5748, -1.1753 1.7068 1.5748, -1.1713 1.71 1.5748, -1.1665 1.7119 1.5748, 0.4083 1.7119 2.185, 0.4035 1.71 2.185, 0.3995 1.7068 2.185, 0.3963 1.7028 2.185, 0.3944 1.698 2.185, 0.393 1.6929 2.1799, 0.3911 1.6929 2.1752, 0.3879 1.6929 2.1711, 0.3839 1.6929 2.168, 0.3791 1.6929 2.166, -1.1804 -0.2031 2.1762, -1.1785 -0.2077 2.1774, -1.1753 -0.2116 2.1785, -1.1713 -0.2147 2.1793, -1.1665 -0.2166 2.1798, -1.1614 -0.2172 2.1799, -1.1804 -0.2065 2.1679, -1.1785 -0.2106 2.1703, -1.1753 -0.2142 2.1723, -1.1713 -0.2169 2.1739, -1.1665 -0.2186 2.1749, -1.1614 -0.2192 2.1752, -1.1804 -0.212 2.1608, -1.1785 -0.2153 2.1642, -1.1753 -0.2182 2.167, -1.1713 -0.2204 2.1693, -1.1665 -0.2218 2.1706, -1.1614 -0.2223 2.1711, -1.1804 -0.2191 2.1554, -1.1785 -0.2215 2.1595, -1.1753 -0.2235 2.163, -1.1713 -0.2251 2.1657, -1.1665 -0.226 2.1674, -1.1614 -0.2264 2.168, -1.1804 -0.2273 2.1519, -1.1785 -0.2286 2.1565, -1.1753 -0.2296 2.1605, -1.1713 -0.2304 2.1635, -1.1665 -0.231 2.1654, -1.1614 -0.2311 2.166, -1.1614 -0.2159 2.5445, -1.1663 -0.2152 2.5445, -1.1663 -0.2054 2.5564, -1.164 -0.2013 2.5584, -1.165 -0.2005 2.5584, -1.1665 -0.1969 2.5584, -1.1663 -0.1982 2.5584, -1.1627 -0.2018 2.5584, -1.164 -0.2064 2.5564, -1.165 -0.2103 2.5533, -1.1614 -0.2019 2.5584, -1.1684 -0.2038 2.5564, -1.1658 -0.1994 2.5584, -1.1699 -0.2018 2.5564, -1.1709 -0.1994 2.5564, -1.1713 -0.1969 2.5564, -1.1614 -0.2067 2.5564, -1.1614 -0.2108 2.5533, -1.1614 -0.2139 2.5492, -1.1684 -0.2089 2.5533, -1.1713 -0.2067 2.5533, -1.1735 -0.2038 2.5533, -1.1749 -0.2005 2.5533, -1.1753 -0.1969 2.5533, -1.1658 -0.2133 2.5492, -1.1699 -0.2116 2.5492, -1.1735 -0.2089 2.5492, -1.1762 -0.2054 2.5492, -1.1779 -0.2013 2.5492, -1.1785 -0.1969 2.5492, -1.1709 -0.2133 2.5445, -1.1749 -0.2103 2.5445, -1.1779 -0.2064 2.5445, -1.1798 -0.2018 2.5445, -1.1804 -0.1969 2.5445, -1.1665 1.6929 2.5584, -1.1713 1.6929 2.5564, -1.1753 1.6929 2.5533, -1.1785 1.6929 2.5492, -1.1804 1.6929 2.5445, -1.1804 1.698 2.5394, -1.1785 1.7028 2.5394, -1.1753 1.7068 2.5394, -1.1713 1.71 2.5394, -1.1665 1.7119 2.5394, 0.4071 1.7119 2.1762, 0.4025 1.71 2.1774, 0.3986 1.7068 2.1785, 0.3956 1.7028 2.1793, 0.3937 1.698 2.1798, 0.4037 1.7119 2.1679, 0.3996 1.71 2.1703, 0.3961 1.7068 2.1723, 0.3933 1.7028 2.1739, 0.3916 1.698 2.1749, 0.3983 1.7119 2.1608, 0.3949 1.71 2.1642, 0.392 1.7068 2.167, 0.3898 1.7028 2.1693, 0.3884 1.698 2.1706, 0.3912 1.7119 2.1554, 0.3888 1.71 2.1595, 0.3867 1.7068 2.163, 0.3852 1.7028 2.1657, 0.3842 1.698 2.1674, 0.3829 1.7119 2.1519, 0.3817 1.71 2.1565, 0.3806 1.7068 2.1605, 0.3798 1.7028 2.1635, 0.3793 1.698 2.1654, 0.374 1.7119 2.1508, 0.374 1.71 2.1555, 0.374 1.7068 2.1596, 0.374 1.7028 2.1627, 0.374 1.698 2.1647, -0.393 -0.2172 2.1799, -0.3935 -0.2167 2.1825, -0.3879 -0.2223 2.1711, -0.3896 -0.2206 2.1731, -0.3911 -0.2192 2.1752, -0.3922 -0.218 2.1775, -0.3839 -0.2264 2.168, -0.3791 -0.2311 2.166, -0.4083 -0.2019 2.5584, -0.4035 -0.2067 2.5564, -0.3995 -0.2108 2.5533, -0.3978 -0.2125 2.5514, -0.3963 -0.2139 2.5492, -0.3952 -0.215 2.5469, -0.3944 -0.2159 2.5445, -0.3939 -0.2164 2.5419, -1.1798 1.6978 2.5445, -1.1699 1.6978 2.5564, -1.1658 1.6955 2.5584, -1.165 1.6965 2.5584, -1.1614 1.698 2.5584, -1.1627 1.6978 2.5584, -1.1663 1.6942 2.5584, -1.1709 1.6955 2.5564, -1.1749 1.6965 2.5533, -1.1684 1.6999 2.5564, -1.164 1.6973 2.5584, -1.1663 1.7014 2.5564, -1.164 1.7024 2.5564, -1.1614 1.7028 2.5564, -1.1735 1.6999 2.5533, -1.1713 1.7028 2.5533, -1.1684 1.705 2.5533, -1.165 1.7064 2.5533, -1.1614 1.7068 2.5533, -1.1779 1.6973 2.5492, -1.1762 1.7014 2.5492, -1.1735 1.705 2.5492, -1.1699 1.7077 2.5492, -1.1658 1.7094 2.5492, -1.1614 1.71 2.5492, -1.1779 1.7024 2.5445, -1.1749 1.7064 2.5445, -1.1709 1.7094 2.5445, -1.1663 1.7113 2.5445, -1.1614 1.7119 2.5445, -0.374 1.7121 2.15, -0.374 1.7119 2.1507, -0.374 1.7106 2.1542, -0.374 1.7099 2.1555, -0.374 1.7083 2.1579, -0.374 1.7067 2.1595, -0.374 1.7052 2.1611, -0.374 1.7027 2.1626, -0.374 1.7015 2.1634, -0.374 1.698 2.1646, -0.374 1.6973 2.1649, -0.3791 1.6929 2.166, -0.3839 1.6929 2.168, -0.3879 1.6929 2.1711, -0.3911 1.6929 2.1752, -0.393 1.6929 2.1799, -0.3944 1.6929 2.5445, -0.3963 1.6929 2.5492, -0.3995 1.6929 2.5533, -0.4035 1.6929 2.5564, -0.4083 1.6929 2.5584, -0.4134 1.7119 2.5445, -0.4134 1.71 2.5492, -0.4134 1.7068 2.5533, -0.4134 1.7028 2.5564, -0.4134 1.698 2.5584, -0.4078 1.7121 2.176, -0.3831 1.7121 2.1512, -0.382 1.7106 2.1553, -0.409 1.7121 2.185, -0.4083 1.7119 2.185, -0.4038 1.7106 2.1771, -0.381 1.7083 2.1589, -0.4048 1.7106 2.185, -0.4036 1.7099 2.185, -0.4002 1.7083 2.178, -0.3802 1.7052 2.1619, -0.4011 1.7083 2.185, -0.3996 1.7067 2.185, -0.3972 1.7052 2.1788, -0.3796 1.7015 2.1641, -0.3915 1.7121 2.1547, -0.3894 1.7106 2.1583, -0.3876 1.7083 2.1616, -0.386 1.7052 2.1643, -0.3848 1.7015 2.1663, -0.3988 1.7121 2.1603, -0.3958 1.7106 2.1632, -0.3932 1.7083 2.1659, -0.391 1.7052 2.1681, -0.3893 1.7015 2.1697, -0.4043 1.7121 2.1675, -0.4007 1.7106 2.1696, -0.3975 1.7083 2.1715, -0.3948 1.7052 2.173, -0.3928 1.7015 2.1742, -0.3949 1.7015 2.1794, -0.3792 1.6973 2.1655, -0.398 1.7052 2.185, -0.3964 1.7027 2.185, -0.3957 1.7015 2.185, -0.3944 1.698 2.185, -0.3841 1.6973 2.1676, -0.3883 1.6973 2.1708, -0.3915 1.6973 2.1749, -0.3935 1.6973 2.1798, -0.3942 1.6973 2.185, -0.4085 1.7113 2.5445, -0.4085 1.7014 2.5564, -0.4108 1.6973 2.5584, -0.4098 1.6965 2.5584, -0.4085 1.6942 2.5584, -0.4121 1.6978 2.5584, -0.4108 1.7024 2.5564, -0.4098 1.7064 2.5533, -0.4064 1.6999 2.5564, -0.409 1.6955 2.5584, -0.4049 1.6978 2.5564, -0.4039 1.6955 2.5564, -0.4064 1.705 2.5533, -0.4035 1.7028 2.5533, -0.4013 1.6999 2.5533, -0.3999 1.6965 2.5533, -0.409 1.7094 2.5492, -0.4049 1.7077 2.5492, -0.4013 1.705 2.5492, -0.3986 1.7014 2.5492, -0.3969 1.6973 2.5492, -0.4039 1.7094 2.5445, -0.3999 1.7064 2.5445, -0.3969 1.7024 2.5445, -0.395 1.6978 2.5445, -0.4083 1.7119 2.5394, -0.4035 1.71 2.5394, -0.3995 1.7068 2.5394, -0.3963 1.7028 2.5394, -0.3944 1.698 2.5394, -1.1614 -2.2853 0.4836, -1.0039 -2.2853 0.4836, -1.1614 -2.295 0.4684, -1.0039 -2.295 0.4684, -1.1614 -2.3011 0.4515, -1.0039 -2.3011 0.4515, -1.1665 -2.3004 0.4513, -1.1713 -2.2985 0.4509, -1.1753 -2.2955 0.4502, -1.1785 -2.2915 0.4493, -1.1804 -2.2869 0.4482, -1.1665 -2.2944 0.4681, -1.1713 -2.2927 0.4673, -1.1753 -2.2899 0.4659, -1.1785 -2.2862 0.4641, -1.1804 -2.2819 0.462, -1.1665 -2.2848 0.4831, -1.1713 -2.2832 0.4819, -1.1753 -2.2808 0.4799, -1.1785 -2.2777 0.4773, -1.1804 -2.274 0.4743, 1.0039 -2.2853 0.4836, 1.1614 -2.2853 0.4836, 1.0039 -2.295 0.4684, 1.1614 -2.295 0.4684, 1.0039 -2.3011 0.4515, 1.1614 -2.3011 0.4515, 1.1665 -2.2848 0.4831, 1.1713 -2.2832 0.4819, 1.1753 -2.2808 0.4799, 1.1785 -2.2777 0.4773, 1.1804 -2.274 0.4743, 1.1665 -2.2944 0.4681, 1.1713 -2.2927 0.4673, 1.1753 -2.2899 0.4659, 1.1785 -2.2862 0.4641, 1.1804 -2.2819 0.462, 1.1665 -2.3004 0.4513, 1.1713 -2.2985 0.4509, 1.1753 -2.2955 0.4502, 1.1785 -2.2915 0.4493, 1.1804 -2.2869 0.4482, -1.0039 -2.2448 0.0027, -1.1614 -2.2448 0.0027, -1.0039 -2.2638 0.0105, -1.1614 -2.2638 0.0105, -1.0039 -2.2801 0.0231, -1.1614 -2.2801 0.0231, -1.0039 -2.2926 0.0394, -1.1614 -2.2926 0.0394, -1.0039 -2.3005 0.0584, -1.1614 -2.3005 0.0584, -1.1665 -2.2446 0.0033, -1.1713 -2.2441 0.0052, -1.1753 -2.2433 0.0083, -1.1785 -2.2422 0.0122, -1.1804 -2.241 0.0168, -1.1665 -2.2634 0.0111, -1.1713 -2.2625 0.0128, -1.1753 -2.2609 0.0155, -1.1785 -2.2589 0.0191, -1.1804 -2.2565 0.0232, -1.1665 -2.2796 0.0235, -1.1713 -2.2782 0.0249, -1.1753 -2.276 0.0271, -1.1785 -2.2731 0.03, -1.1804 -2.2698 0.0334, -1.1665 -2.292 0.0397, -1.1713 -2.2903 0.0407, -1.1753 -2.2876 0.0423, -1.1785 -2.2841 0.0443, -1.1804 -2.28 0.0467, -1.1665 -2.2998 0.0585, -1.1713 -2.2979 0.059, -1.1753 -2.2949 0.0599, -1.1785 -2.291 0.0609, -1.1804 -2.2864 0.0621, 1.1614 -2.2448 0.0027, 1.0039 -2.2448 0.0027, 1.1614 -2.2638 0.0105, 1.0039 -2.2638 0.0105, 1.1614 -2.2801 0.0231, 1.0039 -2.2801 0.0231, 1.1614 -2.2926 0.0394, 1.0039 -2.2926 0.0394, 1.1614 -2.3005 0.0584, 1.0039 -2.3005 0.0584, 1.1665 -2.2998 0.0585, 1.1713 -2.2979 0.059, 1.1753 -2.2949 0.0599, 1.1785 -2.291 0.0609, 1.1804 -2.2864 0.0621, 1.1665 -2.292 0.0397, 1.1713 -2.2903 0.0407, 1.1753 -2.2876 0.0423, 1.1785 -2.2841 0.0443, 1.1804 -2.28 0.0467, 1.1665 -2.2796 0.0235, 1.1713 -2.2782 0.0249, 1.1753 -2.276 0.0271, 1.1785 -2.2731 0.03, 1.1804 -2.2698 0.0334, 1.1665 -2.2634 0.0111, 1.1713 -2.2625 0.0128, 1.1753 -2.2609 0.0155, 1.1785 -2.2589 0.0191, 1.1804 -2.2565 0.0232, 1.1665 -2.2446 0.0033, 1.1713 -2.2441 0.0052, 1.1753 -2.2433 0.0083, 1.1785 -2.2422 0.0122, 1.1804 -2.241 0.0168, -0.9909 -0.1398 0.0019, -0.9855 -0.1167 0.0012, -0.9843 -0.0996 0.0001, -0.9843 -0.0996 0.0002, -0.9843 -0.0995 0.0002, -0.9843 -0.0995 0.0003, -0.9843 -0.0995 0.0004, -0.9851 -0.1161 0.0024, -0.9847 -0.1155 0.0037, -0.9845 -0.1149 0.0049, -0.9843 -0.1143 0.0062, -0.9888 -0.1328 0.0019, -0.9872 -0.132 0.0039, -0.9859 -0.1312 0.0062, -0.985 -0.1303 0.0086, -0.9844 -0.1294 0.0111, -0.9886 -0.1391 0.0042, -0.9868 -0.1383 0.0069, -0.9854 -0.1374 0.0098, -0.9845 -0.1365 0.0129, -0.9974 -0.155 0.001, -0.9931 -0.1549 0.0032, -0.9894 -0.1547 0.0063, -0.9866 -0.1544 0.0103, -0.9848 -0.1541 0.0148, -0.9988 -0.1575 0.0007, -0.9941 -0.1575 0.0026, -0.99 -0.1575 0.0058, -0.9869 -0.1575 0.0098, -0.9849 -0.1575 0.0146, -0.9988 -2.2244 0.0007, -0.9941 -2.2244 0.0026, -0.99 -2.2244 0.0058, -0.9869 -2.2244 0.0098, -0.9849 -2.2244 0.0146, -0.9988 -2.3025 0.0787, -0.9988 -2.2998 0.0585, -0.9941 -2.3005 0.0787, -0.9941 -2.2979 0.059, -0.99 -2.2974 0.0787, -0.99 -2.2949 0.0599, -0.9869 -2.2933 0.0787, -0.9869 -2.291 0.0609, -0.9849 -2.2886 0.0787, -0.9849 -2.2864 0.0621, -0.9988 -2.292 0.0397, -0.9941 -2.2903 0.0407, -0.99 -2.2876 0.0423, -0.9869 -2.2841 0.0443, -0.9849 -2.28 0.0467, -0.9988 -2.2796 0.0235, -0.9941 -2.2782 0.0249, -0.99 -2.276 0.0271, -0.9869 -2.2731 0.03, -0.9849 -2.2698 0.0334, -0.9988 -2.2634 0.0111, -0.9941 -2.2625 0.0128, -0.99 -2.2609 0.0155, -0.9869 -2.2589 0.0191, -0.9849 -2.2565 0.0232, -0.9988 -2.2446 0.0033, -0.9941 -2.2441 0.0052, -0.99 -2.2433 0.0083, -0.9869 -2.2422 0.0122, -0.9849 -2.241 0.0168, -0.9847 -2.2878 0.4336, -0.985 -2.2885 0.4336, -0.9862 -2.292 0.4336, -0.987 -2.2932 0.4336, -0.9885 -2.2957 0.4336, -0.9901 -2.2973 0.4336, -0.9917 -2.2989 0.4336, -0.9942 -2.3004 0.4336, -0.9954 -2.3012 0.4336, -0.9989 -2.3024 0.4336, -0.9996 -2.3027 0.4336, -0.9847 -2.263 0.4839, -0.9847 -2.2734 0.4739, -0.9996 -2.3006 0.4514, -0.9954 -2.2992 0.4511, -0.9917 -2.2969 0.4505, -0.9885 -2.2939 0.4498, -0.9996 -2.272 0.4957, -0.9996 -2.2849 0.4832, -0.9954 -2.2712 0.4945, -0.9954 -2.2838 0.4823, -0.9917 -2.2697 0.4927, -0.9917 -2.282 0.4808, -0.9885 -2.2678 0.4902, -0.9885 -2.2795 0.4789, -0.9862 -2.2656 0.4872, -0.9862 -2.2767 0.4765, -0.9996 -2.2946 0.4682, -0.9954 -2.2933 0.4676, -0.9917 -2.2912 0.4665, -0.9885 -2.2884 0.4652, -0.9862 -2.285 0.4635, -0.9862 -2.2902 0.449, -0.9847 -2.2813 0.4617, -0.9847 -2.2862 0.448, -1.1678 -0.6097 1.776, -1.1657 -0.6141 1.7687, -1.1721 -0.6075 1.7744, -1.1699 -0.6122 1.7683, -1.176 -0.6042 1.7718, -1.1721 -0.6108 1.7679, -1.1809 -0.5938 1.7636, -1.1809 -0.5935 1.7641, -1.1791 -0.601 1.7651, -1.1791 -0.5994 1.7683, -1.176 -0.6067 1.7667, -1.179 -0.6002 1.7667, -1.1809 -0.5941 1.763, -1.1758 -0.6053 1.7692, -1.1699 -0.6088 1.7753, -1.1718 -0.6089 1.771, -1.1697 -0.6102 1.7716, -1.1657 -0.6103 1.7765, -1.1676 -0.6111 1.7721, -1.1635 -0.6146 1.7688, -1.1635 -0.6121 1.7726, -1.1678 -0.6133 1.7685, -1.1655 -0.6118 1.7724, -1.1635 -0.6106 1.7768, -1.1614 -0.6108 1.7769, -1.1614 -0.6123 1.7727, -1.1614 -0.6147 1.7689, -0.9977 -0.6186 1.764, -0.9996 -0.6182 1.7649, -1.0019 -0.618 1.7656, -0.9998 -0.6182 1.765, -0.9918 -0.6206 1.7581, -0.9935 -0.6198 1.7606, -0.9954 -0.6191 1.7624, -0.9956 -0.6191 1.7626, -0.9863 -0.6247 1.7465, -0.9864 -0.6245 1.7471, -0.9887 -0.6225 1.7528, -0.9896 -0.6217 1.7551, -0.9849 -0.6273 1.7392, -0.9845 -0.6281 1.7368, -1.0039 -0.6157 1.7677, -1.0039 -0.6147 1.7689, -1.0039 -0.6138 1.7701, -1.0039 -0.6123 1.7727, -1.0039 -0.6111 1.7754, -1.0039 -0.6105 1.7784, -1.0039 -0.6108 1.7769, -0.9974 -0.0418 0.001, -0.9843 -0.0974 0.0004, -0.9843 -0.0973 0.0003, -0.9851 -0.0807 0.0024, -0.9843 -0.0973 0.0002, -0.9843 -0.0973 0.0002, -0.9888 -0.0641 0.0019, -0.9855 -0.0802 0.0012, -0.9843 -0.0972 0.0001, -0.9843 -0.0825 0.0062, -0.9845 -0.0819 0.0049, -0.9847 -0.0813 0.0037, -0.9844 -0.0675 0.0111, -0.985 -0.0666 0.0086, -0.9859 -0.0657 0.0062, -0.9872 -0.0648 0.0039, -0.9845 -0.0604 0.0129, -0.9854 -0.0594 0.0098, -0.9868 -0.0585 0.0069, -0.9886 -0.0577 0.0042, -0.9909 -0.057 0.0019, -0.9848 -0.0427 0.0148, -0.9866 -0.0424 0.0103, -0.9894 -0.0422 0.0063, -0.9931 -0.042 0.0032, -0.9849 -0.0394 0.0146, -0.9869 -0.0394 0.0098, -0.99 -0.0394 0.0058, -0.9941 -0.0394 0.0026, -0.9988 -0.0394 0.0007, -1.0016 -0.6157 1.7675, -1.0013 -0.6138 1.7699, -0.9834 -0.6234 1.7369, -0.9697 -0.6109 1.7317, -0.9744 -0.6129 1.7317, -0.9698 -0.6108 1.7386, -0.9849 -0.6206 1.7477, -0.9881 -0.6185 1.7562, -0.9923 -0.617 1.7622, -0.9946 -0.6165 1.7643, -0.9969 -0.6161 1.7658, -0.9727 -0.6107 1.7525, -0.9783 -0.6106 1.7636, -0.9852 -0.6105 1.7712, -0.9889 -0.6105 1.7739, -0.9927 -0.6105 1.7759, -0.9965 -0.6105 1.7773, -1.0002 -0.6105 1.7781, -1.0006 -0.6112 1.7752, -0.9972 -0.6112 1.7744, -0.9939 -0.6112 1.7731, -0.9905 -0.6113 1.7712, -0.9872 -0.6114 1.7686, -0.9812 -0.6116 1.7614, -0.9764 -0.612 1.7511, -0.9743 -0.6126 1.738, -0.9785 -0.616 1.7317, -1.001 -0.6123 1.7724, -0.998 -0.6123 1.7717, -0.995 -0.6124 1.7705, -0.992 -0.6126 1.7687, -0.9891 -0.6128 1.7662, -0.9838 -0.6133 1.7594, -0.9798 -0.6142 1.7497, -0.9782 -0.6154 1.7376, -0.9816 -0.6201 1.7317, -0.9987 -0.6139 1.7692, -0.996 -0.6141 1.768, -0.9934 -0.6143 1.7663, -0.9908 -0.6147 1.7641, -0.9862 -0.6156 1.7577, -0.9827 -0.6171 1.7486, -0.9813 -0.6191 1.7372, -0.9836 -0.6248 1.7317, -0.9993 -0.6159 1.7669, -0.9849 2.2886 0.0146, -0.9869 2.2933 0.0098, -0.99 2.2974 0.0058, -0.992 2.2991 0.0041, -0.9941 2.3005 0.0026, -0.9964 2.3017 0.0015, -0.9988 2.3025 0.0007, -1.0014 2.303 0.0002, -0.9683 -0.6106 0.432, -0.9664 -0.6103 0.4328, -0.9655 -0.6103 0.433, -0.9697 -0.6109 0.431, -0.9702 -0.6111 0.4306, -0.9784 -0.6161 0.4154, -0.9761 -0.614 0.4219, -0.9743 -0.613 0.4248, -0.9722 -0.6118 0.4285, -0.9834 -0.6249 0.3892, -0.9831 -0.6232 0.3941, -0.9814 -0.6202 0.4032, -0.98 -0.6177 0.4108, 0.9974 -0.155 0.001, 0.9843 -0.0995 0.0004, 0.9843 -0.0995 0.0003, 0.9851 -0.1161 0.0024, 0.9843 -0.0995 0.0002, 0.9843 -0.0996 0.0002, 0.9888 -0.1328 0.0019, 0.9855 -0.1167 0.0012, 0.9843 -0.0996 0.0001, 0.9843 -0.1143 0.0062, 0.9845 -0.1149 0.0049, 0.9847 -0.1155 0.0037, 0.9844 -0.1294 0.0111, 0.985 -0.1303 0.0086, 0.9859 -0.1312 0.0062, 0.9872 -0.132 0.0039, 0.9845 -0.1365 0.0129, 0.9854 -0.1374 0.0098, 0.9868 -0.1383 0.0069, 0.9886 -0.1391 0.0042, 0.9909 -0.1398 0.0019, 0.9848 -0.1541 0.0148, 0.9866 -0.1544 0.0103, 0.9894 -0.1547 0.0063, 0.9931 -0.1549 0.0032, 0.9849 -0.1575 0.0146, 0.9869 -0.1575 0.0098, 0.99 -0.1575 0.0058, 0.9941 -0.1575 0.0026, 0.9988 -0.1575 0.0007, 0.9909 -0.057 0.0019, 0.9855 -0.0802 0.0012, 0.9843 -0.0972 0.0001, 0.9843 -0.0973 0.0002, 0.9843 -0.0973 0.0002, 0.9843 -0.0973 0.0003, 0.9843 -0.0974 0.0004, 0.9851 -0.0807 0.0024, 0.9847 -0.0813 0.0037, 0.9845 -0.0819 0.0049, 0.9843 -0.0825 0.0062, 0.9888 -0.0641 0.0019, 0.9872 -0.0648 0.0039, 0.9859 -0.0657 0.0062, 0.985 -0.0666 0.0086, 0.9844 -0.0675 0.0111, 0.9886 -0.0577 0.0042, 0.9868 -0.0585 0.0069, 0.9854 -0.0594 0.0098, 0.9845 -0.0604 0.0129, 0.9974 -0.0418 0.001, 0.9931 -0.042 0.0032, 0.9894 -0.0422 0.0063, 0.9866 -0.0424 0.0103, 0.9848 -0.0427 0.0148, 0.9988 -0.0394 0.0007, 0.9941 -0.0394 0.0026, 0.99 -0.0394 0.0058, 0.9869 -0.0394 0.0098, 0.9849 -0.0394 0.0146, -0.9996 2.3027 0.374, -0.9989 2.3024 0.374, -0.9954 2.3012 0.374, -0.9942 2.3004 0.374, -0.9917 2.2989 0.374, -0.9901 2.2973 0.374, -0.9885 2.2957 0.374, -0.987 2.2932 0.374, -0.9862 2.292 0.374, -0.985 2.2885 0.374, -0.9847 2.2878 0.374, -0.9722 -0.5755 0.3922, -0.9743 -0.5791 0.391, -0.9744 2.2835 0.3911, -0.9836 2.2835 0.3791, -0.9834 -0.6148 0.3791, -0.9816 2.2835 0.3839, -0.9814 -0.6008 0.3837, -0.9831 -0.6099 0.3807, -0.9785 2.2835 0.3879, -0.9761 -0.5821 0.39, -0.9784 -0.5885 0.3878, -0.98 -0.5932 0.3863, -0.9664 -0.5711 0.3936, -0.9683 -0.5719 0.3933, -0.9697 2.2835 0.393, -0.9697 -0.5729 0.393, -0.9702 -0.5733 0.3929, -0.9655 -0.5709 0.3937, 0.9849 -2.2244 0.0146, 0.9869 -2.2244 0.0098, 0.99 -2.2244 0.0058, 0.9941 -2.2244 0.0026, 0.9988 -2.2244 0.0007, 1.0017 2.303 0.0001, 0.9996 2.3026 0.0005, 0.9988 2.3025 0.0007, 0.9954 2.3012 0.0019, 0.9942 2.3004 0.0027, 0.987 2.2932 0.0099, 0.9885 2.2957 0.0074, 0.9901 2.2973 0.0059, 0.9917 2.2989 0.0043, 0.9847 2.2878 0.0153, 0.985 2.2885 0.0146, 0.9862 2.292 0.0111, -0.9736 2.3027 0.4078, -0.9984 2.3027 0.3831, -0.9943 2.3012 0.382, -0.9646 2.3027 0.409, -0.9646 2.3024 0.4083, -0.9725 2.3012 0.4038, -0.9907 2.2989 0.381, -0.9646 2.3012 0.4048, -0.9646 2.3004 0.4036, -0.9716 2.2989 0.4002, -0.9877 2.2957 0.3802, -0.9646 2.2989 0.4011, -0.9646 2.2973 0.3996, -0.9708 2.2957 0.3972, -0.9855 2.292 0.3796, -0.9949 2.3027 0.3915, -0.9913 2.3012 0.3894, -0.988 2.2989 0.3876, -0.9853 2.2957 0.386, -0.9833 2.292 0.3848, -0.9893 2.3027 0.3988, -0.9864 2.3012 0.3958, -0.9837 2.2989 0.3932, -0.9815 2.2957 0.391, -0.9799 2.292 0.3893, -0.9821 2.3027 0.4043, -0.98 2.3012 0.4007, -0.9781 2.2989 0.3975, -0.9766 2.2957 0.3948, -0.9754 2.292 0.3928, -0.9702 2.292 0.3949, -0.9841 2.2878 0.3792, -0.9646 2.2957 0.398, -0.9646 2.2932 0.3964, -0.9646 2.292 0.3957, -0.9646 2.2885 0.3944, -0.982 2.2878 0.3841, -0.9788 2.2878 0.3883, -0.9747 2.2878 0.3915, -0.9698 2.2878 0.3935, -0.9646 2.2878 0.3942, 0.9988 -2.2446 0.0033, 0.9941 -2.2441 0.0052, 0.99 -2.2433 0.0083, 0.9869 -2.2422 0.0122, 0.9849 -2.241 0.0168, 0.9988 -2.2634 0.0111, 0.9941 -2.2625 0.0128, 0.99 -2.2609 0.0155, 0.9869 -2.2589 0.0191, 0.9849 -2.2565 0.0232, 0.9988 -2.2796 0.0235, 0.9941 -2.2782 0.0249, 0.99 -2.276 0.0271, 0.9869 -2.2731 0.03, 0.9849 -2.2698 0.0334, 0.9988 -2.292 0.0397, 0.9941 -2.2903 0.0407, 0.99 -2.2876 0.0423, 0.9869 -2.2841 0.0443, 0.9849 -2.28 0.0467, 0.9988 -2.2998 0.0585, 0.9941 -2.2979 0.059, 0.99 -2.2949 0.0599, 0.9869 -2.291 0.0609, 0.9849 -2.2864 0.0621, 0.9988 -2.3025 0.0787, 0.9941 -2.3005 0.0787, 0.99 -2.2974 0.0787, 0.9869 -2.2933 0.0787, 0.9849 -2.2886 0.0787, 0.9848 2.2878 0.374, 0.9849 2.2886 0.374, 0.9863 2.292 0.374, 0.9869 2.2933 0.374, 0.9887 2.2956 0.374, 0.99 2.2974 0.374, 0.9918 2.2987 0.374, 0.9941 2.3005 0.374, 0.9954 2.3011 0.374, 0.9988 2.3025 0.374, 0.9996 2.3026 0.374, 0.9646 2.3025 0.4083, 0.9646 2.3005 0.4035, 0.9646 2.2974 0.3995, 0.9646 2.2933 0.3963, 0.9646 2.2886 0.3944, 0.9849 -2.2886 0.4336, 0.9869 -2.2933 0.4336, 0.99 -2.2974 0.4336, 0.9941 -2.3005 0.4336, 0.9988 -2.3025 0.4336, 0.9977 2.3025 0.3829, 0.9931 2.3005 0.3817, 0.9892 2.2974 0.3806, 0.9861 2.2933 0.3798, 0.9734 2.3025 0.4071, 0.9722 2.3005 0.4025, 0.9712 2.2974 0.3986, 0.9703 2.2933 0.3956, 0.9698 2.2886 0.3937, 0.9817 2.3025 0.4037, 0.9793 2.3005 0.3996, 0.9773 2.2974 0.3961, 0.9757 2.2933 0.3933, 0.9747 2.2886 0.3916, 0.9888 2.3025 0.3983, 0.9854 2.3005 0.3949, 0.9826 2.2974 0.392, 0.9804 2.2933 0.3898, 0.979 2.2886 0.3884, 0.9942 2.3025 0.3912, 0.9901 2.3005 0.3888, 0.9866 2.2974 0.3867, 0.9839 2.2933 0.3852, 0.9822 2.2886 0.3842, 0.9842 2.2886 0.3793, 0.9697 2.2835 0.393, 0.9744 2.2835 0.3911, 0.9785 2.2835 0.3879, 0.9816 2.2835 0.3839, 0.9836 2.2835 0.3791, 0.9996 -2.272 0.4956, 0.9988 -2.2848 0.4831, 0.9988 -2.2719 0.4955, 0.9954 -2.2711 0.4944, 0.9941 -2.2832 0.4819, 0.9941 -2.2707 0.494, 0.9918 -2.2697 0.4926, 0.99 -2.2808 0.4799, 0.99 -2.2688 0.4915, 0.9887 -2.2678 0.4901, 0.9869 -2.2777 0.4773, 0.9988 -2.3004 0.4513, 0.9941 -2.2985 0.4509, 0.99 -2.2955 0.4502, 0.9869 -2.2915 0.4493, 0.9849 -2.2869 0.4482, 0.9988 -2.2944 0.4681, 0.9941 -2.2927 0.4673, 0.99 -2.2899 0.4659, 0.9869 -2.2862 0.4641, 0.9849 -2.2819 0.462, 0.9849 -2.274 0.4743, 0.9869 -2.2664 0.4883, 0.9863 -2.2655 0.4872, 0.9849 -2.2635 0.4845, 0.9848 -2.263 0.4839, 0.9683 -0.5719 0.3933, 0.9664 -0.5711 0.3936, 0.9655 -0.5709 0.3937, 0.9697 -0.5729 0.393, 0.9702 -0.5733 0.3929, 0.9784 -0.5885 0.3878, 0.9761 -0.5821 0.39, 0.9743 -0.5791 0.391, 0.9722 -0.5755 0.3922, 0.9834 -0.6148 0.3791, 0.9831 -0.6099 0.3807, 0.9814 -0.6008 0.3837, 0.98 -0.5932 0.3863, 0.985 -0.6273 1.7392, 0.9853 -0.6261 1.7426, 0.9864 -0.6248 1.7463, 0.988 -0.6229 1.7517, 0.9886 -0.6225 1.7528, 0.9917 -0.6206 1.7583, 0.9917 -0.6205 1.7584, 0.9956 -0.6191 1.7626, 0.9954 -0.6191 1.7624, 0.9936 -0.6197 1.7607, 1.0017 -0.618 1.7655, 0.9997 -0.6182 1.7649, 0.9996 -0.6182 1.7649, 0.9977 -0.6186 1.764, 0.9761 -0.614 0.4219, 0.9768 -0.6146 0.42, 0.9767 -0.6147 1.7317, 0.9837 -0.6256 1.7317, 0.9821 -0.6215 0.3993, 0.9831 -0.6232 0.3941, 0.9835 -0.6256 0.387, 0.9836 -0.6248 1.7317, 0.9822 -0.6214 1.7317, 0.98 -0.6177 0.4108, 0.98 -0.6177 0.4108, 0.9816 -0.6201 1.7317, 0.9798 -0.6177 1.7317, 0.9785 -0.616 1.7317, 0.9731 -0.6123 0.427, 0.9744 -0.6129 1.7317, 0.9731 -0.6123 1.7317, 0.9689 -0.6108 0.4315, 0.9702 -0.6111 0.4306, 0.9722 -0.6118 0.4285, 0.9697 -0.6109 1.7317, 0.9689 -0.6108 1.7317, 0.9683 -0.6106 0.432, 0.9664 -0.6103 0.4328, 0.9655 -0.6103 0.433, 0.9817 -0.6179 1.7436, 0.9787 -0.6147 1.7444, 0.975 -0.6123 1.7454, 1.0039 -0.6108 1.7769, 1.0039 -0.6105 1.7784, 0.9999 -0.6105 1.7781, 1.0039 -0.6123 1.7727, 1.0039 -0.6111 1.7754, 1.0003 -0.6112 1.7752, 1.0039 -0.6157 1.7677, 1.0014 -0.6158 1.7675, 0.9991 -0.6159 1.7669, 0.9969 -0.6162 1.7658, 0.9946 -0.6165 1.7643, 0.9924 -0.617 1.7623, 0.9903 -0.6176 1.7598, 0.9865 -0.6193 1.7526, 0.984 -0.6218 1.743, 0.9962 -0.6105 1.7772, 0.9926 -0.6105 1.7759, 0.989 -0.6105 1.774, 0.9854 -0.6105 1.7714, 0.9819 -0.6106 1.7681, 0.9755 -0.6106 1.759, 0.971 -0.6108 1.7465, 0.9788 -0.6118 1.7571, 0.9843 -0.6115 1.7657, 0.9874 -0.6114 1.7688, 0.9905 -0.6113 1.7713, 0.9938 -0.6112 1.7731, 0.997 -0.6112 1.7744, 0.9818 -0.6137 1.7554, 0.9866 -0.613 1.7635, 0.9893 -0.6128 1.7664, 0.992 -0.6126 1.7687, 0.9949 -0.6124 1.7704, 0.9978 -0.6123 1.7716, 1.0007 -0.6123 1.7724, 1.0039 -0.6138 1.7701, 0.9844 -0.6162 1.7539, 0.9886 -0.6151 1.7615, 0.991 -0.6147 1.7642, 0.9934 -0.6143 1.7664, 0.9959 -0.6141 1.768, 0.9985 -0.6139 1.7691, 1.0011 -0.6138 1.7698, 1.0039 -0.6147 1.7689, 1.1614 -0.6147 1.7689, 1.1614 -0.6123 1.7727, 1.1614 -0.6108 1.7769, 1.1776 -0.6041 1.766, 1.174 -0.609 1.7674, 1.172 -0.6108 1.7679, 1.1636 -0.6106 1.7768, 1.1636 -0.6145 1.7688, 1.1657 -0.6141 1.7687, 1.1678 -0.6133 1.7685, 1.1657 -0.6103 1.7765, 1.1678 -0.6096 1.776, 1.1699 -0.6088 1.7753, 1.172 -0.6076 1.7744, 1.1699 -0.6122 1.7683, 1.174 -0.6061 1.7733, 1.1636 -0.6121 1.7726, 1.1656 -0.6118 1.7724, 1.1677 -0.6111 1.7721, 1.1697 -0.6102 1.7716, 1.1718 -0.609 1.771, 1.1738 -0.6074 1.7702, 1.1775 -0.603 1.7681, 1.1776 -0.602 1.7703, 1.1802 -0.5967 1.7664, 1.1802 -0.5978 1.7641, 1.1801 -0.5973 1.7653, 0.9825 -0.6122 0.3828, 0.978 -0.6145 0.4061, 0.9825 -0.6211 0.3918, 0.978 -0.5979 0.3894, 0.9733 -0.611 0.415, 0.9733 -0.5889 0.393, 0.9695 -0.6095 0.4199, 0.9695 -0.5841 0.3945, 0.968 -0.5826 0.3948, 0.968 -0.6091 0.4213, 0.9667 -0.609 0.4222, 0.9651 -0.5906 0.399, 0.9667 -0.5817 0.395, 0.9657 -0.5909 0.399, 0.9666 -0.5914 0.3989, 0.9679 -0.5922 0.3987, 0.9716 -0.5955 0.3972, 0.9769 -0.6025 0.3931, 0.9821 -0.6145 0.385, 0.9647 -0.5987 0.4052, 0.9649 -0.5987 0.4052, 0.9654 -0.5988 0.4051, 0.9662 -0.599 0.405, 0.9673 -0.5994 0.4045, 0.971 -0.6015 0.4024, 0.9765 -0.6068 0.3971, 0.982 -0.6167 0.3872, 0.9821 -0.619 0.3895, 0.9769 -0.6109 0.4015, 0.9716 -0.6068 0.4084, 0.9679 -0.6053 0.4117, 0.9666 -0.605 0.4126, 0.9657 -0.605 0.4131, 0.9656 -0.6089 0.4227, 0.9651 -0.605 0.4133, 0.9651 -0.6089 0.4228, 0.9648 -0.605 0.4134, 0.9648 -0.5906 0.399, 0.9651 -0.5811 0.395, 0.9656 -0.5812 0.395, 0.9646 -0.6091 0.4243, 0.9646 -0.6089 0.4229, 0.9646 -0.6061 0.4161, 0.9646 -0.605 0.4134, 0.9646 -0.6014 0.4087, 0.9646 -0.5987 0.4052, 0.9646 -0.5952 0.4026, 0.9646 -0.5906 0.399, 0.9646 -0.5878 0.3979, 0.9646 -0.5811 0.395, 0.9646 -0.5796 0.3949, -0.9646 -0.5796 0.3949, -0.9646 -0.5811 0.395, -0.9646 -0.5878 0.3979, -0.9646 -0.5906 0.399, -0.9646 -0.5952 0.4026, -0.9646 -0.5987 0.4052, -0.9646 -0.6014 0.4087, -0.9646 -0.605 0.4134, -0.9646 -0.6061 0.4161, -0.9646 -0.6089 0.4229, -0.9646 -0.6091 0.4243, -0.9825 -0.6211 0.3918, -0.978 -0.5979 0.3894, -0.9825 -0.6122 0.3828, -0.978 -0.6145 0.4061, -0.9733 -0.5889 0.393, -0.9733 -0.611 0.415, -0.9695 -0.5841 0.3945, -0.9695 -0.6095 0.4199, -0.968 -0.6091 0.4213, -0.968 -0.5826 0.3948, -0.9667 -0.5817 0.395, -0.9651 -0.605 0.4133, -0.9667 -0.609 0.4222, -0.9657 -0.605 0.4131, -0.9666 -0.605 0.4126, -0.9679 -0.6053 0.4117, -0.9716 -0.6068 0.4084, -0.9769 -0.6109 0.4015, -0.9821 -0.619 0.3895, -0.9647 -0.5987 0.4052, -0.9649 -0.5987 0.4052, -0.9654 -0.5988 0.4051, -0.9662 -0.599 0.405, -0.9673 -0.5994 0.4045, -0.971 -0.6015 0.4024, -0.9765 -0.6068 0.3971, -0.982 -0.6167 0.3872, -0.9821 -0.6145 0.385, -0.9769 -0.6025 0.3931, -0.9716 -0.5955 0.3972, -0.9679 -0.5922 0.3987, -0.9666 -0.5914 0.3989, -0.9657 -0.5909 0.399, -0.9656 -0.5812 0.395, -0.9651 -0.5906 0.399, -0.9651 -0.5811 0.395, -0.9648 -0.5906 0.399, -0.9648 -0.605 0.4134, -0.9651 -0.6089 0.4228, -0.9656 -0.6089 0.4227, -0.9656 -0.6089 0.4227
            ]
        }
        coordIndex [
            0,1,2,-1,2,1,3,-1,2,3,4,-1,5,6,7,-1,7,6,8,-1,4,3,9,-1,9,3,10,-1,9,10,0,-1,0,10,7,-1,0,7,1,-1,1,7,8,-1,1,8,11,-1,12,13,14,-1,14,13,15,-1,16,17,18,-1,19,20,21,-1,15,16,22,-1,22,16,18,-1,22,18,23,-1,23,18,24,-1,23,24,13,-1,25,26,27,-1,27,26,28,-1,20,29,21,-1,21,29,22,-1,21,22,30,-1,30,22,31,-1,30,31,32,-1,32,31,33,-1,34,35,36,-1,36,35,18,-1,36,18,37,-1,37,18,17,-1,37,17,38,-1,38,17,39,-1,40,41,42,-1,42,41,43,-1,42,43,44,-1,45,46,42,-1,42,46,47,-1,48,49,50,-1,50,49,51,-1,47,52,42,-1,42,52,51,-1,42,51,53,-1,53,51,49,-1,25,54,26,-1,26,54,55,-1,26,55,56,-1,56,55,57,-1,56,57,58,-1,44,59,42,-1,42,59,60,-1,42,60,45,-1,57,61,58,-1,58,61,62,-1,58,62,21,-1,21,62,63,-1,21,63,19,-1,29,64,22,-1,22,64,65,-1,22,65,66,-1,66,67,22,-1,22,67,68,-1,22,68,15,-1,15,68,69,-1,15,69,14,-1,14,69,70,-1,14,70,42,-1,42,70,71,-1,42,71,40,-1,26,32,28,-1,28,32,33,-1,28,33,72,-1,72,33,73,-1,72,73,74,-1,74,73,75,-1,74,75,76,-1,77,78,75,-1,75,78,23,-1,75,23,76,-1,76,23,13,-1,76,13,79,-1,79,13,12,-1,80,81,82,-1,82,83,80,-1,80,83,84,-1,80,84,85,-1,86,23,87,-1,87,23,78,-1,87,78,88,-1,88,78,89,-1,88,89,90,-1,90,89,22,-1,85,91,80,-1,80,91,23,-1,80,23,92,-1,92,23,86,-1,92,86,93,-1,93,86,94,-1,91,95,23,-1,23,95,96,-1,23,96,22,-1,22,96,97,-1,98,99,90,-1,90,99,100,-1,97,101,22,-1,22,101,102,-1,22,102,90,-1,90,102,103,-1,90,103,98,-1,100,104,90,-1,90,104,105,-1,90,105,80,-1,80,105,106,-1,80,106,81,-1,107,108,109,-1,110,111,112,-1,111,113,112,-1,112,113,114,-1,112,114,115,-1,116,112,117,-1,115,118,112,-1,112,118,119,-1,112,119,120,-1,121,122,123,-1,123,122,124,-1,125,121,126,-1,126,121,123,-1,126,123,114,-1,114,123,127,-1,114,127,115,-1,109,128,107,-1,107,128,129,-1,107,129,130,-1,130,129,123,-1,130,123,131,-1,131,123,124,-1,117,132,116,-1,116,132,133,-1,116,133,134,-1,134,135,116,-1,116,135,136,-1,116,136,137,-1,137,136,138,-1,137,138,139,-1,116,140,112,-1,112,140,141,-1,112,141,142,-1,139,143,137,-1,137,143,144,-1,137,144,145,-1,110,112,146,-1,146,112,142,-1,146,142,147,-1,147,142,148,-1,147,148,149,-1,149,148,150,-1,149,150,151,-1,152,153,154,-1,154,153,155,-1,153,156,155,-1,155,156,157,-1,155,157,126,-1,126,157,158,-1,126,158,125,-1,159,160,161,-1,162,163,164,-1,164,163,165,-1,164,165,166,-1,167,168,169,-1,170,171,172,-1,172,171,173,-1,172,173,174,-1,174,173,175,-1,159,176,160,-1,160,176,177,-1,160,177,178,-1,167,169,179,-1,161,180,159,-1,159,180,181,-1,159,181,182,-1,170,183,171,-1,171,183,184,-1,171,184,185,-1,166,165,169,-1,169,165,186,-1,169,186,179,-1,178,187,160,-1,160,187,188,-1,160,188,189,-1,189,188,169,-1,189,169,190,-1,190,169,168,-1,190,191,189,-1,189,191,192,-1,189,192,193,-1,194,159,195,-1,195,159,182,-1,195,182,196,-1,196,182,197,-1,196,197,198,-1,198,197,199,-1,198,199,200,-1,194,201,159,-1,159,201,171,-1,159,171,202,-1,202,171,203,-1,204,189,205,-1,205,189,206,-1,193,207,189,-1,189,207,208,-1,189,208,206,-1,185,209,171,-1,171,209,210,-1,171,210,203,-1,211,212,213,-1,213,212,214,-1,211,215,212,-1,212,215,216,-1,212,216,217,-1,217,216,218,-1,218,219,217,-1,217,219,220,-1,217,220,221,-1,222,223,224,-1,224,223,225,-1,222,226,223,-1,223,226,227,-1,223,227,228,-1,228,227,229,-1,229,230,228,-1,228,230,231,-1,228,231,232,-1,233,234,235,-1,235,234,236,-1,237,238,239,-1,239,238,240,-1,241,242,243,-1,243,242,244,-1,245,246,247,-1,247,246,248,-1,249,250,251,-1,251,250,252,-1,253,254,255,-1,255,254,256,-1,257,258,255,-1,255,258,259,-1,255,259,260,-1,261,262,251,-1,251,262,263,-1,251,263,264,-1,265,249,266,-1,266,249,251,-1,266,251,267,-1,267,251,264,-1,256,268,255,-1,255,268,269,-1,255,269,257,-1,260,270,255,-1,255,270,271,-1,255,271,251,-1,251,271,272,-1,251,272,261,-1,273,265,274,-1,274,265,275,-1,276,249,277,-1,277,249,265,-1,277,265,278,-1,278,265,273,-1,276,279,249,-1,249,279,280,-1,249,280,281,-1,282,283,284,-1,284,283,285,-1,286,287,288,-1,288,287,289,-1,290,256,291,-1,291,256,292,-1,293,268,294,-1,294,268,256,-1,294,256,295,-1,295,256,290,-1,293,296,268,-1,268,296,297,-1,268,297,298,-1,299,300,301,-1,300,302,301,-1,301,302,303,-1,301,303,304,-1,304,303,305,-1,306,307,301,-1,301,307,308,-1,301,308,309,-1,301,310,311,-1,309,312,301,-1,301,312,313,-1,301,313,310,-1,311,314,301,-1,301,314,315,-1,301,315,316,-1,316,317,301,-1,301,317,318,-1,301,318,319,-1,319,320,301,-1,301,320,321,-1,301,321,299,-1,299,321,322,-1,299,322,323,-1,323,322,324,-1,323,324,325,-1,325,324,326,-1,325,326,327,-1,328,329,330,-1,328,330,331,-1,332,333,330,-1,330,333,334,-1,335,336,330,-1,330,336,337,-1,330,337,338,-1,339,340,330,-1,330,340,341,-1,338,342,330,-1,330,342,343,-1,330,343,331,-1,341,344,330,-1,330,344,345,-1,330,345,346,-1,334,347,330,-1,330,347,348,-1,330,348,335,-1,349,350,351,-1,351,350,352,-1,351,352,353,-1,353,352,354,-1,353,354,346,-1,346,354,355,-1,346,355,330,-1,330,355,356,-1,330,356,332,-1,357,358,359,-1,359,358,360,-1,359,360,361,-1,361,360,362,-1,361,362,363,-1,363,362,364,-1,365,366,367,-1,367,366,368,-1,367,368,369,-1,370,371,372,-1,372,371,373,-1,372,373,374,-1,374,373,375,-1,374,375,367,-1,367,375,376,-1,367,376,365,-1,377,378,364,-1,364,378,379,-1,379,380,364,-1,364,380,381,-1,364,381,363,-1,369,382,367,-1,367,382,383,-1,367,383,364,-1,364,383,384,-1,364,384,377,-1,385,386,387,-1,387,386,388,-1,389,390,391,-1,391,390,392,-1,393,394,395,-1,395,394,396,-1,397,362,398,-1,398,362,360,-1,399,364,397,-1,397,364,362,-1,400,367,399,-1,399,367,364,-1,401,374,400,-1,400,374,367,-1,402,372,401,-1,401,372,374,-1,403,404,405,-1,405,404,406,-1,406,404,407,-1,407,404,251,-1,407,251,242,-1,372,402,370,-1,370,402,404,-1,370,404,408,-1,408,404,403,-1,242,251,244,-1,244,251,252,-1,244,252,409,-1,410,411,412,-1,409,252,412,-1,412,252,413,-1,412,413,410,-1,414,415,416,-1,398,360,416,-1,416,360,358,-1,416,358,414,-1,415,417,416,-1,416,417,418,-1,416,418,255,-1,255,418,419,-1,419,388,255,-1,255,388,386,-1,255,386,253,-1,253,386,420,-1,253,420,421,-1,422,423,421,-1,421,423,424,-1,421,424,253,-1,404,416,251,-1,251,416,255,-1,425,416,426,-1,426,416,404,-1,426,404,427,-1,427,404,402,-1,427,402,428,-1,399,397,398,-1,429,430,400,-1,400,399,429,-1,429,399,398,-1,429,398,431,-1,431,398,416,-1,431,416,432,-1,432,416,425,-1,432,425,430,-1,430,425,428,-1,430,428,400,-1,400,428,402,-1,400,402,401,-1,433,434,393,-1,393,434,394,-1,391,392,435,-1,435,392,436,-1,437,438,439,-1,439,438,440,-1,441,442,443,-1,442,444,443,-1,443,444,445,-1,443,445,446,-1,447,448,449,-1,449,448,450,-1,449,450,451,-1,452,453,454,-1,454,453,455,-1,454,455,456,-1,457,458,459,-1,441,443,460,-1,460,443,461,-1,460,461,451,-1,451,461,462,-1,451,462,449,-1,463,464,465,-1,466,467,449,-1,449,467,468,-1,449,468,447,-1,469,470,449,-1,449,470,471,-1,449,471,454,-1,454,471,472,-1,454,472,452,-1,464,463,459,-1,459,463,473,-1,459,473,457,-1,458,469,459,-1,459,469,449,-1,459,449,474,-1,474,449,462,-1,474,462,465,-1,465,462,446,-1,465,446,463,-1,463,446,445,-1,475,476,477,-1,478,479,480,-1,480,479,481,-1,480,481,482,-1,483,484,485,-1,485,484,479,-1,485,479,486,-1,486,479,478,-1,483,487,484,-1,484,487,232,-1,484,232,488,-1,232,231,488,-1,488,231,230,-1,488,230,489,-1,489,230,229,-1,489,229,490,-1,490,229,227,-1,490,227,491,-1,491,227,226,-1,491,226,492,-1,492,226,222,-1,492,222,493,-1,493,222,224,-1,493,224,494,-1,494,224,495,-1,495,224,225,-1,495,225,496,-1,496,497,495,-1,495,497,498,-1,495,498,499,-1,499,498,500,-1,499,500,501,-1,349,502,503,-1,503,502,499,-1,503,499,504,-1,504,499,501,-1,505,506,507,-1,507,506,502,-1,507,502,508,-1,508,502,349,-1,509,510,511,-1,511,510,506,-1,511,506,512,-1,512,506,505,-1,509,513,510,-1,510,513,298,-1,510,298,514,-1,298,297,514,-1,514,297,296,-1,514,296,515,-1,515,296,293,-1,515,293,516,-1,516,293,294,-1,516,294,517,-1,517,294,295,-1,517,295,518,-1,518,295,290,-1,518,290,519,-1,519,290,291,-1,519,291,520,-1,520,291,477,-1,477,291,292,-1,477,292,475,-1,521,522,523,-1,523,522,477,-1,523,477,524,-1,524,477,476,-1,521,525,522,-1,522,525,526,-1,522,526,481,-1,481,526,151,-1,481,151,482,-1,495,499,527,-1,527,499,502,-1,527,502,506,-1,492,493,527,-1,527,493,494,-1,527,494,495,-1,489,490,527,-1,527,490,491,-1,527,491,492,-1,479,484,527,-1,527,484,488,-1,527,488,489,-1,477,522,527,-1,527,522,481,-1,527,481,479,-1,518,519,527,-1,527,519,520,-1,527,520,477,-1,515,516,527,-1,527,516,517,-1,527,517,518,-1,506,510,527,-1,527,510,514,-1,527,514,515,-1,528,529,530,-1,531,532,533,-1,533,532,534,-1,533,534,535,-1,536,537,538,-1,538,537,532,-1,538,532,539,-1,539,532,531,-1,536,540,537,-1,537,540,221,-1,537,221,541,-1,221,220,541,-1,541,220,219,-1,541,219,542,-1,542,219,218,-1,542,218,543,-1,543,218,216,-1,543,216,544,-1,544,216,215,-1,544,215,545,-1,545,215,211,-1,545,211,546,-1,546,211,213,-1,546,213,547,-1,547,213,530,-1,530,213,214,-1,530,214,528,-1,548,549,550,-1,550,549,530,-1,550,530,551,-1,551,530,529,-1,200,552,553,-1,553,552,549,-1,553,549,554,-1,554,549,548,-1,555,556,557,-1,557,556,552,-1,557,552,558,-1,558,552,200,-1,559,560,561,-1,561,560,556,-1,561,556,562,-1,562,556,555,-1,559,563,560,-1,560,563,281,-1,560,281,564,-1,281,280,564,-1,564,280,279,-1,564,279,565,-1,565,279,276,-1,565,276,566,-1,566,276,277,-1,566,277,567,-1,567,277,278,-1,567,278,568,-1,568,278,273,-1,568,273,569,-1,569,273,274,-1,569,274,570,-1,570,274,571,-1,571,274,275,-1,571,275,572,-1,572,573,571,-1,571,573,574,-1,571,574,575,-1,575,574,576,-1,575,576,577,-1,577,578,575,-1,575,578,579,-1,575,579,534,-1,534,579,327,-1,534,327,535,-1,571,575,580,-1,580,575,534,-1,580,534,532,-1,568,569,580,-1,580,569,570,-1,580,570,571,-1,565,566,580,-1,580,566,567,-1,580,567,568,-1,556,560,580,-1,580,560,564,-1,580,564,565,-1,530,549,580,-1,580,549,552,-1,580,552,556,-1,545,546,580,-1,580,546,547,-1,580,547,530,-1,542,543,580,-1,580,543,544,-1,580,544,545,-1,532,537,580,-1,580,537,541,-1,580,541,542,-1,465,432,474,-1,474,432,430,-1,474,430,459,-1,459,430,429,-1,459,429,464,-1,464,429,431,-1,464,431,465,-1,465,431,432,-1,443,426,461,-1,461,426,427,-1,461,427,462,-1,462,427,428,-1,462,428,446,-1,446,428,425,-1,446,425,443,-1,443,425,426,-1,386,385,581,-1,386,581,420,-1,420,581,582,-1,420,582,421,-1,421,582,583,-1,421,583,422,-1,422,583,584,-1,422,584,423,-1,423,584,585,-1,423,585,424,-1,424,585,254,-1,424,254,253,-1,371,370,586,-1,586,370,408,-1,586,408,587,-1,587,408,588,-1,588,408,403,-1,588,403,589,-1,589,403,590,-1,590,403,405,-1,590,405,591,-1,591,405,592,-1,592,405,406,-1,592,406,593,-1,593,406,594,-1,594,406,407,-1,594,407,595,-1,595,407,596,-1,596,407,242,-1,596,242,241,-1,357,597,358,-1,358,597,414,-1,597,598,414,-1,414,598,599,-1,414,599,415,-1,599,600,415,-1,415,600,601,-1,415,601,417,-1,601,602,417,-1,417,602,603,-1,417,603,418,-1,603,604,418,-1,418,604,605,-1,418,605,419,-1,387,388,606,-1,606,388,419,-1,606,419,607,-1,607,419,605,-1,243,244,409,-1,243,409,608,-1,608,409,412,-1,608,412,609,-1,609,412,411,-1,609,411,610,-1,610,411,410,-1,610,410,611,-1,611,410,413,-1,611,413,612,-1,612,413,252,-1,612,252,250,-1,476,475,613,-1,614,149,151,-1,614,151,615,-1,616,617,618,-1,618,617,151,-1,619,616,620,-1,620,616,618,-1,620,618,621,-1,621,618,151,-1,147,149,622,-1,622,149,614,-1,622,614,623,-1,623,614,615,-1,623,615,624,-1,146,147,625,-1,625,147,622,-1,625,622,626,-1,626,622,623,-1,626,623,627,-1,627,623,624,-1,627,624,628,-1,151,526,621,-1,621,526,525,-1,621,525,620,-1,620,525,521,-1,620,521,619,-1,619,521,523,-1,619,523,524,-1,110,146,629,-1,629,146,625,-1,629,625,630,-1,630,625,626,-1,630,626,631,-1,631,626,627,-1,631,627,632,-1,632,627,628,-1,632,628,633,-1,111,110,634,-1,634,110,629,-1,634,629,635,-1,635,629,630,-1,635,630,636,-1,636,630,631,-1,636,631,637,-1,637,631,632,-1,637,632,613,-1,613,632,633,-1,113,111,638,-1,638,111,634,-1,638,634,639,-1,639,634,635,-1,639,635,640,-1,640,635,636,-1,640,636,641,-1,641,636,637,-1,641,637,642,-1,642,637,613,-1,642,613,292,-1,292,613,475,-1,476,613,524,-1,524,613,633,-1,524,633,619,-1,619,633,628,-1,619,628,616,-1,616,628,624,-1,616,624,617,-1,617,624,615,-1,617,615,151,-1,114,113,638,-1,114,638,643,-1,643,638,639,-1,643,639,644,-1,644,639,640,-1,644,640,645,-1,645,640,646,-1,646,640,641,-1,646,641,647,-1,647,641,648,-1,648,641,642,-1,648,642,649,-1,649,642,650,-1,650,642,292,-1,650,292,256,-1,483,485,651,-1,478,480,652,-1,653,482,151,-1,653,151,654,-1,655,654,151,-1,656,655,151,-1,657,656,151,-1,150,657,151,-1,480,482,652,-1,652,482,653,-1,652,653,658,-1,658,653,654,-1,658,654,659,-1,659,654,655,-1,659,655,660,-1,660,655,656,-1,660,656,661,-1,661,656,657,-1,661,657,148,-1,148,657,150,-1,486,478,662,-1,662,478,652,-1,662,652,663,-1,663,652,658,-1,663,658,664,-1,664,658,659,-1,664,659,665,-1,665,659,660,-1,665,660,666,-1,666,660,661,-1,666,661,142,-1,142,661,148,-1,485,486,651,-1,651,486,662,-1,651,662,667,-1,667,662,663,-1,667,663,668,-1,668,663,664,-1,668,664,669,-1,669,664,665,-1,669,665,670,-1,670,665,666,-1,670,666,141,-1,141,666,142,-1,487,483,671,-1,671,483,651,-1,671,651,672,-1,672,651,667,-1,672,667,673,-1,673,667,668,-1,673,668,674,-1,674,668,669,-1,674,669,675,-1,675,669,670,-1,675,670,140,-1,140,670,141,-1,232,487,676,-1,676,487,671,-1,676,671,677,-1,677,671,672,-1,677,672,678,-1,678,672,673,-1,678,673,679,-1,679,673,674,-1,679,674,680,-1,680,674,675,-1,680,675,116,-1,116,675,140,-1,256,254,650,-1,650,254,681,-1,650,681,649,-1,649,681,682,-1,649,682,648,-1,648,682,683,-1,648,683,647,-1,647,683,684,-1,647,684,646,-1,646,684,685,-1,646,685,645,-1,645,685,686,-1,645,686,644,-1,686,687,644,-1,644,687,688,-1,644,688,643,-1,688,689,643,-1,643,689,690,-1,643,690,114,-1,114,690,691,-1,114,691,126,-1,228,232,676,-1,228,676,692,-1,692,676,677,-1,692,677,693,-1,693,677,678,-1,693,678,694,-1,694,678,679,-1,694,679,695,-1,695,679,680,-1,695,680,696,-1,696,680,116,-1,696,116,137,-1,697,581,385,-1,254,585,681,-1,681,585,698,-1,681,698,682,-1,682,698,699,-1,385,700,697,-1,697,700,701,-1,697,701,702,-1,703,684,699,-1,699,684,683,-1,699,683,682,-1,701,704,702,-1,702,704,705,-1,702,705,706,-1,707,686,703,-1,703,686,685,-1,703,685,684,-1,705,708,706,-1,706,708,709,-1,706,709,710,-1,690,689,711,-1,711,689,688,-1,711,688,707,-1,707,688,687,-1,707,687,686,-1,585,584,698,-1,698,584,712,-1,698,712,699,-1,699,712,713,-1,699,713,703,-1,703,713,714,-1,703,714,707,-1,707,714,715,-1,707,715,711,-1,711,715,716,-1,584,583,712,-1,712,583,717,-1,712,717,713,-1,713,717,718,-1,713,718,714,-1,714,718,719,-1,714,719,715,-1,715,719,720,-1,715,720,716,-1,716,720,721,-1,583,582,717,-1,717,582,722,-1,717,722,718,-1,718,722,723,-1,718,723,719,-1,719,723,724,-1,719,724,720,-1,720,724,725,-1,720,725,721,-1,721,725,726,-1,582,581,722,-1,722,581,697,-1,722,697,723,-1,723,697,702,-1,723,702,724,-1,724,702,706,-1,724,706,725,-1,725,706,710,-1,725,710,726,-1,726,710,727,-1,126,691,728,-1,728,691,690,-1,709,729,710,-1,710,729,730,-1,710,730,727,-1,727,730,731,-1,727,731,732,-1,690,711,728,-1,728,711,716,-1,728,716,733,-1,733,716,721,-1,733,721,734,-1,734,721,726,-1,734,726,735,-1,735,726,727,-1,735,727,736,-1,736,727,732,-1,736,732,737,-1,126,728,155,-1,155,728,733,-1,155,733,154,-1,154,733,734,-1,154,734,152,-1,152,734,735,-1,152,735,153,-1,153,735,736,-1,153,736,156,-1,156,736,737,-1,156,737,157,-1,236,234,738,-1,236,738,739,-1,739,738,740,-1,739,740,741,-1,741,740,742,-1,741,742,743,-1,743,742,744,-1,743,744,745,-1,745,744,746,-1,745,746,747,-1,747,746,136,-1,747,136,135,-1,529,528,748,-1,749,198,200,-1,749,200,750,-1,751,752,753,-1,753,752,200,-1,754,751,755,-1,755,751,753,-1,755,753,756,-1,756,753,200,-1,196,198,757,-1,757,198,749,-1,757,749,758,-1,758,749,750,-1,758,750,759,-1,195,196,760,-1,760,196,757,-1,760,757,761,-1,761,757,758,-1,761,758,762,-1,762,758,759,-1,762,759,763,-1,200,553,756,-1,756,553,554,-1,756,554,755,-1,755,554,548,-1,755,548,754,-1,754,548,550,-1,754,550,551,-1,194,195,764,-1,764,195,760,-1,764,760,765,-1,765,760,761,-1,765,761,766,-1,766,761,762,-1,766,762,767,-1,767,762,763,-1,767,763,768,-1,201,194,769,-1,769,194,764,-1,769,764,770,-1,770,764,765,-1,770,765,771,-1,771,765,766,-1,771,766,772,-1,772,766,767,-1,772,767,748,-1,748,767,768,-1,171,201,773,-1,773,201,769,-1,773,769,774,-1,774,769,770,-1,774,770,775,-1,775,770,771,-1,775,771,776,-1,776,771,772,-1,776,772,777,-1,777,772,748,-1,777,748,214,-1,214,748,528,-1,529,748,551,-1,551,748,768,-1,551,768,754,-1,754,768,763,-1,754,763,751,-1,751,763,759,-1,751,759,752,-1,752,759,750,-1,752,750,200,-1,700,385,387,-1,700,387,701,-1,701,387,778,-1,701,778,704,-1,704,778,779,-1,704,779,705,-1,705,779,708,-1,708,779,780,-1,708,780,709,-1,709,780,729,-1,729,780,781,-1,729,781,730,-1,730,781,731,-1,731,781,782,-1,731,782,732,-1,732,782,737,-1,737,782,158,-1,737,158,157,-1,783,239,240,-1,783,240,784,-1,784,240,785,-1,785,240,786,-1,785,786,787,-1,788,789,790,-1,790,789,791,-1,791,792,790,-1,790,792,793,-1,790,793,786,-1,786,793,794,-1,786,794,787,-1,795,796,797,-1,797,796,798,-1,797,798,788,-1,788,798,799,-1,788,799,789,-1,797,800,795,-1,795,800,117,-1,795,117,112,-1,214,212,801,-1,214,801,777,-1,777,801,802,-1,777,802,776,-1,776,802,803,-1,776,803,775,-1,775,803,804,-1,775,804,774,-1,774,804,805,-1,774,805,773,-1,773,805,173,-1,773,173,171,-1,559,561,806,-1,555,557,807,-1,808,558,200,-1,808,200,809,-1,810,809,200,-1,811,810,200,-1,812,811,200,-1,199,812,200,-1,557,558,807,-1,807,558,808,-1,807,808,813,-1,813,808,809,-1,813,809,814,-1,814,809,810,-1,814,810,815,-1,815,810,811,-1,815,811,816,-1,816,811,812,-1,816,812,197,-1,197,812,199,-1,562,555,817,-1,817,555,807,-1,817,807,818,-1,818,807,813,-1,818,813,819,-1,819,813,814,-1,819,814,820,-1,820,814,815,-1,820,815,821,-1,821,815,816,-1,821,816,182,-1,182,816,197,-1,561,562,806,-1,806,562,817,-1,806,817,822,-1,822,817,818,-1,822,818,823,-1,823,818,819,-1,823,819,824,-1,824,819,820,-1,824,820,825,-1,825,820,821,-1,825,821,181,-1,181,821,182,-1,563,559,826,-1,826,559,806,-1,826,806,827,-1,827,806,822,-1,827,822,828,-1,828,822,823,-1,828,823,829,-1,829,823,824,-1,829,824,830,-1,830,824,825,-1,830,825,180,-1,180,825,181,-1,281,563,831,-1,831,563,826,-1,831,826,832,-1,832,826,827,-1,832,827,833,-1,833,827,828,-1,833,828,834,-1,834,828,829,-1,834,829,835,-1,835,829,830,-1,835,830,161,-1,161,830,180,-1,607,605,836,-1,604,603,837,-1,130,131,838,-1,838,131,839,-1,838,839,840,-1,840,839,841,-1,840,841,842,-1,842,841,843,-1,842,843,844,-1,844,843,845,-1,844,845,846,-1,846,845,847,-1,107,130,848,-1,848,130,838,-1,848,838,849,-1,849,838,840,-1,849,840,850,-1,850,840,842,-1,850,842,851,-1,851,842,844,-1,851,844,852,-1,852,844,846,-1,852,846,357,-1,357,846,597,-1,602,601,853,-1,853,601,847,-1,853,847,854,-1,854,847,845,-1,854,845,855,-1,855,845,843,-1,855,843,856,-1,856,843,841,-1,856,841,857,-1,857,841,839,-1,857,839,124,-1,124,839,131,-1,601,600,847,-1,847,600,599,-1,847,599,846,-1,846,599,598,-1,846,598,597,-1,124,122,857,-1,857,122,858,-1,857,858,856,-1,856,858,859,-1,856,859,855,-1,855,859,860,-1,855,860,854,-1,854,860,861,-1,854,861,853,-1,853,861,837,-1,853,837,602,-1,602,837,603,-1,605,604,836,-1,836,604,837,-1,836,837,862,-1,862,837,861,-1,862,861,863,-1,863,861,860,-1,863,860,864,-1,864,860,859,-1,864,859,865,-1,865,859,858,-1,865,858,121,-1,121,858,122,-1,606,607,866,-1,866,607,836,-1,866,836,867,-1,867,836,862,-1,867,862,868,-1,868,862,863,-1,868,863,869,-1,869,863,864,-1,869,864,870,-1,870,864,865,-1,870,865,125,-1,125,865,121,-1,125,158,870,-1,870,158,782,-1,870,782,869,-1,869,782,781,-1,869,781,868,-1,868,781,780,-1,868,780,867,-1,867,780,779,-1,867,779,866,-1,866,779,778,-1,866,778,606,-1,606,778,387,-1,112,120,871,-1,872,873,871,-1,871,873,874,-1,871,874,112,-1,871,875,872,-1,872,875,876,-1,872,876,877,-1,877,876,878,-1,879,880,881,-1,881,880,882,-1,881,882,883,-1,876,884,878,-1,878,884,885,-1,878,885,886,-1,886,885,887,-1,886,887,888,-1,888,887,883,-1,888,883,889,-1,889,883,882,-1,890,454,456,-1,456,891,890,-1,890,891,892,-1,890,892,893,-1,893,892,894,-1,893,894,879,-1,879,894,895,-1,879,895,880,-1,185,184,896,-1,185,896,897,-1,897,896,898,-1,897,898,899,-1,899,898,900,-1,899,900,901,-1,901,900,902,-1,901,902,903,-1,903,902,904,-1,903,904,905,-1,905,904,285,-1,905,285,283,-1,249,281,906,-1,906,281,831,-1,832,907,831,-1,831,907,908,-1,831,908,906,-1,909,910,832,-1,832,910,911,-1,832,911,907,-1,832,833,909,-1,909,833,834,-1,909,834,912,-1,912,834,835,-1,912,835,913,-1,913,835,161,-1,913,161,160,-1,357,359,914,-1,357,914,852,-1,852,914,915,-1,852,915,851,-1,851,915,916,-1,851,916,850,-1,850,916,917,-1,850,917,849,-1,849,917,918,-1,849,918,848,-1,848,918,108,-1,848,108,107,-1,289,287,919,-1,289,919,920,-1,920,919,921,-1,920,921,922,-1,922,921,923,-1,922,923,924,-1,924,923,925,-1,924,925,926,-1,926,925,927,-1,926,927,928,-1,928,927,109,-1,928,109,108,-1,109,927,929,-1,930,931,932,-1,287,933,934,-1,932,931,287,-1,935,287,931,-1,935,931,936,-1,936,931,930,-1,936,930,937,-1,919,287,935,-1,938,939,940,-1,940,939,934,-1,940,934,941,-1,941,934,933,-1,941,933,942,-1,919,935,921,-1,921,935,936,-1,921,936,923,-1,923,936,937,-1,923,937,925,-1,943,938,944,-1,944,938,940,-1,944,940,945,-1,945,940,941,-1,945,941,946,-1,946,941,942,-1,946,942,947,-1,948,943,949,-1,949,943,944,-1,949,944,950,-1,950,944,945,-1,950,945,951,-1,951,945,946,-1,951,946,952,-1,952,946,947,-1,952,947,953,-1,927,948,929,-1,929,948,949,-1,929,949,954,-1,954,949,950,-1,954,950,955,-1,955,950,951,-1,955,951,956,-1,956,951,952,-1,956,952,957,-1,957,952,953,-1,957,953,958,-1,109,929,959,-1,959,929,954,-1,959,954,960,-1,960,954,955,-1,960,955,961,-1,961,955,956,-1,961,956,962,-1,962,956,957,-1,962,957,963,-1,963,957,958,-1,963,958,434,-1,939,287,934,-1,927,925,948,-1,948,925,937,-1,948,937,943,-1,943,937,930,-1,943,930,938,-1,938,930,932,-1,938,932,939,-1,939,932,287,-1,890,893,964,-1,879,881,965,-1,883,887,966,-1,885,884,967,-1,968,8,969,-1,970,971,969,-1,969,971,972,-1,969,972,968,-1,973,974,970,-1,970,974,975,-1,970,975,971,-1,976,977,973,-1,973,977,978,-1,973,978,974,-1,979,980,981,-1,981,980,982,-1,981,982,976,-1,976,982,983,-1,976,983,977,-1,120,979,871,-1,871,979,981,-1,871,981,875,-1,875,981,876,-1,884,876,967,-1,967,876,981,-1,967,981,984,-1,984,981,976,-1,984,976,985,-1,985,976,973,-1,985,973,986,-1,986,973,970,-1,986,970,987,-1,987,970,969,-1,987,969,8,-1,887,885,966,-1,966,885,967,-1,966,967,988,-1,988,967,984,-1,988,984,989,-1,989,984,985,-1,989,985,990,-1,990,985,986,-1,990,986,991,-1,991,986,987,-1,991,987,8,-1,881,883,965,-1,965,883,966,-1,965,966,992,-1,992,966,988,-1,992,988,993,-1,993,988,989,-1,993,989,994,-1,994,989,990,-1,994,990,995,-1,995,990,991,-1,995,991,8,-1,893,879,964,-1,964,879,965,-1,964,965,996,-1,996,965,992,-1,996,992,997,-1,997,992,993,-1,997,993,998,-1,998,993,994,-1,998,994,999,-1,999,994,995,-1,999,995,8,-1,454,890,1000,-1,1000,890,964,-1,1000,964,1001,-1,1001,964,996,-1,1001,996,1002,-1,1002,996,997,-1,1002,997,1003,-1,1003,997,998,-1,1003,998,1004,-1,1004,998,999,-1,1004,999,8,-1,1005,1006,1007,-1,1008,1009,1010,-1,1010,1011,1008,-1,1008,1011,1012,-1,1008,1012,202,-1,202,1012,1013,-1,202,1013,159,-1,1007,1006,1014,-1,1006,1015,1014,-1,1014,1015,1016,-1,1014,1016,1009,-1,1009,1016,1017,-1,1009,1017,1010,-1,438,437,1018,-1,1018,437,1019,-1,1019,1020,1018,-1,1018,1020,1021,-1,1018,1021,1007,-1,1007,1021,1022,-1,1007,1022,1005,-1,160,189,1023,-1,160,1023,913,-1,913,1023,1024,-1,913,1024,912,-1,912,1024,1025,-1,912,1025,909,-1,909,1025,910,-1,910,1025,1026,-1,910,1026,911,-1,911,1026,907,-1,907,1026,1027,-1,907,1027,908,-1,908,1027,906,-1,906,1027,250,-1,906,250,249,-1,359,1028,1029,-1,1030,1031,1032,-1,289,920,1033,-1,1032,1031,289,-1,1034,289,1031,-1,1034,1031,1035,-1,1035,1031,1030,-1,1035,1030,1036,-1,1037,289,1034,-1,1038,1039,1040,-1,1040,1039,1033,-1,1040,1033,1041,-1,1041,1033,920,-1,1041,920,922,-1,1037,1034,1042,-1,1042,1034,1035,-1,1042,1035,1043,-1,1043,1035,1036,-1,1043,1036,1044,-1,1045,1038,1046,-1,1046,1038,1040,-1,1046,1040,1047,-1,1047,1040,1041,-1,1047,1041,1048,-1,1048,1041,922,-1,1048,922,924,-1,1049,1045,1050,-1,1050,1045,1046,-1,1050,1046,1051,-1,1051,1046,1047,-1,1051,1047,1052,-1,1052,1047,1048,-1,1052,1048,1053,-1,1053,1048,924,-1,1053,924,926,-1,1028,1049,1029,-1,1029,1049,1050,-1,1029,1050,1054,-1,1054,1050,1051,-1,1054,1051,1055,-1,1055,1051,1052,-1,1055,1052,1056,-1,1056,1052,1053,-1,1056,1053,1057,-1,1057,1053,926,-1,1057,926,928,-1,359,1029,914,-1,914,1029,1054,-1,914,1054,915,-1,915,1054,1055,-1,915,1055,916,-1,916,1055,1056,-1,916,1056,917,-1,917,1056,1057,-1,917,1057,918,-1,918,1057,928,-1,918,928,108,-1,1039,289,1033,-1,1028,1044,1049,-1,1049,1044,1036,-1,1049,1036,1045,-1,1045,1036,1030,-1,1045,1030,1038,-1,1038,1030,1032,-1,1038,1032,1039,-1,1039,1032,289,-1,394,434,1058,-1,1058,434,958,-1,953,1059,958,-1,958,1059,1060,-1,958,1060,1058,-1,1061,1062,953,-1,953,1062,1063,-1,953,1063,1059,-1,953,947,1061,-1,1061,947,942,-1,1061,942,1064,-1,1064,942,933,-1,1064,933,1065,-1,1065,933,287,-1,1065,287,286,-1,434,433,1066,-1,434,1066,963,-1,963,1066,1067,-1,963,1067,962,-1,962,1067,1068,-1,962,1068,961,-1,961,1068,1069,-1,961,1069,960,-1,960,1069,1070,-1,960,1070,959,-1,959,1070,128,-1,959,128,109,-1,8,968,11,-1,11,968,1071,-1,1071,968,1072,-1,1072,968,972,-1,1072,972,1073,-1,1073,972,971,-1,1073,971,1074,-1,1074,971,975,-1,1074,975,1075,-1,1075,975,974,-1,1075,974,1076,-1,1076,974,978,-1,1076,978,1077,-1,1077,978,977,-1,1077,977,1078,-1,1078,977,983,-1,1078,983,1079,-1,1079,983,982,-1,1079,982,1080,-1,1080,982,980,-1,1080,980,1081,-1,980,979,1081,-1,1081,979,120,-1,1081,120,119,-1,8,6,1082,-1,8,1082,1004,-1,1004,1082,1083,-1,1004,1083,1003,-1,1003,1083,1084,-1,1003,1084,1002,-1,1002,1084,1085,-1,1002,1085,1001,-1,1001,1085,1086,-1,1001,1086,1000,-1,1000,1086,449,-1,1000,449,454,-1,466,449,1087,-1,1087,449,1088,-1,1087,1088,1089,-1,1090,1091,1092,-1,1092,1091,1093,-1,1092,1093,1088,-1,1088,1093,1094,-1,1088,1094,1089,-1,1090,1092,1095,-1,1095,1092,1096,-1,1095,1096,1097,-1,1097,1096,1098,-1,1098,1096,1099,-1,1098,1099,1100,-1,1100,1099,1101,-1,1101,1099,1102,-1,1101,1102,1103,-1,1103,1102,1104,-1,1104,1102,176,-1,1104,176,159,-1,243,608,1105,-1,1105,608,1106,-1,1105,1106,1107,-1,1107,1106,1108,-1,1107,1108,1109,-1,1109,1108,1110,-1,1109,1110,1111,-1,1111,1110,1112,-1,1111,1112,1113,-1,1113,1112,1114,-1,1113,1114,193,-1,193,1114,207,-1,608,609,1106,-1,1106,609,1115,-1,1106,1115,1108,-1,1108,1115,1116,-1,1108,1116,1110,-1,1110,1116,1117,-1,1110,1117,1112,-1,1112,1117,1118,-1,1112,1118,1114,-1,1114,1118,1119,-1,1114,1119,207,-1,207,1119,208,-1,609,610,1115,-1,1115,610,1120,-1,1115,1120,1116,-1,1116,1120,1121,-1,1116,1121,1117,-1,1117,1121,1122,-1,1117,1122,1118,-1,1118,1122,1123,-1,1118,1123,1119,-1,1119,1123,1124,-1,1119,1124,208,-1,208,1124,206,-1,610,611,1120,-1,1120,611,1125,-1,1120,1125,1121,-1,1121,1125,1126,-1,1121,1126,1122,-1,1122,1126,1127,-1,1122,1127,1123,-1,1123,1127,1128,-1,1123,1128,1124,-1,1124,1128,1129,-1,1124,1129,206,-1,206,1129,205,-1,611,612,1125,-1,1125,612,1130,-1,1125,1130,1126,-1,1126,1130,1131,-1,1126,1131,1127,-1,1127,1131,1132,-1,1127,1132,1128,-1,1128,1132,1133,-1,1128,1133,1129,-1,1129,1133,1134,-1,1129,1134,205,-1,205,1134,204,-1,612,250,1130,-1,1130,250,1027,-1,1130,1027,1131,-1,1131,1027,1026,-1,1131,1026,1132,-1,1132,1026,1025,-1,1132,1025,1133,-1,1133,1025,1024,-1,1133,1024,1134,-1,1134,1024,1023,-1,1134,1023,204,-1,204,1023,189,-1,359,361,1135,-1,359,1135,1028,-1,1028,1135,1136,-1,1028,1136,1044,-1,1044,1136,1137,-1,1044,1137,1043,-1,1043,1137,1138,-1,1043,1138,1042,-1,1042,1138,1139,-1,1042,1139,1037,-1,1037,1139,288,-1,1037,288,289,-1,286,288,1140,-1,286,1140,1065,-1,1065,1140,1141,-1,1065,1141,1064,-1,1064,1141,1142,-1,1064,1142,1061,-1,1061,1142,1062,-1,1062,1142,1143,-1,1062,1143,1063,-1,1063,1143,1059,-1,1059,1143,1144,-1,1059,1144,1060,-1,1060,1144,1058,-1,1058,1144,396,-1,1058,396,394,-1,119,118,1081,-1,1081,118,1145,-1,1081,1145,1080,-1,1080,1145,1079,-1,1079,1145,1146,-1,1079,1146,1078,-1,1078,1146,1077,-1,1077,1146,1147,-1,1077,1147,1076,-1,1076,1147,1075,-1,1075,1147,1148,-1,1075,1148,1074,-1,1074,1148,1073,-1,1073,1148,1149,-1,1073,1149,1072,-1,1072,1149,1071,-1,1071,1149,1150,-1,1071,1150,11,-1,118,115,1145,-1,1145,115,1151,-1,1145,1151,1146,-1,1146,1151,1152,-1,1146,1152,1147,-1,1147,1152,1153,-1,1147,1153,1148,-1,1148,1153,1154,-1,1148,1154,1149,-1,1149,1154,1155,-1,1149,1155,1150,-1,1150,1155,1156,-1,115,127,1151,-1,1151,127,1157,-1,1151,1157,1152,-1,1152,1157,1158,-1,1152,1158,1153,-1,1153,1158,1159,-1,1153,1159,1154,-1,1154,1159,1160,-1,1154,1160,1155,-1,1155,1160,1161,-1,1155,1161,1156,-1,1156,1161,1162,-1,127,123,1157,-1,1157,123,1163,-1,1157,1163,1158,-1,1158,1163,1164,-1,1158,1164,1159,-1,1159,1164,1165,-1,1159,1165,1160,-1,1160,1165,1166,-1,1160,1166,1161,-1,1161,1166,1167,-1,1161,1167,1162,-1,1162,1167,1168,-1,123,129,1163,-1,1163,129,1169,-1,1163,1169,1164,-1,1164,1169,1170,-1,1164,1170,1165,-1,1165,1170,1171,-1,1165,1171,1166,-1,1166,1171,1172,-1,1166,1172,1167,-1,1167,1172,1173,-1,1167,1173,1168,-1,1168,1173,1174,-1,129,128,1169,-1,1169,128,1070,-1,1169,1070,1170,-1,1170,1070,1069,-1,1170,1069,1171,-1,1171,1069,1068,-1,1171,1068,1172,-1,1172,1068,1067,-1,1172,1067,1173,-1,1173,1067,1066,-1,1173,1066,1174,-1,1174,1066,433,-1,449,1086,1175,-1,1176,1177,1178,-1,6,1179,1180,-1,1178,1177,6,-1,1181,6,1177,-1,1181,1177,1182,-1,1182,1177,1176,-1,1182,1176,1183,-1,1082,6,1181,-1,1184,1185,1186,-1,1186,1185,1180,-1,1186,1180,1187,-1,1187,1180,1179,-1,1187,1179,1188,-1,1082,1181,1083,-1,1083,1181,1182,-1,1083,1182,1084,-1,1084,1182,1183,-1,1084,1183,1085,-1,1189,1184,1190,-1,1190,1184,1186,-1,1190,1186,1191,-1,1191,1186,1187,-1,1191,1187,1192,-1,1192,1187,1188,-1,1192,1188,1193,-1,1194,1189,1195,-1,1195,1189,1190,-1,1195,1190,1196,-1,1196,1190,1191,-1,1196,1191,1197,-1,1197,1191,1192,-1,1197,1192,1198,-1,1198,1192,1193,-1,1198,1193,1199,-1,1086,1194,1175,-1,1175,1194,1195,-1,1175,1195,1200,-1,1200,1195,1196,-1,1200,1196,1201,-1,1201,1196,1197,-1,1201,1197,1202,-1,1202,1197,1198,-1,1202,1198,1203,-1,1203,1198,1199,-1,1203,1199,1204,-1,449,1175,1088,-1,1088,1175,1200,-1,1088,1200,1092,-1,1092,1200,1201,-1,1092,1201,1096,-1,1096,1201,1202,-1,1096,1202,1099,-1,1099,1202,1203,-1,1099,1203,1102,-1,1102,1203,1204,-1,1102,1204,176,-1,1185,6,1180,-1,1086,1085,1194,-1,1194,1085,1183,-1,1194,1183,1189,-1,1189,1183,1176,-1,1189,1176,1184,-1,1184,1176,1178,-1,1184,1178,1185,-1,1185,1178,6,-1,241,243,1105,-1,241,1105,1205,-1,1205,1105,1107,-1,1205,1107,1206,-1,1206,1107,1109,-1,1206,1109,1207,-1,1207,1109,1111,-1,1207,1111,1208,-1,1208,1111,1113,-1,1208,1113,1209,-1,1209,1113,193,-1,1209,193,192,-1,396,1144,1210,-1,1211,1212,1213,-1,288,1139,1214,-1,1213,1212,288,-1,1215,288,1212,-1,1215,1212,1216,-1,1216,1212,1211,-1,1216,1211,1217,-1,1140,288,1215,-1,1218,1219,1220,-1,1220,1219,1214,-1,1220,1214,1221,-1,1221,1214,1139,-1,1221,1139,1138,-1,1140,1215,1141,-1,1141,1215,1216,-1,1141,1216,1142,-1,1142,1216,1217,-1,1142,1217,1143,-1,1222,1218,1223,-1,1223,1218,1220,-1,1223,1220,1224,-1,1224,1220,1221,-1,1224,1221,1225,-1,1225,1221,1138,-1,1225,1138,1137,-1,1226,1222,1227,-1,1227,1222,1223,-1,1227,1223,1228,-1,1228,1223,1224,-1,1228,1224,1229,-1,1229,1224,1225,-1,1229,1225,1230,-1,1230,1225,1137,-1,1230,1137,1136,-1,1144,1226,1210,-1,1210,1226,1227,-1,1210,1227,1231,-1,1231,1227,1228,-1,1231,1228,1232,-1,1232,1228,1229,-1,1232,1229,1233,-1,1233,1229,1230,-1,1233,1230,1234,-1,1234,1230,1136,-1,1234,1136,1135,-1,396,1210,1235,-1,1235,1210,1231,-1,1235,1231,1236,-1,1236,1231,1232,-1,1236,1232,1237,-1,1237,1232,1233,-1,1237,1233,1238,-1,1238,1233,1234,-1,1238,1234,1239,-1,1239,1234,1135,-1,1239,1135,361,-1,1219,288,1214,-1,1144,1143,1226,-1,1226,1143,1217,-1,1226,1217,1222,-1,1222,1217,1211,-1,1222,1211,1218,-1,1218,1211,1213,-1,1218,1213,1219,-1,1219,1213,288,-1,1,11,1150,-1,1,1150,1240,-1,1240,1150,1156,-1,1240,1156,1241,-1,1241,1156,1162,-1,1241,1162,1242,-1,1168,1243,1162,-1,1162,1243,1244,-1,1162,1244,1242,-1,1174,433,393,-1,393,1245,1174,-1,1174,1245,1246,-1,1174,1246,1168,-1,1168,1246,1247,-1,1168,1247,1243,-1,177,176,1204,-1,177,1204,1248,-1,1248,1204,1199,-1,1248,1199,1249,-1,1249,1199,1193,-1,1249,1193,1250,-1,1250,1193,1188,-1,1250,1188,1251,-1,1251,1188,1179,-1,1251,1179,1252,-1,1252,1179,6,-1,1252,6,5,-1,162,164,1253,-1,162,1253,1254,-1,1254,1253,1255,-1,1254,1255,1256,-1,1256,1255,1257,-1,1256,1257,1258,-1,1258,1257,1259,-1,1258,1259,1260,-1,1260,1259,1261,-1,1260,1261,1262,-1,1262,1261,435,-1,1262,435,436,-1,587,588,1263,-1,589,590,1264,-1,191,190,1265,-1,1265,190,1266,-1,1265,1266,1267,-1,1267,1266,1268,-1,1267,1268,1269,-1,1269,1268,1270,-1,1269,1270,1271,-1,1271,1270,1272,-1,1271,1272,1273,-1,1273,1272,1274,-1,192,191,1209,-1,1209,191,1265,-1,1209,1265,1208,-1,1208,1265,1267,-1,1208,1267,1207,-1,1207,1267,1269,-1,1207,1269,1206,-1,1206,1269,1271,-1,1206,1271,1205,-1,1205,1271,1273,-1,1205,1273,241,-1,241,1273,596,-1,591,592,1275,-1,1275,592,1274,-1,1275,1274,1276,-1,1276,1274,1272,-1,1276,1272,1277,-1,1277,1272,1270,-1,1277,1270,1278,-1,1278,1270,1268,-1,1278,1268,1279,-1,1279,1268,1266,-1,1279,1266,168,-1,168,1266,190,-1,592,593,1274,-1,1274,593,594,-1,1274,594,1273,-1,1273,594,595,-1,1273,595,596,-1,590,591,1264,-1,1264,591,1275,-1,1264,1275,1280,-1,1280,1275,1276,-1,1280,1276,1281,-1,1281,1276,1277,-1,1281,1277,1282,-1,1282,1277,1278,-1,1282,1278,1283,-1,1283,1278,1279,-1,1283,1279,167,-1,167,1279,168,-1,588,589,1263,-1,1263,589,1264,-1,1263,1264,1284,-1,1284,1264,1280,-1,1284,1280,1285,-1,1285,1280,1281,-1,1285,1281,1286,-1,1286,1281,1282,-1,1286,1282,1287,-1,1287,1282,1283,-1,1287,1283,179,-1,179,1283,167,-1,586,587,1288,-1,1288,587,1263,-1,1288,1263,1289,-1,1289,1263,1284,-1,1289,1284,1290,-1,1290,1284,1285,-1,1290,1285,1291,-1,1291,1285,1286,-1,1291,1286,1292,-1,1292,1286,1287,-1,1292,1287,186,-1,186,1287,179,-1,186,165,1292,-1,1292,165,1293,-1,1292,1293,1291,-1,1291,1293,1294,-1,1291,1294,1290,-1,1290,1294,1295,-1,1290,1295,1289,-1,1289,1295,1296,-1,1289,1296,1288,-1,1288,1296,1297,-1,1288,1297,586,-1,586,1297,371,-1,361,363,1298,-1,361,1298,1239,-1,1239,1298,1299,-1,1239,1299,1238,-1,1238,1299,1300,-1,1238,1300,1237,-1,1237,1300,1301,-1,1237,1301,1236,-1,1236,1301,1302,-1,1236,1302,1235,-1,1235,1302,395,-1,1235,395,396,-1,1303,1246,395,-1,395,1246,1245,-1,395,1245,393,-1,1242,1244,1304,-1,1304,1244,1243,-1,1304,1243,1303,-1,1303,1243,1247,-1,1303,1247,1246,-1,1304,1305,1242,-1,1242,1305,1306,-1,1242,1306,1241,-1,1241,1306,1307,-1,1241,1307,1240,-1,1240,1307,3,-1,1240,3,1,-1,164,166,1253,-1,1253,166,1308,-1,1253,1308,1255,-1,1255,1308,1309,-1,1255,1309,1257,-1,1257,1309,1310,-1,1257,1310,1259,-1,1259,1310,1311,-1,1259,1311,1261,-1,1261,1311,1312,-1,1261,1312,435,-1,435,1312,1313,-1,166,169,1308,-1,1308,169,1314,-1,1308,1314,1309,-1,1309,1314,1315,-1,1309,1315,1310,-1,1310,1315,1316,-1,1310,1316,1311,-1,1311,1316,1317,-1,1311,1317,1312,-1,1312,1317,1318,-1,1312,1318,1313,-1,1313,1318,1319,-1,169,188,1314,-1,1314,188,1320,-1,1314,1320,1315,-1,1315,1320,1321,-1,1315,1321,1316,-1,1316,1321,1322,-1,1316,1322,1317,-1,1317,1322,1323,-1,1317,1323,1318,-1,1318,1323,1324,-1,1318,1324,1319,-1,1319,1324,1325,-1,188,187,1320,-1,1320,187,1326,-1,1320,1326,1321,-1,1321,1326,1327,-1,1321,1327,1322,-1,1322,1327,1328,-1,1322,1328,1323,-1,1323,1328,1329,-1,1323,1329,1324,-1,1324,1329,1330,-1,1324,1330,1325,-1,1325,1330,1331,-1,187,178,1326,-1,1326,178,1332,-1,1326,1332,1327,-1,1327,1332,1333,-1,1327,1333,1328,-1,1328,1333,1334,-1,1328,1334,1329,-1,1329,1334,1335,-1,1329,1335,1330,-1,1330,1335,1336,-1,1330,1336,1331,-1,1331,1336,1337,-1,178,177,1332,-1,1332,177,1248,-1,1332,1248,1333,-1,1333,1248,1249,-1,1333,1249,1334,-1,1334,1249,1250,-1,1334,1250,1335,-1,1335,1250,1251,-1,1335,1251,1336,-1,1336,1251,1252,-1,1336,1252,1337,-1,1337,1252,5,-1,436,1338,1339,-1,1340,1341,1342,-1,246,1343,1344,-1,1342,1341,246,-1,1345,246,1341,-1,1345,1341,1346,-1,1346,1341,1340,-1,1346,1340,1347,-1,1348,246,1345,-1,1349,1350,1351,-1,1351,1350,1344,-1,1351,1344,1352,-1,1352,1344,1343,-1,1352,1343,1353,-1,1348,1345,1354,-1,1354,1345,1346,-1,1354,1346,1355,-1,1355,1346,1347,-1,1355,1347,1356,-1,1357,1349,1358,-1,1358,1349,1351,-1,1358,1351,1359,-1,1359,1351,1352,-1,1359,1352,1360,-1,1360,1352,1353,-1,1360,1353,1361,-1,1362,1357,1363,-1,1363,1357,1358,-1,1363,1358,1364,-1,1364,1358,1359,-1,1364,1359,1365,-1,1365,1359,1360,-1,1365,1360,1366,-1,1366,1360,1361,-1,1366,1361,1367,-1,1338,1362,1339,-1,1339,1362,1363,-1,1339,1363,1368,-1,1368,1363,1364,-1,1368,1364,1369,-1,1369,1364,1365,-1,1369,1365,1370,-1,1370,1365,1366,-1,1370,1366,1371,-1,1371,1366,1367,-1,1371,1367,1372,-1,436,1339,1262,-1,1262,1339,1368,-1,1262,1368,1260,-1,1260,1368,1369,-1,1260,1369,1258,-1,1258,1369,1370,-1,1258,1370,1256,-1,1256,1370,1371,-1,1256,1371,1254,-1,1254,1371,1372,-1,1254,1372,162,-1,1350,246,1344,-1,1338,1356,1362,-1,1362,1356,1347,-1,1362,1347,1357,-1,1357,1347,1340,-1,1357,1340,1349,-1,1349,1340,1342,-1,1349,1342,1350,-1,1350,1342,246,-1,246,245,1373,-1,246,1373,1343,-1,1343,1373,1374,-1,1343,1374,1353,-1,1353,1374,1375,-1,1353,1375,1361,-1,1361,1375,1376,-1,1361,1376,1367,-1,1367,1376,1377,-1,1367,1377,1372,-1,1372,1377,163,-1,1372,163,162,-1,165,163,1378,-1,165,1378,1293,-1,1293,1378,1379,-1,1293,1379,1294,-1,1294,1379,1380,-1,1294,1380,1295,-1,1295,1380,1381,-1,1295,1381,1296,-1,1296,1381,1382,-1,1296,1382,1297,-1,1297,1382,373,-1,1297,373,371,-1,363,381,1298,-1,1298,381,1383,-1,1298,1383,1299,-1,1299,1383,1384,-1,1299,1384,1300,-1,1300,1384,1385,-1,1300,1385,1301,-1,1301,1385,1386,-1,1301,1386,1302,-1,1302,1386,1387,-1,1302,1387,395,-1,395,1387,1303,-1,381,380,1383,-1,1383,380,1388,-1,1383,1388,1384,-1,1384,1388,1389,-1,1384,1389,1385,-1,1385,1389,1390,-1,1385,1390,1386,-1,1386,1390,1391,-1,1386,1391,1387,-1,1387,1391,1392,-1,1387,1392,1303,-1,1303,1392,1304,-1,380,379,1388,-1,1388,379,1393,-1,1388,1393,1389,-1,1389,1393,1394,-1,1389,1394,1390,-1,1390,1394,1395,-1,1390,1395,1391,-1,1391,1395,1396,-1,1391,1396,1392,-1,1392,1396,1397,-1,1392,1397,1304,-1,1304,1397,1305,-1,379,378,1393,-1,1393,378,1398,-1,1393,1398,1394,-1,1394,1398,1399,-1,1394,1399,1395,-1,1395,1399,1400,-1,1395,1400,1396,-1,1396,1400,1401,-1,1396,1401,1397,-1,1397,1401,1402,-1,1397,1402,1305,-1,1305,1402,1306,-1,378,377,1398,-1,1398,377,1403,-1,1398,1403,1399,-1,1399,1403,1404,-1,1399,1404,1400,-1,1400,1404,1405,-1,1400,1405,1401,-1,1401,1405,1406,-1,1401,1406,1402,-1,1402,1406,1407,-1,1402,1407,1306,-1,1306,1407,1307,-1,377,384,1403,-1,1403,384,1408,-1,1403,1408,1404,-1,1404,1408,1409,-1,1404,1409,1405,-1,1405,1409,1410,-1,1405,1410,1406,-1,1406,1410,1411,-1,1406,1411,1407,-1,1407,1411,1412,-1,1407,1412,1307,-1,1307,1412,3,-1,1313,1413,435,-1,435,1413,1414,-1,435,1414,391,-1,1415,1416,1319,-1,1319,1416,1417,-1,1319,1417,1313,-1,1313,1417,1418,-1,1313,1418,1413,-1,1319,1325,1415,-1,1415,1325,1331,-1,1415,1331,1419,-1,1419,1331,1337,-1,1419,1337,1420,-1,1420,1337,5,-1,1420,5,7,-1,248,246,1348,-1,248,1348,1421,-1,1421,1348,1354,-1,1421,1354,1422,-1,1422,1354,1355,-1,1422,1355,1423,-1,1423,1355,1424,-1,1424,1355,1356,-1,1424,1356,1425,-1,1425,1356,1426,-1,1426,1356,1338,-1,1426,1338,1427,-1,1427,1338,1428,-1,1428,1338,436,-1,1428,436,392,-1,163,1377,1429,-1,1430,1431,1432,-1,245,1433,1434,-1,1432,1431,245,-1,1435,245,1431,-1,1435,1431,1436,-1,1436,1431,1430,-1,1436,1430,1437,-1,1373,245,1435,-1,1438,1439,1440,-1,1440,1439,1434,-1,1440,1434,1441,-1,1441,1434,1433,-1,1441,1433,1442,-1,1373,1435,1374,-1,1374,1435,1436,-1,1374,1436,1375,-1,1375,1436,1437,-1,1375,1437,1376,-1,1443,1438,1444,-1,1444,1438,1440,-1,1444,1440,1445,-1,1445,1440,1441,-1,1445,1441,1446,-1,1446,1441,1442,-1,1446,1442,1447,-1,1448,1443,1449,-1,1449,1443,1444,-1,1449,1444,1450,-1,1450,1444,1445,-1,1450,1445,1451,-1,1451,1445,1446,-1,1451,1446,1452,-1,1452,1446,1447,-1,1452,1447,1453,-1,1377,1448,1429,-1,1429,1448,1449,-1,1429,1449,1454,-1,1454,1449,1450,-1,1454,1450,1455,-1,1455,1450,1451,-1,1455,1451,1456,-1,1456,1451,1452,-1,1456,1452,1457,-1,1457,1452,1453,-1,1457,1453,1458,-1,163,1429,1378,-1,1378,1429,1454,-1,1378,1454,1379,-1,1379,1454,1455,-1,1379,1455,1380,-1,1380,1455,1456,-1,1380,1456,1381,-1,1381,1456,1457,-1,1381,1457,1382,-1,1382,1457,1458,-1,1382,1458,373,-1,1439,245,1434,-1,1377,1376,1448,-1,1448,1376,1437,-1,1448,1437,1443,-1,1443,1437,1430,-1,1443,1430,1438,-1,1438,1430,1432,-1,1438,1432,1439,-1,1439,1432,245,-1,383,1459,384,-1,384,1459,1408,-1,1459,1460,1408,-1,1408,1460,1461,-1,1408,1461,1409,-1,1461,1462,1409,-1,1409,1462,1463,-1,1409,1463,1410,-1,1410,1463,1464,-1,1410,1464,1411,-1,1464,1465,1411,-1,1411,1465,1466,-1,1411,1466,1412,-1,1466,1467,1412,-1,1412,1467,1468,-1,1412,1468,3,-1,3,1468,1469,-1,3,1469,10,-1,7,10,1470,-1,7,1470,1420,-1,1420,1470,1471,-1,1420,1471,1419,-1,1419,1471,1472,-1,1419,1472,1415,-1,1473,1417,1472,-1,1472,1417,1416,-1,1472,1416,1415,-1,1474,389,391,-1,391,1414,1474,-1,1474,1414,1413,-1,1474,1413,1473,-1,1473,1413,1418,-1,1473,1418,1417,-1,392,390,1428,-1,1428,390,1475,-1,1476,1426,1475,-1,1475,1426,1427,-1,1475,1427,1428,-1,1423,1424,1476,-1,1476,1424,1425,-1,1476,1425,1426,-1,1476,1477,1423,-1,1423,1477,1478,-1,1423,1478,1422,-1,1422,1478,1479,-1,1422,1479,1421,-1,1421,1479,247,-1,1421,247,248,-1,375,373,1458,-1,375,1458,1480,-1,1480,1458,1453,-1,1480,1453,1481,-1,1481,1453,1447,-1,1481,1447,1482,-1,1482,1447,1442,-1,1482,1442,1483,-1,1483,1442,1433,-1,1483,1433,1484,-1,1484,1433,245,-1,1484,245,247,-1,1485,365,376,-1,383,382,1459,-1,1459,382,1486,-1,1459,1486,1460,-1,1460,1486,1487,-1,376,1488,1485,-1,1485,1488,1489,-1,1485,1489,1490,-1,1491,1462,1487,-1,1487,1462,1461,-1,1487,1461,1460,-1,1489,1492,1490,-1,1490,1492,1493,-1,1490,1493,1494,-1,1495,1464,1491,-1,1491,1464,1463,-1,1491,1463,1462,-1,1493,1496,1494,-1,1494,1496,1497,-1,1494,1497,1498,-1,1468,1467,1499,-1,1499,1467,1466,-1,1499,1466,1495,-1,1495,1466,1465,-1,1495,1465,1464,-1,382,369,1486,-1,1486,369,1500,-1,1486,1500,1487,-1,1487,1500,1501,-1,1487,1501,1491,-1,1491,1501,1502,-1,1491,1502,1495,-1,1495,1502,1503,-1,1495,1503,1499,-1,1499,1503,1504,-1,369,368,1500,-1,1500,368,1505,-1,1500,1505,1501,-1,1501,1505,1506,-1,1501,1506,1502,-1,1502,1506,1507,-1,1502,1507,1503,-1,1503,1507,1508,-1,1503,1508,1504,-1,1504,1508,1509,-1,368,366,1505,-1,1505,366,1510,-1,1505,1510,1506,-1,1506,1510,1511,-1,1506,1511,1507,-1,1507,1511,1512,-1,1507,1512,1508,-1,1508,1512,1513,-1,1508,1513,1509,-1,1509,1513,1514,-1,366,365,1510,-1,1510,365,1485,-1,1510,1485,1511,-1,1511,1485,1490,-1,1511,1490,1512,-1,1512,1490,1494,-1,1512,1494,1513,-1,1513,1494,1498,-1,1513,1498,1514,-1,1514,1498,1515,-1,10,1469,1516,-1,1516,1469,1468,-1,1497,1517,1498,-1,1498,1517,1518,-1,1498,1518,1515,-1,1515,1518,1519,-1,1515,1519,1520,-1,1468,1499,1516,-1,1516,1499,1504,-1,1516,1504,1521,-1,1521,1504,1509,-1,1521,1509,1522,-1,1522,1509,1514,-1,1522,1514,1523,-1,1523,1514,1515,-1,1523,1515,1524,-1,1524,1515,1520,-1,1524,1520,1525,-1,10,1516,1470,-1,1470,1516,1521,-1,1470,1521,1471,-1,1471,1521,1522,-1,1471,1522,1472,-1,1472,1522,1523,-1,1472,1523,1473,-1,1473,1523,1524,-1,1473,1524,1474,-1,1474,1524,1525,-1,1474,1525,389,-1,375,1480,1526,-1,1527,1528,1529,-1,247,1479,1530,-1,1529,1528,247,-1,1531,247,1528,-1,1531,1528,1532,-1,1532,1528,1527,-1,1532,1527,1533,-1,1484,247,1531,-1,1534,1535,1536,-1,1536,1535,1530,-1,1536,1530,1537,-1,1537,1530,1479,-1,1537,1479,1478,-1,1484,1531,1483,-1,1483,1531,1532,-1,1483,1532,1482,-1,1482,1532,1533,-1,1482,1533,1481,-1,1538,1534,1539,-1,1539,1534,1536,-1,1539,1536,1540,-1,1540,1536,1537,-1,1540,1537,1541,-1,1541,1537,1478,-1,1541,1478,1477,-1,1542,1538,1543,-1,1543,1538,1539,-1,1543,1539,1544,-1,1544,1539,1540,-1,1544,1540,1545,-1,1545,1540,1541,-1,1545,1541,1546,-1,1546,1541,1477,-1,1546,1477,1476,-1,1480,1542,1526,-1,1526,1542,1543,-1,1526,1543,1547,-1,1547,1543,1544,-1,1547,1544,1548,-1,1548,1544,1545,-1,1548,1545,1549,-1,1549,1545,1546,-1,1549,1546,1550,-1,1550,1546,1476,-1,1550,1476,1475,-1,375,1526,1551,-1,1551,1526,1547,-1,1551,1547,1552,-1,1552,1547,1548,-1,1552,1548,1553,-1,1553,1548,1549,-1,1553,1549,1554,-1,1554,1549,1550,-1,1554,1550,1555,-1,1555,1550,1475,-1,1555,1475,390,-1,1535,247,1530,-1,1480,1481,1542,-1,1542,1481,1533,-1,1542,1533,1538,-1,1538,1533,1527,-1,1538,1527,1534,-1,1534,1527,1529,-1,1534,1529,1535,-1,1535,1529,247,-1,1488,376,375,-1,1488,375,1489,-1,1489,375,1551,-1,1489,1551,1492,-1,1492,1551,1493,-1,1493,1551,1552,-1,1493,1552,1496,-1,1496,1552,1553,-1,1496,1553,1497,-1,1497,1553,1517,-1,1517,1553,1554,-1,1517,1554,1518,-1,1518,1554,1519,-1,1519,1554,1555,-1,1519,1555,1520,-1,1520,1555,1525,-1,1525,1555,390,-1,1525,390,389,-1,440,438,1556,-1,440,1556,1557,-1,1557,1556,1558,-1,1557,1558,1559,-1,1559,1558,1560,-1,1559,1560,1561,-1,1561,1560,283,-1,1561,283,282,-1,283,1560,905,-1,905,1560,1562,-1,905,1562,903,-1,903,1562,1563,-1,903,1563,901,-1,901,1563,1564,-1,901,1564,899,-1,899,1564,1565,-1,899,1565,897,-1,897,1565,1566,-1,897,1566,185,-1,185,1566,209,-1,1560,1558,1562,-1,1562,1558,1567,-1,1562,1567,1563,-1,1563,1567,1568,-1,1563,1568,1564,-1,1564,1568,1569,-1,1564,1569,1565,-1,1565,1569,1570,-1,1565,1570,1566,-1,1566,1570,1571,-1,1566,1571,209,-1,209,1571,210,-1,1558,1556,1567,-1,1567,1556,1572,-1,1567,1572,1568,-1,1568,1572,1573,-1,1568,1573,1569,-1,1569,1573,1574,-1,1569,1574,1570,-1,1570,1574,1575,-1,1570,1575,1571,-1,1571,1575,1576,-1,1571,1576,210,-1,210,1576,203,-1,1556,438,1572,-1,1572,438,1018,-1,1572,1018,1573,-1,1573,1018,1007,-1,1573,1007,1574,-1,1574,1007,1014,-1,1574,1014,1575,-1,1575,1014,1009,-1,1575,1009,1576,-1,1576,1009,1008,-1,1576,1008,203,-1,203,1008,202,-1,240,238,1577,-1,240,1577,1578,-1,1578,1577,1579,-1,1578,1579,1580,-1,1580,1579,1581,-1,1580,1581,1582,-1,1582,1581,235,-1,1582,235,236,-1,240,1578,786,-1,786,1578,1583,-1,786,1583,790,-1,790,1583,1584,-1,790,1584,788,-1,788,1584,1585,-1,788,1585,797,-1,797,1585,1586,-1,797,1586,800,-1,800,1586,1587,-1,800,1587,117,-1,117,1587,132,-1,1578,1580,1583,-1,1583,1580,1588,-1,1583,1588,1584,-1,1584,1588,1589,-1,1584,1589,1585,-1,1585,1589,1590,-1,1585,1590,1586,-1,1586,1590,1591,-1,1586,1591,1587,-1,1587,1591,1592,-1,1587,1592,132,-1,132,1592,133,-1,1580,1582,1588,-1,1588,1582,1593,-1,1588,1593,1589,-1,1589,1593,1594,-1,1589,1594,1590,-1,1590,1594,1595,-1,1590,1595,1591,-1,1591,1595,1596,-1,1591,1596,1592,-1,1592,1596,1597,-1,1592,1597,133,-1,133,1597,134,-1,1582,236,1593,-1,1593,236,739,-1,1593,739,1594,-1,1594,739,741,-1,1594,741,1595,-1,1595,741,743,-1,1595,743,1596,-1,1596,743,745,-1,1596,745,1597,-1,1597,745,747,-1,1597,747,134,-1,134,747,135,-1,212,217,1598,-1,212,1598,1599,-1,1599,1598,1600,-1,1599,1600,1601,-1,1601,1600,1602,-1,1601,1602,1603,-1,1603,1602,1604,-1,1603,1604,1605,-1,1605,1604,1606,-1,1605,1606,1607,-1,1607,1606,284,-1,1607,284,285,-1,212,1599,801,-1,801,1599,1608,-1,801,1608,802,-1,802,1608,1609,-1,802,1609,803,-1,803,1609,1610,-1,803,1610,804,-1,804,1610,1611,-1,804,1611,805,-1,805,1611,1612,-1,805,1612,173,-1,173,1612,175,-1,1599,1601,1608,-1,1608,1601,1613,-1,1608,1613,1609,-1,1609,1613,1614,-1,1609,1614,1610,-1,1610,1614,1615,-1,1610,1615,1611,-1,1611,1615,1616,-1,1611,1616,1612,-1,1612,1616,1617,-1,1612,1617,175,-1,175,1617,174,-1,1601,1603,1613,-1,1613,1603,1618,-1,1613,1618,1614,-1,1614,1618,1619,-1,1614,1619,1615,-1,1615,1619,1620,-1,1615,1620,1616,-1,1616,1620,1621,-1,1616,1621,1617,-1,1617,1621,1622,-1,1617,1622,174,-1,174,1622,172,-1,1603,1605,1618,-1,1618,1605,1623,-1,1618,1623,1619,-1,1619,1623,1624,-1,1619,1624,1620,-1,1620,1624,1625,-1,1620,1625,1621,-1,1621,1625,1626,-1,1621,1626,1622,-1,1622,1626,1627,-1,1622,1627,172,-1,172,1627,170,-1,1605,1607,1623,-1,1623,1607,1628,-1,1623,1628,1624,-1,1624,1628,1629,-1,1624,1629,1625,-1,1625,1629,1630,-1,1625,1630,1626,-1,1626,1630,1631,-1,1626,1631,1627,-1,1627,1631,1632,-1,1627,1632,170,-1,170,1632,183,-1,1607,285,1628,-1,1628,285,904,-1,1628,904,1629,-1,1629,904,902,-1,1629,902,1630,-1,1630,902,900,-1,1630,900,1631,-1,1631,900,898,-1,1631,898,1632,-1,1632,898,896,-1,1632,896,183,-1,183,896,184,-1,223,228,1633,-1,223,1633,1634,-1,1634,1633,1635,-1,1634,1635,1636,-1,1636,1635,1637,-1,1636,1637,1638,-1,1638,1637,1639,-1,1638,1639,1640,-1,1640,1639,1641,-1,1640,1641,1642,-1,1642,1641,234,-1,1642,234,233,-1,234,1641,738,-1,738,1641,1643,-1,738,1643,740,-1,740,1643,1644,-1,740,1644,742,-1,742,1644,1645,-1,742,1645,744,-1,744,1645,1646,-1,744,1646,746,-1,746,1646,1647,-1,746,1647,136,-1,136,1647,138,-1,1641,1639,1643,-1,1643,1639,1648,-1,1643,1648,1644,-1,1644,1648,1649,-1,1644,1649,1645,-1,1645,1649,1650,-1,1645,1650,1646,-1,1646,1650,1651,-1,1646,1651,1647,-1,1647,1651,1652,-1,1647,1652,138,-1,138,1652,139,-1,1639,1637,1648,-1,1648,1637,1653,-1,1648,1653,1649,-1,1649,1653,1654,-1,1649,1654,1650,-1,1650,1654,1655,-1,1650,1655,1651,-1,1651,1655,1656,-1,1651,1656,1652,-1,1652,1656,1657,-1,1652,1657,139,-1,139,1657,143,-1,1637,1635,1653,-1,1653,1635,1658,-1,1653,1658,1654,-1,1654,1658,1659,-1,1654,1659,1655,-1,1655,1659,1660,-1,1655,1660,1656,-1,1656,1660,1661,-1,1656,1661,1657,-1,1657,1661,1662,-1,1657,1662,143,-1,143,1662,144,-1,1635,1633,1658,-1,1658,1633,1663,-1,1658,1663,1659,-1,1659,1663,1664,-1,1659,1664,1660,-1,1660,1664,1665,-1,1660,1665,1661,-1,1661,1665,1666,-1,1661,1666,1662,-1,1662,1666,1667,-1,1662,1667,144,-1,144,1667,145,-1,1633,228,1663,-1,1663,228,692,-1,1663,692,1664,-1,1664,692,693,-1,1664,693,1665,-1,1665,693,694,-1,1665,694,1666,-1,1666,694,695,-1,1666,695,1667,-1,1667,695,696,-1,1667,696,145,-1,145,696,137,-1,536,538,1668,-1,531,533,1669,-1,1670,535,327,-1,1670,327,1671,-1,1672,1671,327,-1,1673,1672,327,-1,1674,1673,327,-1,326,1674,327,-1,533,535,1669,-1,1669,535,1670,-1,1669,1670,1675,-1,1675,1670,1671,-1,1675,1671,1676,-1,1676,1671,1672,-1,1676,1672,1677,-1,1677,1672,1673,-1,1677,1673,1678,-1,1678,1673,1674,-1,1678,1674,324,-1,324,1674,326,-1,539,531,1679,-1,1679,531,1669,-1,1679,1669,1680,-1,1680,1669,1675,-1,1680,1675,1681,-1,1681,1675,1676,-1,1681,1676,1682,-1,1682,1676,1677,-1,1682,1677,1683,-1,1683,1677,1678,-1,1683,1678,322,-1,322,1678,324,-1,538,539,1668,-1,1668,539,1679,-1,1668,1679,1684,-1,1684,1679,1680,-1,1684,1680,1685,-1,1685,1680,1681,-1,1685,1681,1686,-1,1686,1681,1682,-1,1686,1682,1687,-1,1687,1682,1683,-1,1687,1683,321,-1,321,1683,322,-1,540,536,1688,-1,1688,536,1668,-1,1688,1668,1689,-1,1689,1668,1684,-1,1689,1684,1690,-1,1690,1684,1685,-1,1690,1685,1691,-1,1691,1685,1686,-1,1691,1686,1692,-1,1692,1686,1687,-1,1692,1687,320,-1,320,1687,321,-1,221,540,1693,-1,1693,540,1688,-1,1693,1688,1694,-1,1694,1688,1689,-1,1694,1689,1695,-1,1695,1689,1690,-1,1695,1690,1696,-1,1696,1690,1691,-1,1696,1691,1697,-1,1697,1691,1692,-1,1697,1692,319,-1,319,1692,320,-1,217,221,1693,-1,217,1693,1698,-1,1698,1693,1694,-1,1698,1694,1699,-1,1699,1694,1695,-1,1699,1695,1700,-1,1700,1695,1696,-1,1700,1696,1701,-1,1701,1696,1697,-1,1701,1697,1702,-1,1702,1697,319,-1,1702,319,318,-1,284,1606,1703,-1,1703,1606,1704,-1,1703,1704,1705,-1,1705,1704,1706,-1,1705,1706,1707,-1,1707,1706,1708,-1,1707,1708,1709,-1,1709,1708,1710,-1,1709,1710,1711,-1,1711,1710,1712,-1,1711,1712,310,-1,310,1712,311,-1,1606,1604,1704,-1,1704,1604,1713,-1,1704,1713,1706,-1,1706,1713,1714,-1,1706,1714,1708,-1,1708,1714,1715,-1,1708,1715,1710,-1,1710,1715,1716,-1,1710,1716,1712,-1,1712,1716,1717,-1,1712,1717,311,-1,311,1717,314,-1,1604,1602,1713,-1,1713,1602,1718,-1,1713,1718,1714,-1,1714,1718,1719,-1,1714,1719,1715,-1,1715,1719,1720,-1,1715,1720,1716,-1,1716,1720,1721,-1,1716,1721,1717,-1,1717,1721,1722,-1,1717,1722,314,-1,314,1722,315,-1,1602,1600,1718,-1,1718,1600,1723,-1,1718,1723,1719,-1,1719,1723,1724,-1,1719,1724,1720,-1,1720,1724,1725,-1,1720,1725,1721,-1,1721,1725,1726,-1,1721,1726,1722,-1,1722,1726,1727,-1,1722,1727,315,-1,315,1727,316,-1,1600,1598,1723,-1,1723,1598,1728,-1,1723,1728,1724,-1,1724,1728,1729,-1,1724,1729,1725,-1,1725,1729,1730,-1,1725,1730,1726,-1,1726,1730,1731,-1,1726,1731,1727,-1,1727,1731,1732,-1,1727,1732,316,-1,316,1732,317,-1,1598,217,1728,-1,1728,217,1698,-1,1728,1698,1729,-1,1729,1698,1699,-1,1729,1699,1730,-1,1730,1699,1700,-1,1730,1700,1731,-1,1731,1700,1701,-1,1731,1701,1732,-1,1732,1701,1702,-1,1732,1702,317,-1,317,1702,318,-1,313,1733,310,-1,310,1733,1711,-1,1733,1734,1711,-1,1711,1734,1735,-1,1711,1735,1709,-1,1735,1736,1709,-1,1709,1736,1737,-1,1709,1737,1707,-1,1737,1738,1707,-1,1707,1738,1739,-1,1707,1739,1705,-1,1705,1739,1740,-1,1705,1740,1703,-1,1740,1741,1703,-1,1703,1741,1742,-1,1703,1742,284,-1,284,1742,1743,-1,284,1743,282,-1,307,1744,1745,-1,1746,1561,282,-1,282,1743,1746,-1,1746,1743,1742,-1,1746,1742,1747,-1,1742,1741,1747,-1,1747,1741,1740,-1,1747,1740,1748,-1,1740,1739,1748,-1,1748,1739,1738,-1,1748,1738,1749,-1,440,1557,1750,-1,1750,1557,1751,-1,1750,1751,1752,-1,1752,1751,1753,-1,1752,1753,1754,-1,1754,1753,1755,-1,1754,1755,1756,-1,1756,1755,1757,-1,1756,1757,1758,-1,1758,1757,1759,-1,1758,1759,1744,-1,1557,1559,1751,-1,1751,1559,1760,-1,1751,1760,1753,-1,1753,1760,1761,-1,1753,1761,1755,-1,1755,1761,1762,-1,1755,1762,1757,-1,1757,1762,1763,-1,1757,1763,1759,-1,1759,1763,1764,-1,1559,1561,1760,-1,1760,1561,1746,-1,1760,1746,1761,-1,1761,1746,1747,-1,1761,1747,1762,-1,1762,1747,1748,-1,1762,1748,1763,-1,1763,1748,1749,-1,1763,1749,1764,-1,1764,1749,1765,-1,1738,1737,1749,-1,1749,1737,1736,-1,1749,1736,1765,-1,1765,1736,1735,-1,1765,1735,1734,-1,1744,1759,1745,-1,1745,1759,1764,-1,1745,1764,1766,-1,1766,1764,1765,-1,1766,1765,1767,-1,1767,1765,1734,-1,1767,1734,1733,-1,307,1745,308,-1,308,1745,1766,-1,308,1766,309,-1,309,1766,1767,-1,309,1767,312,-1,312,1767,1733,-1,312,1733,313,-1,1094,1093,1768,-1,1021,1020,1769,-1,1090,1095,1770,-1,1006,1005,1771,-1,1097,1098,1772,-1,1016,1015,1773,-1,1774,1775,159,-1,1013,1012,1776,-1,1775,1774,1777,-1,1100,1101,1777,-1,1777,1101,1103,-1,1777,1103,1775,-1,1775,1103,1104,-1,1775,1104,159,-1,1011,1010,1778,-1,1098,1100,1772,-1,1772,1100,1777,-1,1772,1777,1779,-1,1779,1777,1774,-1,1779,1774,1780,-1,1780,1774,159,-1,1016,1773,1017,-1,1095,1097,1770,-1,1770,1097,1772,-1,1770,1772,1781,-1,1781,1772,1779,-1,1781,1779,1776,-1,1776,1779,1780,-1,1776,1780,1013,-1,1013,1780,159,-1,1091,1090,1782,-1,1782,1090,1770,-1,1782,1770,1783,-1,1783,1770,1781,-1,1783,1781,1778,-1,1778,1781,1776,-1,1778,1776,1011,-1,1011,1776,1012,-1,1093,1091,1768,-1,1768,1091,1782,-1,1768,1782,1784,-1,1784,1782,1783,-1,1784,1783,1773,-1,1773,1783,1778,-1,1773,1778,1017,-1,1017,1778,1010,-1,1089,1094,1785,-1,1785,1094,1768,-1,1785,1768,1786,-1,1786,1768,1784,-1,1786,1784,1771,-1,1771,1784,1773,-1,1771,1773,1006,-1,1006,1773,1015,-1,1020,1019,1769,-1,1769,1019,1787,-1,1769,1787,1788,-1,1022,1021,1789,-1,1789,1021,1769,-1,1789,1769,1790,-1,1790,1769,1788,-1,1790,1788,1791,-1,1087,1089,1791,-1,1791,1089,1785,-1,1791,1785,1790,-1,1790,1785,1786,-1,1790,1786,1789,-1,1789,1786,1771,-1,1789,1771,1022,-1,1022,1771,1005,-1,466,1087,1792,-1,1792,1087,1791,-1,1792,1791,1793,-1,1793,1791,1788,-1,1793,1788,1794,-1,1794,1788,1787,-1,1794,1787,437,-1,437,1787,1019,-1,1795,1796,1750,-1,1797,439,440,-1,1750,1796,440,-1,440,1796,1798,-1,440,1798,1797,-1,1752,1754,1799,-1,1799,1800,1752,-1,1752,1800,1801,-1,1752,1801,1750,-1,1750,1801,1802,-1,1750,1802,1795,-1,1803,1804,1756,-1,1756,1804,1805,-1,1756,1805,1754,-1,1754,1805,1806,-1,1754,1806,1799,-1,1756,1758,1803,-1,1803,1758,1744,-1,1803,1744,1807,-1,307,306,1744,-1,1744,306,1808,-1,1744,1808,1807,-1,439,1809,437,-1,437,1809,1794,-1,1809,1810,1794,-1,1794,1810,1811,-1,1794,1811,1793,-1,1811,1812,1793,-1,1793,1812,1813,-1,1793,1813,1792,-1,467,466,1814,-1,1814,466,1792,-1,1814,1792,1815,-1,1815,1792,1813,-1,573,572,1816,-1,1817,325,327,-1,1817,327,1818,-1,1819,1820,1821,-1,1821,1820,327,-1,1822,1819,1823,-1,1823,1819,1821,-1,1823,1821,1824,-1,1824,1821,327,-1,323,325,1825,-1,1825,325,1817,-1,1825,1817,1826,-1,1826,1817,1818,-1,1826,1818,1827,-1,299,323,1828,-1,1828,323,1825,-1,1828,1825,1829,-1,1829,1825,1826,-1,1829,1826,1830,-1,1830,1826,1827,-1,1830,1827,1831,-1,327,579,1824,-1,1824,579,578,-1,1824,578,1823,-1,1823,578,577,-1,1823,577,1822,-1,1822,577,576,-1,1822,576,574,-1,300,299,1832,-1,1832,299,1828,-1,1832,1828,1833,-1,1833,1828,1829,-1,1833,1829,1834,-1,1834,1829,1830,-1,1834,1830,1835,-1,1835,1830,1831,-1,1835,1831,1836,-1,302,300,1837,-1,1837,300,1832,-1,1837,1832,1838,-1,1838,1832,1833,-1,1838,1833,1839,-1,1839,1833,1834,-1,1839,1834,1840,-1,1840,1834,1835,-1,1840,1835,1816,-1,1816,1835,1836,-1,303,302,1841,-1,1841,302,1837,-1,1841,1837,1842,-1,1842,1837,1838,-1,1842,1838,1843,-1,1843,1838,1839,-1,1843,1839,1844,-1,1844,1839,1840,-1,1844,1840,1845,-1,1845,1840,1816,-1,1845,1816,275,-1,275,1816,572,-1,573,1816,574,-1,574,1816,1836,-1,574,1836,1822,-1,1822,1836,1831,-1,1822,1831,1819,-1,1819,1831,1827,-1,1819,1827,1820,-1,1820,1827,1818,-1,1820,1818,327,-1,1810,1809,1846,-1,1812,1811,1847,-1,1848,1808,306,-1,1849,444,442,-1,1850,1849,1851,-1,1852,1803,1848,-1,1848,1803,1807,-1,1848,1807,1808,-1,1799,1806,1853,-1,1853,1806,1805,-1,1853,1805,1852,-1,1852,1805,1804,-1,1852,1804,1803,-1,1799,1853,1800,-1,1800,1853,1854,-1,1800,1854,1801,-1,1801,1854,1855,-1,1801,1855,1802,-1,1802,1855,1856,-1,1802,1856,1795,-1,1849,442,1851,-1,1851,442,441,-1,1851,441,1857,-1,1857,441,460,-1,1857,460,1858,-1,1858,460,451,-1,1858,451,1859,-1,1859,451,450,-1,1859,450,1860,-1,1860,450,448,-1,1860,448,1861,-1,1861,448,447,-1,1861,447,1862,-1,1862,447,468,-1,1862,468,1863,-1,1863,468,467,-1,1863,467,1814,-1,1814,1815,1863,-1,1863,1815,1864,-1,1863,1864,1862,-1,1862,1864,1865,-1,1862,1865,1861,-1,1861,1865,1866,-1,1861,1866,1860,-1,1860,1866,1867,-1,1860,1867,1859,-1,1859,1867,1868,-1,1859,1868,1858,-1,1858,1868,1869,-1,1858,1869,1857,-1,1857,1869,1870,-1,1857,1870,1851,-1,1851,1870,1871,-1,1851,1871,1850,-1,1850,1871,1872,-1,1815,1813,1864,-1,1864,1813,1873,-1,1864,1873,1865,-1,1865,1873,1874,-1,1865,1874,1866,-1,1866,1874,1875,-1,1866,1875,1867,-1,1867,1875,1876,-1,1867,1876,1868,-1,1868,1876,1877,-1,1868,1877,1869,-1,1869,1877,1878,-1,1869,1878,1870,-1,1870,1878,1879,-1,1870,1879,1871,-1,1871,1879,1880,-1,1871,1880,1872,-1,1872,1880,1881,-1,1813,1812,1873,-1,1873,1812,1847,-1,1873,1847,1874,-1,1874,1847,1882,-1,1874,1882,1875,-1,1875,1882,1883,-1,1875,1883,1876,-1,1876,1883,1884,-1,1876,1884,1877,-1,1877,1884,1885,-1,1877,1885,1878,-1,1878,1885,1886,-1,1878,1886,1879,-1,1879,1886,1887,-1,1879,1887,1880,-1,1880,1887,1888,-1,1880,1888,1881,-1,1881,1888,1889,-1,1811,1810,1847,-1,1847,1810,1846,-1,1847,1846,1882,-1,1882,1846,1890,-1,1882,1890,1883,-1,1883,1890,1856,-1,1883,1856,1884,-1,1884,1856,1855,-1,1884,1855,1885,-1,1885,1855,1854,-1,1885,1854,1886,-1,1886,1854,1853,-1,1886,1853,1887,-1,1887,1853,1852,-1,1887,1852,1888,-1,1888,1852,1848,-1,1888,1848,1889,-1,1889,1848,306,-1,1795,1856,1796,-1,1796,1856,1890,-1,1796,1890,1798,-1,1798,1890,1846,-1,1798,1846,1797,-1,1797,1846,1809,-1,1797,1809,439,-1,305,303,1841,-1,305,1841,1891,-1,1891,1841,1842,-1,1891,1842,1892,-1,1892,1842,1843,-1,1892,1843,1893,-1,1893,1843,1894,-1,1894,1843,1844,-1,1894,1844,1895,-1,1895,1844,1896,-1,1896,1844,1845,-1,1896,1845,1897,-1,1897,1845,1898,-1,1898,1845,275,-1,1898,275,265,-1,1899,1900,444,-1,444,1900,1901,-1,444,1901,445,-1,1899,444,1902,-1,1902,444,1849,-1,1902,1849,1903,-1,1850,1872,1904,-1,1904,1905,1850,-1,1850,1905,1906,-1,1850,1906,1849,-1,1849,1906,1907,-1,1849,1907,1903,-1,1908,1909,1881,-1,1881,1909,1910,-1,1881,1910,1872,-1,1872,1910,1911,-1,1872,1911,1904,-1,1881,1889,1908,-1,1908,1889,306,-1,1908,306,301,-1,497,496,1912,-1,1913,350,349,-1,1913,349,1914,-1,1915,1916,1917,-1,1917,1916,349,-1,1918,1915,1919,-1,1919,1915,1917,-1,1919,1917,1920,-1,1920,1917,349,-1,352,350,1921,-1,1921,350,1913,-1,1921,1913,1922,-1,1922,1913,1914,-1,1922,1914,1923,-1,354,352,1924,-1,1924,352,1921,-1,1924,1921,1925,-1,1925,1921,1922,-1,1925,1922,1926,-1,1926,1922,1923,-1,1926,1923,1927,-1,349,503,1920,-1,1920,503,504,-1,1920,504,1919,-1,1919,504,501,-1,1919,501,1918,-1,1918,501,500,-1,1918,500,498,-1,355,354,1928,-1,1928,354,1924,-1,1928,1924,1929,-1,1929,1924,1925,-1,1929,1925,1930,-1,1930,1925,1926,-1,1930,1926,1931,-1,1931,1926,1927,-1,1931,1927,1932,-1,356,355,1933,-1,1933,355,1928,-1,1933,1928,1934,-1,1934,1928,1929,-1,1934,1929,1935,-1,1935,1929,1930,-1,1935,1930,1936,-1,1936,1930,1931,-1,1936,1931,1912,-1,1912,1931,1932,-1,332,356,1937,-1,1937,356,1933,-1,1937,1933,1938,-1,1938,1933,1934,-1,1938,1934,1939,-1,1939,1934,1935,-1,1939,1935,1940,-1,1940,1935,1936,-1,1940,1936,1941,-1,1941,1936,1912,-1,1941,1912,225,-1,225,1912,496,-1,497,1912,498,-1,498,1912,1932,-1,498,1932,1918,-1,1918,1932,1927,-1,1918,1927,1915,-1,1915,1927,1923,-1,1915,1923,1916,-1,1916,1923,1914,-1,1916,1914,349,-1,509,511,1942,-1,505,507,1943,-1,1944,508,349,-1,1944,349,1945,-1,1946,1945,349,-1,1947,1946,349,-1,1948,1947,349,-1,351,1948,349,-1,507,508,1943,-1,1943,508,1944,-1,1943,1944,1949,-1,1949,1944,1945,-1,1949,1945,1950,-1,1950,1945,1946,-1,1950,1946,1951,-1,1951,1946,1947,-1,1951,1947,1952,-1,1952,1947,1948,-1,1952,1948,353,-1,353,1948,351,-1,512,505,1953,-1,1953,505,1943,-1,1953,1943,1954,-1,1954,1943,1949,-1,1954,1949,1955,-1,1955,1949,1950,-1,1955,1950,1956,-1,1956,1950,1951,-1,1956,1951,1957,-1,1957,1951,1952,-1,1957,1952,346,-1,346,1952,353,-1,511,512,1942,-1,1942,512,1953,-1,1942,1953,1958,-1,1958,1953,1954,-1,1958,1954,1959,-1,1959,1954,1955,-1,1959,1955,1960,-1,1960,1955,1956,-1,1960,1956,1961,-1,1961,1956,1957,-1,1961,1957,345,-1,345,1957,346,-1,513,509,1962,-1,1962,509,1942,-1,1962,1942,1963,-1,1963,1942,1958,-1,1963,1958,1964,-1,1964,1958,1959,-1,1964,1959,1965,-1,1965,1959,1960,-1,1965,1960,1966,-1,1966,1960,1961,-1,1966,1961,344,-1,344,1961,345,-1,298,513,1967,-1,1967,513,1962,-1,1967,1962,1968,-1,1968,1962,1963,-1,1968,1963,1969,-1,1969,1963,1964,-1,1969,1964,1970,-1,1970,1964,1965,-1,1970,1965,1971,-1,1971,1965,1966,-1,1971,1966,341,-1,341,1966,344,-1,265,266,1898,-1,1898,266,1972,-1,1898,1972,1897,-1,1897,1972,1973,-1,1897,1973,1896,-1,1896,1973,1974,-1,1896,1974,1895,-1,1895,1974,1975,-1,1895,1975,1894,-1,1894,1975,1976,-1,1894,1976,1893,-1,1976,1977,1893,-1,1893,1977,1978,-1,1893,1978,1892,-1,1892,1978,1979,-1,1892,1979,1891,-1,1979,1980,1891,-1,1891,1980,1981,-1,1891,1981,305,-1,305,1981,1982,-1,305,1982,304,-1,1983,1984,1985,-1,304,1986,301,-1,301,1986,1987,-1,1988,1989,1986,-1,1986,1989,1990,-1,1986,1990,1987,-1,1985,1984,1991,-1,1984,1992,1991,-1,1991,1992,1993,-1,1991,1993,1988,-1,1988,1993,1994,-1,1988,1994,1989,-1,1995,1996,1997,-1,1997,1996,1998,-1,1997,1998,1985,-1,1985,1998,1999,-1,1985,1999,1983,-1,89,77,1997,-1,1997,77,2000,-1,1997,2000,1995,-1,333,332,1937,-1,333,1937,2001,-1,2001,1937,1938,-1,2001,1938,2002,-1,2002,1938,1939,-1,2002,1939,2003,-1,2003,1939,1940,-1,2003,1940,2004,-1,2004,1940,1941,-1,2004,1941,2005,-1,2005,1941,225,-1,2005,225,223,-1,268,298,2006,-1,2006,298,2007,-1,2007,298,2008,-1,2008,298,1967,-1,2008,1967,2009,-1,2009,1967,1968,-1,2009,1968,2010,-1,1969,1970,2011,-1,2011,2012,1969,-1,1969,2012,2013,-1,1969,2013,1968,-1,1968,2013,2014,-1,1968,2014,2010,-1,1971,341,340,-1,340,2015,1971,-1,1971,2015,2016,-1,1971,2016,1970,-1,1970,2016,2017,-1,1970,2017,2011,-1,2018,261,272,-1,266,267,1972,-1,1972,267,2019,-1,1972,2019,1973,-1,1973,2019,2020,-1,272,2021,2018,-1,2018,2021,2022,-1,2018,2022,2023,-1,2024,1975,2020,-1,2020,1975,1974,-1,2020,1974,1973,-1,2022,2025,2023,-1,2023,2025,2026,-1,2023,2026,2027,-1,2028,1977,2024,-1,2024,1977,1976,-1,2024,1976,1975,-1,2026,2029,2027,-1,2027,2029,2030,-1,2027,2030,2031,-1,1981,1980,2032,-1,2032,1980,1979,-1,2032,1979,2028,-1,2028,1979,1978,-1,2028,1978,1977,-1,267,264,2019,-1,2019,264,2033,-1,2019,2033,2020,-1,2020,2033,2034,-1,2020,2034,2024,-1,2024,2034,2035,-1,2024,2035,2028,-1,2028,2035,2036,-1,2028,2036,2032,-1,2032,2036,2037,-1,264,263,2033,-1,2033,263,2038,-1,2033,2038,2034,-1,2034,2038,2039,-1,2034,2039,2035,-1,2035,2039,2040,-1,2035,2040,2036,-1,2036,2040,2041,-1,2036,2041,2037,-1,2037,2041,2042,-1,263,262,2038,-1,2038,262,2043,-1,2038,2043,2039,-1,2039,2043,2044,-1,2039,2044,2040,-1,2040,2044,2045,-1,2040,2045,2041,-1,2041,2045,2046,-1,2041,2046,2042,-1,2042,2046,2047,-1,262,261,2043,-1,2043,261,2018,-1,2043,2018,2044,-1,2044,2018,2023,-1,2044,2023,2045,-1,2045,2023,2027,-1,2045,2027,2046,-1,2046,2027,2031,-1,2046,2031,2047,-1,2047,2031,2048,-1,304,1982,2049,-1,2049,1982,1981,-1,2030,2050,2031,-1,2031,2050,2051,-1,2031,2051,2048,-1,2048,2051,2052,-1,2048,2052,2053,-1,1981,2032,2049,-1,2049,2032,2037,-1,2049,2037,2054,-1,2054,2037,2042,-1,2054,2042,2055,-1,2055,2042,2047,-1,2055,2047,2056,-1,2056,2047,2048,-1,2056,2048,2057,-1,2057,2048,2053,-1,2057,2053,2058,-1,304,2049,1986,-1,1986,2049,2054,-1,1986,2054,1988,-1,1988,2054,2055,-1,1988,2055,1991,-1,1991,2055,2056,-1,1991,2056,1985,-1,1985,2056,2057,-1,1985,2057,1997,-1,1997,2057,2058,-1,1997,2058,89,-1,223,1634,2005,-1,2005,1634,2059,-1,2005,2059,2004,-1,2004,2059,2060,-1,2004,2060,2003,-1,2003,2060,2061,-1,2003,2061,2002,-1,2002,2061,2062,-1,2002,2062,2001,-1,2001,2062,2063,-1,2001,2063,333,-1,333,2063,334,-1,1634,1636,2059,-1,2059,1636,2064,-1,2059,2064,2060,-1,2060,2064,2065,-1,2060,2065,2061,-1,2061,2065,2066,-1,2061,2066,2062,-1,2062,2066,2067,-1,2062,2067,2063,-1,2063,2067,2068,-1,2063,2068,334,-1,334,2068,347,-1,1636,1638,2064,-1,2064,1638,2069,-1,2064,2069,2065,-1,2065,2069,2070,-1,2065,2070,2066,-1,2066,2070,2071,-1,2066,2071,2067,-1,2067,2071,2072,-1,2067,2072,2068,-1,2068,2072,2073,-1,2068,2073,347,-1,347,2073,348,-1,1638,1640,2069,-1,2069,1640,2074,-1,2069,2074,2070,-1,2070,2074,2075,-1,2070,2075,2071,-1,2071,2075,2076,-1,2071,2076,2072,-1,2072,2076,2077,-1,2072,2077,2073,-1,2073,2077,2078,-1,2073,2078,348,-1,348,2078,335,-1,1640,1642,2074,-1,2074,1642,2079,-1,2074,2079,2075,-1,2075,2079,2080,-1,2075,2080,2076,-1,2076,2080,2081,-1,2076,2081,2077,-1,2077,2081,2082,-1,2077,2082,2078,-1,2078,2082,2083,-1,2078,2083,335,-1,335,2083,336,-1,1642,233,2079,-1,2079,233,2084,-1,2079,2084,2080,-1,2080,2084,2085,-1,2080,2085,2081,-1,2081,2085,2086,-1,2081,2086,2082,-1,2082,2086,2087,-1,2082,2087,2083,-1,2083,2087,2088,-1,2083,2088,336,-1,336,2088,337,-1,339,2089,340,-1,340,2089,2015,-1,2015,2089,2016,-1,2016,2089,2090,-1,2016,2090,2017,-1,2017,2090,2091,-1,2017,2091,2011,-1,2011,2091,2092,-1,2011,2092,2012,-1,2012,2092,2093,-1,2012,2093,2013,-1,2013,2093,2094,-1,2013,2094,2014,-1,2014,2094,2095,-1,2014,2095,2010,-1,2010,2095,2096,-1,2010,2096,2009,-1,2009,2096,2097,-1,2009,2097,2008,-1,2008,2097,2098,-1,2008,2098,2007,-1,2007,2098,2099,-1,2007,2099,2006,-1,2006,2099,269,-1,2006,269,268,-1,2021,272,271,-1,2021,271,2022,-1,2022,271,2100,-1,2022,2100,2025,-1,2025,2100,2026,-1,2026,2100,2101,-1,2026,2101,2029,-1,2029,2101,2030,-1,2030,2101,2102,-1,2030,2102,2050,-1,2050,2102,2103,-1,2050,2103,2051,-1,2051,2103,2052,-1,2052,2103,2104,-1,2052,2104,2053,-1,2053,2104,2058,-1,2058,2104,31,-1,2058,31,89,-1,338,337,2088,-1,338,2088,2105,-1,2105,2088,2087,-1,2105,2087,2106,-1,2106,2087,2086,-1,2106,2086,2107,-1,2107,2086,2085,-1,2107,2085,2108,-1,2108,2085,2084,-1,2108,2084,2109,-1,2109,2084,233,-1,2109,233,235,-1,269,2099,257,-1,257,2099,2110,-1,2099,2098,2110,-1,2110,2098,2097,-1,2110,2097,2111,-1,2097,2096,2111,-1,2111,2096,2095,-1,2111,2095,2112,-1,2095,2094,2112,-1,2112,2094,2093,-1,2112,2093,2113,-1,271,270,2100,-1,2100,270,2114,-1,2100,2114,2101,-1,2101,2114,2115,-1,2101,2115,2102,-1,2102,2115,2116,-1,2102,2116,2103,-1,2103,2116,2117,-1,2103,2117,2104,-1,2104,2117,2118,-1,2104,2118,31,-1,270,260,2114,-1,2114,260,2119,-1,2114,2119,2115,-1,2115,2119,2120,-1,2115,2120,2116,-1,2116,2120,2121,-1,2116,2121,2117,-1,2117,2121,2122,-1,2117,2122,2118,-1,2118,2122,2123,-1,260,259,2119,-1,2119,259,2124,-1,2119,2124,2120,-1,2120,2124,2125,-1,2120,2125,2121,-1,2121,2125,2126,-1,2121,2126,2122,-1,2122,2126,2127,-1,2122,2127,2123,-1,2123,2127,2128,-1,259,258,2124,-1,2124,258,2129,-1,2124,2129,2125,-1,2125,2129,2130,-1,2125,2130,2126,-1,2126,2130,2131,-1,2126,2131,2127,-1,2127,2131,2132,-1,2127,2132,2128,-1,2128,2132,2133,-1,258,257,2129,-1,2129,257,2110,-1,2129,2110,2130,-1,2130,2110,2111,-1,2130,2111,2131,-1,2131,2111,2112,-1,2131,2112,2132,-1,2132,2112,2113,-1,2132,2113,2133,-1,2133,2113,2134,-1,2093,2092,2113,-1,2113,2092,2091,-1,2113,2091,2134,-1,2134,2091,2090,-1,2134,2090,2089,-1,31,2118,2135,-1,2135,2118,2123,-1,2135,2123,2136,-1,2136,2123,2128,-1,2136,2128,2137,-1,2137,2128,2133,-1,2137,2133,2138,-1,2138,2133,2134,-1,2138,2134,2139,-1,2139,2134,2089,-1,2139,2089,339,-1,238,2140,1577,-1,1577,2140,2141,-1,2140,2142,2141,-1,2141,2142,2143,-1,2141,2143,2144,-1,2143,2145,2144,-1,2144,2145,2146,-1,2144,2146,2147,-1,2146,2148,2147,-1,2147,2148,2149,-1,2147,2149,2150,-1,235,1581,2109,-1,2109,1581,2151,-1,2109,2151,2108,-1,2108,2151,2152,-1,2108,2152,2107,-1,2107,2152,2153,-1,2107,2153,2106,-1,2106,2153,2154,-1,2106,2154,2105,-1,2105,2154,2155,-1,2105,2155,338,-1,1581,1579,2151,-1,2151,1579,2156,-1,2151,2156,2152,-1,2152,2156,2157,-1,2152,2157,2153,-1,2153,2157,2158,-1,2153,2158,2154,-1,2154,2158,2159,-1,2154,2159,2155,-1,2155,2159,2160,-1,1579,1577,2156,-1,2156,1577,2141,-1,2156,2141,2157,-1,2157,2141,2144,-1,2157,2144,2158,-1,2158,2144,2147,-1,2158,2147,2159,-1,2159,2147,2150,-1,2159,2150,2160,-1,2160,2150,2161,-1,2149,2162,2150,-1,2150,2162,2163,-1,2150,2163,2161,-1,2161,2163,2164,-1,2161,2164,2165,-1,338,2155,342,-1,342,2155,2160,-1,342,2160,343,-1,343,2160,2161,-1,343,2161,331,-1,331,2161,2165,-1,331,2165,328,-1,2166,2167,31,-1,31,2167,2168,-1,31,2168,73,-1,2166,31,2169,-1,2169,31,2135,-1,2169,2135,2170,-1,2136,2137,2171,-1,2171,2172,2136,-1,2136,2172,2173,-1,2136,2173,2135,-1,2135,2173,2174,-1,2135,2174,2170,-1,2175,2176,2138,-1,2138,2176,2177,-1,2138,2177,2137,-1,2137,2177,2178,-1,2137,2178,2171,-1,2138,2139,2175,-1,2175,2139,339,-1,2175,339,330,-1,328,2165,329,-1,329,2165,2179,-1,2179,2165,2180,-1,2180,2165,2164,-1,2180,2164,2181,-1,2181,2164,2163,-1,2181,2163,2182,-1,2182,2163,2162,-1,2182,2162,2183,-1,2183,2162,2149,-1,2183,2149,2184,-1,2149,2148,2184,-1,2184,2148,2146,-1,2184,2146,2185,-1,2185,2146,2145,-1,2142,2186,2143,-1,2143,2186,2187,-1,2143,2187,2145,-1,2145,2187,2188,-1,2145,2188,2185,-1,237,2189,238,-1,238,2189,2190,-1,238,2190,2140,-1,2140,2190,2191,-1,2140,2191,2142,-1,2142,2191,2192,-1,2142,2192,2186,-1,2193,2194,2195,-1,330,329,2196,-1,2197,2198,2196,-1,2196,2198,2199,-1,2196,2199,330,-1,2196,2200,2197,-1,2197,2200,2201,-1,2197,2201,2202,-1,2202,2201,2203,-1,2201,2204,2203,-1,2203,2204,2205,-1,2203,2205,2194,-1,2194,2205,2206,-1,2194,2206,2195,-1,2193,2195,2207,-1,2207,2195,2208,-1,2207,2208,2209,-1,2210,2211,2209,-1,2209,2211,2212,-1,2209,2212,2207,-1,2209,2213,2210,-1,2210,2213,2214,-1,2210,2214,2215,-1,2215,2214,2216,-1,473,463,2214,-1,2214,463,2217,-1,2214,2217,2216,-1,2205,2204,2218,-1,2195,2206,2219,-1,2209,2208,2220,-1,2221,2222,2223,-1,2222,455,453,-1,2224,2225,2226,-1,237,2227,2228,-1,237,2228,2189,-1,2189,2228,2229,-1,2189,2229,2190,-1,2190,2229,2191,-1,2191,2229,2230,-1,2191,2230,2192,-1,2192,2230,2231,-1,2192,2231,2186,-1,2186,2231,2187,-1,2187,2231,2232,-1,2187,2232,2188,-1,2188,2232,2233,-1,2188,2233,2185,-1,2234,2183,2233,-1,2233,2183,2184,-1,2233,2184,2185,-1,2179,2180,2235,-1,2235,2180,2181,-1,2235,2181,2234,-1,2234,2181,2182,-1,2234,2182,2183,-1,457,473,2214,-1,2222,453,2223,-1,2223,453,452,-1,2223,452,2236,-1,2236,452,472,-1,2236,472,2237,-1,2237,472,471,-1,2237,471,2238,-1,2238,471,470,-1,2238,470,2239,-1,2239,470,469,-1,2239,469,2240,-1,2240,469,458,-1,2240,458,2241,-1,2241,458,457,-1,2241,457,2242,-1,2242,457,2214,-1,2242,2214,2213,-1,2213,2209,2242,-1,2242,2209,2220,-1,2242,2220,2241,-1,2241,2220,2243,-1,2241,2243,2240,-1,2240,2243,2244,-1,2240,2244,2239,-1,2239,2244,2245,-1,2239,2245,2238,-1,2238,2245,2246,-1,2238,2246,2237,-1,2237,2246,2247,-1,2237,2247,2236,-1,2236,2247,2248,-1,2236,2248,2223,-1,2223,2248,2226,-1,2223,2226,2221,-1,2221,2226,2225,-1,2208,2195,2220,-1,2220,2195,2219,-1,2220,2219,2243,-1,2243,2219,2249,-1,2243,2249,2244,-1,2244,2249,2250,-1,2244,2250,2245,-1,2245,2250,2251,-1,2245,2251,2246,-1,2246,2251,2252,-1,2246,2252,2247,-1,2247,2252,2253,-1,2247,2253,2248,-1,2248,2253,2254,-1,2248,2254,2226,-1,2226,2254,2255,-1,2226,2255,2224,-1,2224,2255,2256,-1,2206,2205,2219,-1,2219,2205,2218,-1,2219,2218,2249,-1,2249,2218,2257,-1,2249,2257,2250,-1,2250,2257,2258,-1,2250,2258,2251,-1,2251,2258,2259,-1,2251,2259,2252,-1,2252,2259,2260,-1,2252,2260,2253,-1,2253,2260,2261,-1,2253,2261,2254,-1,2254,2261,2262,-1,2254,2262,2255,-1,2255,2262,2263,-1,2255,2263,2256,-1,2256,2263,2264,-1,2204,2201,2218,-1,2218,2201,2235,-1,2218,2235,2257,-1,2257,2235,2234,-1,2257,2234,2258,-1,2258,2234,2233,-1,2258,2233,2259,-1,2259,2233,2232,-1,2259,2232,2260,-1,2260,2232,2231,-1,2260,2231,2261,-1,2261,2231,2230,-1,2261,2230,2262,-1,2262,2230,2229,-1,2262,2229,2263,-1,2263,2229,2228,-1,2263,2228,2264,-1,2264,2228,2227,-1,329,2179,2196,-1,2196,2179,2235,-1,2196,2235,2200,-1,2200,2235,2201,-1,237,239,2227,-1,2227,239,2265,-1,2227,2265,2264,-1,2264,2265,2256,-1,2256,2265,2266,-1,2256,2266,2224,-1,2224,2266,2225,-1,2225,2266,2267,-1,2225,2267,2221,-1,2221,2267,2222,-1,2222,2267,456,-1,2222,456,455,-1,789,799,2268,-1,791,2269,2270,-1,2271,891,456,-1,2265,239,783,-1,2266,2265,2272,-1,2265,783,2272,-1,2272,783,784,-1,2272,784,2273,-1,2273,784,785,-1,2273,785,2274,-1,891,2271,892,-1,892,2271,2275,-1,892,2275,894,-1,894,2275,2276,-1,894,2276,895,-1,895,2276,880,-1,880,2276,2277,-1,880,2277,882,-1,882,2277,2278,-1,882,2278,889,-1,785,787,2274,-1,2274,787,794,-1,2274,794,2279,-1,2279,794,793,-1,2279,793,2270,-1,2270,793,792,-1,2270,792,791,-1,889,2278,888,-1,888,2278,2280,-1,888,2280,886,-1,2267,2266,2281,-1,2281,2266,2272,-1,2281,2272,2282,-1,2282,2272,2273,-1,2282,2273,2283,-1,2283,2273,2274,-1,2283,2274,2284,-1,2284,2274,2279,-1,2284,2279,2285,-1,2285,2279,2270,-1,2285,2270,2286,-1,2286,2270,2269,-1,2286,2269,2287,-1,2288,877,2280,-1,2280,877,878,-1,2280,878,886,-1,456,2267,2271,-1,2271,2267,2281,-1,2271,2281,2275,-1,2275,2281,2282,-1,2275,2282,2276,-1,2276,2282,2283,-1,2276,2283,2277,-1,2277,2283,2284,-1,2277,2284,2278,-1,2278,2284,2285,-1,2278,2285,2280,-1,2280,2285,2286,-1,2280,2286,2288,-1,2288,2286,2287,-1,2288,2287,2289,-1,798,796,2290,-1,2290,796,795,-1,2290,795,112,-1,112,874,2289,-1,2289,874,873,-1,2289,873,2288,-1,2288,873,872,-1,2288,872,877,-1,791,789,2269,-1,2269,789,2268,-1,2269,2268,2287,-1,2287,2268,2291,-1,2287,2291,2289,-1,2289,2291,112,-1,799,798,2268,-1,2268,798,2290,-1,2268,2290,2291,-1,2291,2290,112,-1,330,2292,2175,-1,2175,2292,2176,-1,2197,2293,2198,-1,2198,2293,2294,-1,2198,2294,2199,-1,2176,2292,2177,-1,2177,2292,2295,-1,2177,2295,2178,-1,2194,2296,2203,-1,2203,2296,2293,-1,2203,2293,2202,-1,2202,2293,2197,-1,2178,2295,2171,-1,2171,2295,2297,-1,2171,2297,2172,-1,2194,2193,2296,-1,2296,2193,2207,-1,2296,2207,2298,-1,2172,2297,2173,-1,2173,2297,2299,-1,2173,2299,2174,-1,2174,2299,2300,-1,2174,2300,2170,-1,2207,2212,2298,-1,2298,2212,2211,-1,2298,2211,2301,-1,2301,2211,2210,-1,2301,2210,2302,-1,2303,2304,2305,-1,2305,2304,2300,-1,2305,2300,2306,-1,2306,2300,2299,-1,2306,2299,2307,-1,2307,2299,2297,-1,2307,2297,2308,-1,2308,2297,2295,-1,2308,2295,2309,-1,2309,2295,2292,-1,2309,2292,2310,-1,2310,2292,330,-1,2311,2303,2312,-1,2312,2303,2305,-1,2312,2305,2313,-1,2313,2305,2306,-1,2313,2306,2314,-1,2314,2306,2307,-1,2314,2307,2315,-1,2315,2307,2308,-1,2315,2308,2316,-1,2316,2308,2309,-1,2316,2309,2317,-1,2317,2309,2310,-1,2317,2310,2318,-1,2318,2310,330,-1,330,2294,2319,-1,2319,2294,2293,-1,2319,2293,2320,-1,2320,2293,2296,-1,2320,2296,2321,-1,2321,2296,2298,-1,2321,2298,2322,-1,2322,2298,2301,-1,2322,2301,2323,-1,2323,2301,2302,-1,2323,2302,2324,-1,2324,2302,2325,-1,2324,2325,2326,-1,2326,2325,2327,-1,2326,2327,2328,-1,2329,2330,2331,-1,2210,2215,2302,-1,2302,2215,2216,-1,2302,2216,2325,-1,2325,2216,2217,-1,2325,2217,2327,-1,2327,2217,463,-1,2327,463,2332,-1,2332,2333,2327,-1,2327,2333,2334,-1,2327,2334,2328,-1,2328,2334,2335,-1,2328,2335,2336,-1,330,2319,2318,-1,2318,2319,2320,-1,2318,2320,2317,-1,2317,2320,2321,-1,2317,2321,2316,-1,2316,2321,2322,-1,2316,2322,2315,-1,2315,2322,2323,-1,2315,2323,2314,-1,2314,2323,2324,-1,2314,2324,2313,-1,2313,2324,2326,-1,2313,2326,2312,-1,2312,2326,2328,-1,2312,2328,2311,-1,2311,2328,2336,-1,2311,2336,2337,-1,2199,2294,330,-1,2337,2338,2311,-1,2311,2338,2329,-1,2311,2329,2303,-1,2303,2329,2331,-1,2303,2331,2304,-1,2338,2339,2329,-1,2329,2339,2340,-1,2329,2340,2330,-1,2330,2340,2341,-1,2330,2341,2342,-1,2170,2300,2169,-1,2169,2300,2304,-1,2169,2304,2166,-1,2166,2304,2331,-1,2166,2331,2167,-1,2167,2331,2330,-1,2167,2330,2168,-1,2168,2330,2342,-1,2168,2342,73,-1,73,2342,77,-1,77,2342,2343,-1,2343,2342,2344,-1,2344,2342,2341,-1,2344,2341,2345,-1,2345,2341,2340,-1,2345,2340,2346,-1,2346,2340,2339,-1,2346,2339,2347,-1,2347,2339,2338,-1,2347,2338,2348,-1,2348,2338,2337,-1,2348,2337,2349,-1,2349,2337,2336,-1,2349,2336,2350,-1,2350,2336,2335,-1,2350,2335,2351,-1,2351,2335,2334,-1,2351,2334,2352,-1,2352,2334,2333,-1,2352,2333,2353,-1,2333,2332,2353,-1,2353,2332,463,-1,2353,463,445,-1,301,2354,1908,-1,1908,2354,1909,-1,1989,2355,1990,-1,1990,2355,2356,-1,1990,2356,1987,-1,1909,2354,1910,-1,1910,2354,2357,-1,1910,2357,1911,-1,1989,1994,2355,-1,2355,1994,1993,-1,2355,1993,2358,-1,1911,2357,1904,-1,1904,2357,2359,-1,1904,2359,1905,-1,1993,1992,2358,-1,2358,1992,1984,-1,2358,1984,2360,-1,1905,2359,1906,-1,1906,2359,2361,-1,1906,2361,1907,-1,1907,2361,2362,-1,1907,2362,1903,-1,1984,1983,2360,-1,2360,1983,1999,-1,2360,1999,2363,-1,2363,1999,1998,-1,2363,1998,2364,-1,2365,2366,2367,-1,2367,2366,2362,-1,2367,2362,2368,-1,2368,2362,2361,-1,2368,2361,2369,-1,2369,2361,2359,-1,2369,2359,2370,-1,2370,2359,2357,-1,2370,2357,2371,-1,2371,2357,2354,-1,2371,2354,2372,-1,2372,2354,301,-1,2373,2365,2374,-1,2374,2365,2367,-1,2374,2367,2375,-1,2375,2367,2368,-1,2375,2368,2376,-1,2376,2368,2369,-1,2376,2369,2377,-1,2377,2369,2370,-1,2377,2370,2378,-1,2378,2370,2371,-1,2378,2371,2379,-1,2379,2371,2372,-1,2379,2372,2380,-1,2380,2372,301,-1,301,2356,2381,-1,2381,2356,2355,-1,2381,2355,2382,-1,2382,2355,2358,-1,2382,2358,2383,-1,2383,2358,2360,-1,2383,2360,2384,-1,2384,2360,2363,-1,2384,2363,2385,-1,2385,2363,2364,-1,2385,2364,2386,-1,2386,2364,2387,-1,2386,2387,2388,-1,2388,2387,2389,-1,2388,2389,2390,-1,2391,2392,2393,-1,1998,1996,2364,-1,2364,1996,1995,-1,2364,1995,2387,-1,2387,1995,2000,-1,2387,2000,2389,-1,2389,2000,77,-1,2389,77,2343,-1,2343,2344,2389,-1,2389,2344,2345,-1,2389,2345,2390,-1,2390,2345,2346,-1,2390,2346,2347,-1,301,2381,2380,-1,2380,2381,2382,-1,2380,2382,2379,-1,2379,2382,2383,-1,2379,2383,2378,-1,2378,2383,2384,-1,2378,2384,2377,-1,2377,2384,2385,-1,2377,2385,2376,-1,2376,2385,2386,-1,2376,2386,2375,-1,2375,2386,2388,-1,2375,2388,2374,-1,2374,2388,2390,-1,2374,2390,2373,-1,2373,2390,2347,-1,2373,2347,2348,-1,1987,2356,301,-1,2348,2349,2373,-1,2373,2349,2391,-1,2373,2391,2365,-1,2365,2391,2393,-1,2365,2393,2366,-1,2349,2350,2391,-1,2391,2350,2351,-1,2391,2351,2392,-1,2392,2351,2352,-1,2392,2352,2353,-1,1903,2362,1902,-1,1902,2362,2366,-1,1902,2366,1899,-1,1899,2366,2393,-1,1899,2393,1900,-1,1900,2393,2392,-1,1900,2392,1901,-1,1901,2392,2353,-1,1901,2353,445,-1,
        ]
    }
}
Shape{
    appearance Appearance {
        material  Material 	{
            diffuseColor 0.5019607843137255 0.5019607843137255 0.5019607843137255
            specularColor 0.25098039215686274 0.25098039215686274 0.25098039215686274
            ambientIntensity 0.2
            transparency 0
            shininess 0.5
        }
    }
    geometry IndexedFaceSet {
        ccw TRUE
        solid FALSE
        coord DEF co Coordinate {
            point [
                0.0944 1.6943 0.3898, 0.0944 1.6814 0.3898, 0.0944 1.6943 0.3937, 0.0944 1.6814 0.3937, 0.1391 1.6943 0.3898, 0.1391 1.6943 0.3937, 0.1391 1.7995 0.3898, 0.1391 1.7995 0.3937, 0.1549 1.7995 0.3898, 0.1549 1.7995 0.3937, 0.1549 1.6814 0.3898, 0.1549 1.6814 0.3937, -0.0035 1.7005 0.3898, -0.0035 1.6875 0.3898, -0.0035 1.7005 0.3937, -0.0035 1.6875 0.3937, -0.0014 1.6993 0.3937, -0.0014 1.6993 0.3898, 0.0111 1.6946 0.3937, 0.0111 1.6946 0.3898, 0.0268 1.6929 0.3937, 0.0268 1.6929 0.3898, 0.0378 1.6941 0.3937, 0.0378 1.6941 0.3898, 0.0464 1.6973 0.3937, 0.0464 1.6973 0.3898, 0.0537 1.7022 0.3937, 0.0537 1.7022 0.3898, 0.0592 1.708 0.3937, 0.0592 1.708 0.3898, 0.0641 1.7162 0.3937, 0.0641 1.7162 0.3898, 0.0673 1.7264 0.3937, 0.0673 1.7264 0.3898, 0.0685 1.7392 0.3937, 0.0685 1.7392 0.3898, 0.068 1.7484 0.3937, 0.068 1.7484 0.3898, 0.0648 1.761 0.3937, 0.0648 1.761 0.3898, 0.0599 1.7701 0.3937, 0.0599 1.7701 0.3898, 0.0528 1.778 0.3937, 0.0528 1.778 0.3898, 0.0446 1.7835 0.3937, 0.0446 1.7835 0.3898, 0.0358 1.7867 0.3937, 0.0358 1.7867 0.3898, 0.0242 1.788 0.3937, 0.0242 1.788 0.3898, 0.0098 1.7861 0.3937, 0.0098 1.7861 0.3898, -0.0035 1.7804 0.3937, -0.0035 1.7804 0.3898, -0.0035 1.7962 0.3898, -0.0035 1.7962 0.3937, 0.0102 1.8 0.3937, 0.0102 1.8 0.3898, 0.0243 1.8009 0.3937, 0.0243 1.8009 0.3898, 0.0362 1.8 0.3937, 0.0362 1.8 0.3898, 0.0493 1.7961 0.3937, 0.0493 1.7961 0.3898, 0.0605 1.7897 0.3937, 0.0605 1.7897 0.3898, 0.0712 1.7794 0.3937, 0.0712 1.7794 0.3898, 0.0781 1.7684 0.3937, 0.0781 1.7684 0.3898, 0.0827 1.755 0.3937, 0.0827 1.755 0.3898, 0.0844 1.7382 0.3937, 0.0844 1.7382 0.3898, 0.0832 1.7245 0.3937, 0.0832 1.7245 0.3898, 0.0797 1.712 0.3937, 0.0797 1.712 0.3898, 0.0734 1.7008 0.3937, 0.0734 1.7008 0.3898, 0.0645 1.6915 0.3937, 0.0645 1.6915 0.3898, 0.055 1.6854 0.3937, 0.055 1.6854 0.3898, 0.0436 1.6814 0.3937, 0.0436 1.6814 0.3898, 0.029 1.6799 0.3898, 0.0359 1.6807 0.3937, 0.029 1.6799 0.3937, 0.0091 1.6823 0.3898, 0.0258 1.68 0.3937, 0.0258 1.68 0.3898, 0.021 1.6807 0.3937, 0.0091 1.6823 0.3937, -0.0899 1.6943 0.3898, -0.0899 1.6814 0.3898, -0.0899 1.6943 0.3937, -0.0899 1.6814 0.3937, -0.0424 1.6943 0.3898, -0.0424 1.6943 0.3937, -0.0424 1.7347 0.3898, -0.0424 1.7347 0.3937, -0.0842 1.7347 0.3898, -0.0842 1.7347 0.3937, -0.0842 1.7476 0.3898, -0.0842 1.7476 0.3937, -0.0424 1.7476 0.3898, -0.0424 1.7476 0.3937, -0.0424 1.7865 0.3898, -0.0424 1.7865 0.3937, -0.087 1.7865 0.3898, -0.087 1.7865 0.3937, -0.087 1.7995 0.3898, -0.087 1.7995 0.3937, -0.0265 1.7995 0.3898, -0.0265 1.7995 0.3937, -0.0265 1.6814 0.3898, -0.0265 1.6814 0.3937, -0.204 1.7647 0.3898, -0.1985 1.7748 0.3898, -0.1843 1.77 0.3898, -0.1902 1.7841 0.3898, -0.1786 1.7761 0.3898, -0.19 1.7842 0.3898, -0.17 1.7816 0.3898, -0.1772 1.7928 0.3898, -0.1602 1.785 0.3898, -0.1634 1.7977 0.3898, -0.1462 1.7865 0.3898, -0.1463 1.7995 0.3898, -0.1288 1.7865 0.3898, -0.113 1.7995 0.3898, -0.1288 1.6943 0.3898, -0.113 1.6814 0.3898, -0.1456 1.6943 0.3898, -0.1451 1.6814 0.3898, -0.158 1.6955 0.3898, -0.1597 1.6827 0.3898, -0.168 1.6986 0.3898, -0.1733 1.6867 0.3898, -0.176 1.7034 0.3898, -0.1856 1.6939 0.3898, -0.1827 1.7099 0.3898, -0.1954 1.7032 0.3898, -0.1876 1.7181 0.3898, -0.2021 1.7137 0.3898, -0.1911 1.7292 0.3898, -0.2064 1.7261 0.3898, -0.1922 1.7416 0.3898, -0.208 1.7419 0.3898, -0.1912 1.7533 0.3898, -0.2072 1.753 0.3898, -0.1884 1.7627 0.3898, -0.1451 1.6814 0.3937, -0.113 1.6814 0.3937, -0.1597 1.6827 0.3937, -0.1733 1.6867 0.3937, -0.1856 1.6939 0.3937, -0.1954 1.7032 0.3937, -0.2021 1.7137 0.3937, -0.2064 1.7261 0.3937, -0.208 1.7419 0.3937, -0.2072 1.753 0.3937, -0.204 1.7647 0.3937, -0.1985 1.7748 0.3937, -0.1902 1.7841 0.3937, -0.19 1.7842 0.3937, -0.1772 1.7928 0.3937, -0.1634 1.7977 0.3937, -0.1463 1.7995 0.3937, -0.113 1.7995 0.3937, -0.1462 1.7865 0.3937, -0.1288 1.7865 0.3937, -0.1288 1.6943 0.3937, -0.1456 1.6943 0.3937, -0.1922 1.7416 0.3937, -0.1911 1.7292 0.3937, -0.1876 1.7181 0.3937, -0.1827 1.7099 0.3937, -0.176 1.7034 0.3937, -0.168 1.6986 0.3937, -0.158 1.6955 0.3937, -0.1602 1.785 0.3937, -0.17 1.7816 0.3937, -0.1786 1.7761 0.3937, -0.1843 1.77 0.3937, -0.1884 1.7627 0.3937, -0.1912 1.7533 0.3937, -0.1912 1.7533 0.3937
            ]
        }
        coordIndex [
            0,1,2,-1,2,1,3,-1,4,0,5,-1,5,0,2,-1,6,4,7,-1,7,4,5,-1,8,6,9,-1,9,6,7,-1,10,8,11,-1,11,8,9,-1,1,10,3,-1,3,10,11,-1,6,8,4,-1,4,8,10,-1,4,10,0,-1,0,10,1,-1,12,13,14,-1,14,13,15,-1,12,14,16,-1,12,16,17,-1,17,16,18,-1,17,18,19,-1,19,18,20,-1,19,20,21,-1,21,20,22,-1,21,22,23,-1,23,22,24,-1,23,24,25,-1,25,24,26,-1,25,26,27,-1,27,26,28,-1,27,28,29,-1,29,28,30,-1,29,30,31,-1,31,30,32,-1,31,32,33,-1,33,32,34,-1,33,34,35,-1,35,34,36,-1,35,36,37,-1,37,36,38,-1,37,38,39,-1,39,38,40,-1,39,40,41,-1,41,40,42,-1,41,42,43,-1,43,42,44,-1,43,44,45,-1,45,44,46,-1,45,46,47,-1,47,46,48,-1,47,48,49,-1,49,48,50,-1,49,50,51,-1,51,50,52,-1,51,52,53,-1,54,53,55,-1,55,53,52,-1,54,55,56,-1,54,56,57,-1,57,56,58,-1,57,58,59,-1,59,58,60,-1,59,60,61,-1,61,60,62,-1,61,62,63,-1,63,62,64,-1,63,64,65,-1,65,64,66,-1,65,66,67,-1,67,66,68,-1,67,68,69,-1,69,68,70,-1,69,70,71,-1,71,70,72,-1,71,72,73,-1,73,72,74,-1,73,74,75,-1,75,74,76,-1,75,76,77,-1,77,76,78,-1,77,78,79,-1,79,78,80,-1,79,80,81,-1,81,80,82,-1,81,82,83,-1,83,82,84,-1,83,84,85,-1,85,84,86,-1,86,84,87,-1,86,87,88,-1,15,13,89,-1,86,88,90,-1,86,90,91,-1,91,90,92,-1,91,92,89,-1,89,92,93,-1,89,93,15,-1,23,86,21,-1,21,86,91,-1,21,91,19,-1,19,91,89,-1,19,89,17,-1,17,89,13,-1,17,13,12,-1,53,54,51,-1,51,54,57,-1,51,57,49,-1,49,57,59,-1,49,59,47,-1,47,59,61,-1,47,61,45,-1,45,61,63,-1,45,63,43,-1,43,63,65,-1,43,65,41,-1,41,65,67,-1,41,67,39,-1,39,67,69,-1,39,69,37,-1,37,69,71,-1,37,71,35,-1,35,71,73,-1,35,73,33,-1,33,73,75,-1,33,75,31,-1,31,75,77,-1,31,77,29,-1,29,77,79,-1,29,79,27,-1,27,79,81,-1,27,81,25,-1,25,81,83,-1,25,83,23,-1,23,83,85,-1,23,85,86,-1,94,95,96,-1,96,95,97,-1,98,94,99,-1,99,94,96,-1,100,98,101,-1,101,98,99,-1,102,100,103,-1,103,100,101,-1,104,102,105,-1,105,102,103,-1,106,104,107,-1,107,104,105,-1,108,106,109,-1,109,106,107,-1,110,108,111,-1,111,108,109,-1,112,110,113,-1,113,110,111,-1,114,112,115,-1,115,112,113,-1,116,114,117,-1,117,114,115,-1,95,116,97,-1,97,116,117,-1,116,95,94,-1,94,98,116,-1,116,98,100,-1,116,100,114,-1,110,112,108,-1,108,112,114,-1,108,114,106,-1,106,114,100,-1,106,100,104,-1,104,100,102,-1,118,119,120,-1,120,119,121,-1,120,121,122,-1,122,121,123,-1,122,123,124,-1,124,123,125,-1,124,125,126,-1,126,125,127,-1,126,127,128,-1,128,127,129,-1,128,129,130,-1,130,129,131,-1,130,131,132,-1,132,131,133,-1,132,133,134,-1,134,133,135,-1,134,135,136,-1,136,135,137,-1,136,137,138,-1,138,137,139,-1,138,139,140,-1,140,139,141,-1,140,141,142,-1,142,141,143,-1,142,143,144,-1,144,143,145,-1,144,145,146,-1,146,145,147,-1,146,147,148,-1,148,147,149,-1,148,149,150,-1,150,149,151,-1,150,151,152,-1,152,151,118,-1,152,118,120,-1,135,133,153,-1,153,133,154,-1,135,153,155,-1,135,155,137,-1,137,155,156,-1,137,156,139,-1,139,156,157,-1,139,157,141,-1,141,157,158,-1,141,158,143,-1,143,158,159,-1,143,159,145,-1,145,159,160,-1,145,160,147,-1,147,160,161,-1,147,161,149,-1,149,161,162,-1,149,162,151,-1,151,162,163,-1,151,163,118,-1,118,163,164,-1,118,164,119,-1,119,164,165,-1,119,165,121,-1,121,165,166,-1,121,166,123,-1,123,166,167,-1,123,167,125,-1,125,167,168,-1,125,168,127,-1,127,168,169,-1,127,169,129,-1,131,129,170,-1,170,129,169,-1,133,131,154,-1,154,131,170,-1,128,130,171,-1,171,130,172,-1,130,132,172,-1,172,132,173,-1,132,134,173,-1,173,134,174,-1,148,175,176,-1,148,176,146,-1,146,176,177,-1,146,177,144,-1,144,177,178,-1,144,178,142,-1,142,178,179,-1,142,179,140,-1,140,179,180,-1,140,180,138,-1,138,180,181,-1,138,181,136,-1,136,181,174,-1,136,174,134,-1,128,171,182,-1,128,182,126,-1,126,182,183,-1,126,183,124,-1,124,183,184,-1,124,184,122,-1,122,184,185,-1,122,185,120,-1,120,185,186,-1,120,186,152,-1,152,186,187,-1,152,187,150,-1,150,187,175,-1,150,175,148,-1,
        ]
    }
}
Shape{
    appearance Appearance {
        material  Material 	{
            diffuseColor 1.0 1.0 1.0
            specularColor 0.5019607843137255 0.5019607843137255 0.5019607843137255
            ambientIntensity 0.2
            transparency 0
            shininess 0.5
        }
    }
    geometry IndexedFaceSet {
        ccw TRUE
        solid FALSE
        coord DEF co Coordinate {
            point [
                -0.1288 1.7865 0.3937, -0.1288 1.6943 0.3937, -0.1462 1.7865 0.3937, -0.1456 1.6943 0.3937, -0.158 1.6955 0.3937, -0.1922 1.7416 0.3937, -0.1912 1.7533 0.3937, -0.1884 1.7627 0.3937, -0.1602 1.785 0.3937, -0.168 1.6986 0.3937, -0.176 1.7034 0.3937, -0.1827 1.7099 0.3937, -0.1876 1.7181 0.3937, -0.1911 1.7292 0.3937, -0.1843 1.77 0.3937, -0.1786 1.7761 0.3937, -0.17 1.7816 0.3937, -0.17 1.7816 0.3937
            ]
        }
        coordIndex [
            0,1,2,-1,2,1,3,-1,2,3,4,-1,5,6,2,-1,2,6,7,-1,2,7,8,-1,4,9,2,-1,2,9,10,-1,2,10,11,-1,11,12,2,-1,2,12,13,-1,2,13,5,-1,14,15,7,-1,7,15,16,-1,7,16,8,-1,
        ]
    }
}
Shape{
    appearance Appearance {
        material  Material 	{
            diffuseColor 0.5019607843137255 0.5019607843137255 0.5019607843137255
            specularColor 0.25098039215686274 0.25098039215686274 0.25098039215686274
            ambientIntensity 0.2
            transparency 0
            shininess 0.5
        }
    }
    geometry IndexedFaceSet {
        ccw TRUE
        solid FALSE
        coord DEF co Coordinate {
            point [
                -0.2492 1.7275 0.3898, -0.2452 1.7145 0.3898, -0.2887 1.7275 0.3898, -0.294 1.7145 0.3898, -0.2668 1.7768 0.3898, -0.2613 1.7995 0.3898, -0.2167 1.6814 0.3898, -0.234 1.6814 0.3898, -0.268 1.7809 0.3898, -0.2687 1.7851 0.3898, -0.2772 1.7995 0.3898, -0.2691 1.7851 0.3898, -0.2699 1.7809 0.3898, -0.2709 1.7768 0.3898, -0.3233 1.6814 0.3898, -0.306 1.6814 0.3898, -0.2772 1.7995 0.3937, -0.3233 1.6814 0.3937, -0.2613 1.7995 0.3937, -0.2167 1.6814 0.3937, -0.234 1.6814 0.3937, -0.2452 1.7145 0.3937, -0.294 1.7145 0.3937, -0.306 1.6814 0.3937, -0.2492 1.7275 0.3937, -0.2887 1.7275 0.3937, -0.2709 1.7768 0.3937, -0.2691 1.7851 0.3937, -0.2699 1.7809 0.3937, -0.2687 1.7851 0.3937, -0.2668 1.7768 0.3937, -0.268 1.7809 0.3937, -0.268 1.7809 0.3937
            ]
        }
        coordIndex [
            0,1,2,-1,2,1,3,-1,4,5,0,-1,0,5,6,-1,0,6,1,-1,1,6,7,-1,4,8,5,-1,5,8,9,-1,5,9,10,-1,10,9,11,-1,10,11,12,-1,12,13,10,-1,10,13,2,-1,10,2,14,-1,14,2,3,-1,14,3,15,-1,10,14,16,-1,16,14,17,-1,5,10,18,-1,18,10,16,-1,6,5,19,-1,19,5,18,-1,7,6,20,-1,20,6,19,-1,1,7,21,-1,21,7,20,-1,3,1,22,-1,22,1,21,-1,15,3,23,-1,23,3,22,-1,14,15,17,-1,17,15,23,-1,0,2,24,-1,24,2,25,-1,2,13,25,-1,25,13,26,-1,11,27,28,-1,11,28,12,-1,12,28,26,-1,12,26,13,-1,11,9,27,-1,27,9,29,-1,4,30,31,-1,4,31,8,-1,8,31,29,-1,8,29,9,-1,4,0,30,-1,30,0,24,-1,
        ]
    }
}
Shape{
    appearance Appearance {
        material  Material 	{
            diffuseColor 1.0 1.0 1.0
            specularColor 0.5019607843137255 0.5019607843137255 0.5019607843137255
            ambientIntensity 0.2
            transparency 0
            shininess 0.5
        }
    }
    geometry IndexedFaceSet {
        ccw TRUE
        solid FALSE
        coord DEF co Coordinate {
            point [
                -0.2492 1.7275 0.3937, -0.2887 1.7275 0.3937, -0.2668 1.7768 0.3937, -0.2709 1.7768 0.3937, -0.268 1.7809 0.3937, -0.2699 1.7809 0.3937, -0.2687 1.7851 0.3937, -0.2691 1.7851 0.3937, -0.2546 1.6505 2.1654, -0.2546 1.4764 2.1654, -0.2546 1.5596 2.3228, -0.2546 1.4764 2.3228, 0.2546 1.4764 2.3228, 0.2546 1.4764 2.1654, 0.2546 1.5596 2.3228, 0.2546 1.6505 2.1654, 0.2546 1.6505 2.1654
            ]
        }
        coordIndex [
            0,1,2,-1,2,1,3,-1,2,3,4,-1,4,3,5,-1,4,5,6,-1,6,5,7,-1,8,9,10,-1,10,9,11,-1,12,11,13,-1,13,11,9,-1,14,12,15,-1,15,12,13,-1,10,11,14,-1,14,11,12,-1,8,10,15,-1,15,10,14,-1,
        ]
    }
}