#VRML V2.0 utf8
# 3D model generated by easyeda2kicad.py (https://github.com/uPesy/easyeda2kicad.py)

Shape{
    appearance Appearance {
        material  Material 	{
            diffuseColor 0.0 0.9372549019607843 0.8313725490196079
            specularColor 0.0 0.4666666666666667 0.41568627450980394
            ambientIntensity 0.2
            transparency 0
            shininess 0.5
        }
    }
    geometry IndexedFaceSet {
        ccw TRUE
        solid FALSE
        coord DEF co Coordinate {
            point [
                -2.0276 0.0 1.1417, -0.9379 0.2298 1.1184, -2.0276 0.2298 1.1184, -0.9379 0.4502 1.0492, -2.0276 0.4502 1.0492, -0.9379 0.6522 0.9371, -2.0276 0.6522 0.9371, -0.9379 0.8275 0.7866, -2.0276 0.8275 0.7866, -0.9379 0.9689 0.6039, -2.0276 0.9689 0.6039, -0.9379 1.0707 0.3965, -2.0276 1.0707 0.3965, -0.9379 1.1286 0.1729, -2.0276 1.1286 0.1729, -0.9379 1.1403 -0.0578, -2.0276 1.1403 -0.0578, -0.9379 1.1053 -0.2862, -2.0276 1.1053 -0.2862, -0.9379 1.0251 -0.5028, -2.0276 1.0251 -0.5028, -0.9379 0.9029 -0.6989, -2.0276 0.9029 -0.6989, -0.9379 0.7437 -0.8663, -2.0276 0.7437 -0.8663, -0.9379 0.5541 -0.9983, -2.0276 0.5541 -0.9983, -0.9379 0.3418 -1.0894, -2.0276 0.3418 -1.0894, -0.9379 0.1155 -1.1359, -2.0276 0.1155 -1.1359, -0.9379 -0.1155 -1.1359, -2.0276 -0.1155 -1.1359, -0.9379 -0.3418 -1.0894, -2.0276 -0.3418 -1.0894, -0.9379 -0.5541 -0.9983, -2.0276 -0.5541 -0.9983, -0.9379 -0.7437 -0.8663, -2.0276 -0.7437 -0.8663, -0.9379 -0.9029 -0.6989, -2.0276 -0.9029 -0.6989, -0.9379 -1.0251 -0.5028, -2.0276 -1.0251 -0.5028, -0.9379 -1.1053 -0.2862, -2.0276 -1.1053 -0.2862, -0.9379 -1.1403 -0.0578, -2.0276 -1.1403 -0.0578, -0.9379 -1.1286 0.1729, -2.0276 -1.1286 0.1729, -0.9379 -1.0707 0.3965, -2.0276 -1.0707 0.3965, -0.9379 -0.9689 0.6039, -2.0276 -0.9689 0.6039, -0.9379 -0.8275 0.7866, -2.0276 -0.8275 0.7866, -0.9379 -0.6522 0.9371, -2.0276 -0.6522 0.9371, -0.9379 -0.4502 1.0492, -2.0276 -0.4502 1.0492, -0.9379 -0.2298 1.1184, -2.0276 -0.2298 1.1184, -0.9379 -0.0 1.1417, -0.9379 -0.0 1.1417
            ]
        }
        coordIndex [
            0,1,2,-1,2,1,3,-1,2,3,4,-1,4,3,5,-1,4,5,6,-1,6,5,7,-1,6,7,8,-1,8,7,9,-1,8,9,10,-1,10,9,11,-1,10,11,12,-1,12,11,13,-1,12,13,14,-1,14,13,15,-1,14,15,16,-1,16,15,17,-1,16,17,18,-1,18,17,19,-1,18,19,20,-1,20,19,21,-1,20,21,22,-1,22,21,23,-1,22,23,24,-1,24,23,25,-1,24,25,26,-1,26,25,27,-1,26,27,28,-1,28,27,29,-1,28,29,30,-1,30,29,31,-1,30,31,32,-1,32,31,33,-1,32,33,34,-1,34,33,35,-1,34,35,36,-1,36,35,37,-1,36,37,38,-1,38,37,39,-1,38,39,40,-1,40,39,41,-1,40,41,42,-1,42,41,43,-1,42,43,44,-1,44,43,45,-1,44,45,46,-1,46,45,47,-1,46,47,48,-1,48,47,49,-1,48,49,50,-1,50,49,51,-1,50,51,52,-1,52,51,53,-1,52,53,54,-1,54,53,55,-1,54,55,56,-1,56,55,57,-1,56,57,58,-1,58,57,59,-1,58,59,60,-1,60,59,61,-1,60,61,0,-1,0,61,1,-1,
        ]
    }
}
Shape{
    appearance Appearance {
        material  Material 	{
            diffuseColor 0.6549019607843137 0.39215686274509803 0.0
            specularColor 0.32941176470588235 0.19607843137254902 0.0
            ambientIntensity 0.2
            transparency 0
            shininess 0.5
        }
    }
    geometry IndexedFaceSet {
        ccw TRUE
        solid FALSE
        coord DEF co Coordinate {
            point [
                -2.2244 0.6522 0.9371, -2.2244 0.6635 0.9532, -2.2244 0.8275 0.7866, -2.2244 0.8418 0.8002, -2.2244 0.9689 0.6039, -2.2244 0.9856 0.6143, -2.2244 1.0707 0.3965, -2.2244 1.0891 0.4034, -2.2244 1.1286 0.1729, -2.2244 1.148 0.1759, -2.2244 1.1403 -0.0578, -2.2244 1.1599 -0.0588, -2.2244 1.1053 -0.2862, -2.2244 1.1243 -0.2911, -2.2244 1.0251 -0.5028, -2.2244 1.0427 -0.5115, -2.2244 0.9029 -0.6989, -2.2244 0.9184 -0.7109, -2.2244 0.7437 -0.8663, -2.2244 0.7565 -0.8812, -2.2244 0.5541 -0.9983, -2.2244 0.5636 -1.0155, -2.2244 0.3418 -1.0894, -2.2244 0.3477 -1.1082, -2.2244 0.1155 -1.1359, -2.2244 0.1175 -1.1555, -2.2244 -0.1155 -1.1359, -2.2244 -0.1175 -1.1555, -2.2244 -0.3418 -1.0894, -2.2244 -0.3477 -1.1082, -2.2244 -0.5541 -0.9983, -2.2244 -0.5636 -1.0155, -2.2244 -0.7437 -0.8663, -2.2244 -0.7565 -0.8812, -2.2244 -0.9029 -0.6989, -2.2244 -0.9184 -0.7109, -2.2244 -1.0251 -0.5028, -2.2244 -1.0427 -0.5115, -2.2244 -1.1053 -0.2862, -2.2244 -1.1243 -0.2911, -2.2244 -1.1403 -0.0578, -2.2244 -1.1599 -0.0588, -2.2244 -1.1286 0.1729, -2.2244 -1.148 0.1759, -2.2244 -1.0707 0.3965, -2.2244 -1.0891 0.4034, -2.2244 -0.9689 0.6039, -2.2244 -0.9856 0.6143, -2.2244 -0.8275 0.7866, -2.2244 -0.8418 0.8002, -2.2244 -0.6522 0.9371, -2.2244 -0.6635 0.9532, -2.2244 -0.4502 1.0492, -2.2244 -0.458 1.0673, -2.2244 -0.2298 1.1184, -2.2244 -0.2338 1.1376, -2.2244 -0.0 1.1417, -2.2244 0.0 1.1614, -2.2244 0.2298 1.1184, -2.2244 0.2338 1.1376, -2.2244 0.4502 1.0492, -2.2244 0.458 1.0673, -2.0276 0.2338 1.1376, -2.0276 0.458 1.0673, -2.0276 0.6635 0.9532, -2.0276 0.8418 0.8002, -2.0276 0.9856 0.6143, -2.0276 1.0891 0.4034, -2.0276 1.148 0.1759, -2.0276 1.1599 -0.0588, -2.0276 1.1243 -0.2911, -2.0276 1.0427 -0.5115, -2.0276 0.9184 -0.7109, -2.0276 0.7565 -0.8812, -2.0276 0.5636 -1.0155, -2.0276 0.3477 -1.1082, -2.0276 0.1175 -1.1555, -2.0276 -0.1175 -1.1555, -2.0276 -0.3477 -1.1082, -2.0276 -0.5636 -1.0155, -2.0276 -0.7565 -0.8812, -2.0276 -0.9184 -0.7109, -2.0276 -1.0427 -0.5115, -2.0276 -1.1243 -0.2911, -2.0276 -1.1599 -0.0588, -2.0276 -1.148 0.1759, -2.0276 -1.0891 0.4034, -2.0276 -0.9856 0.6143, -2.0276 -0.8418 0.8002, -2.0276 -0.6635 0.9532, -2.0276 -0.458 1.0673, -2.0276 -0.2338 1.1376, -2.0276 -0.0 1.1614, -2.0276 1.1286 0.1729, -2.0276 1.0707 0.3965, -2.0276 0.9689 0.6039, -2.0276 0.8275 0.7866, -2.0276 0.6522 0.9371, -2.0276 0.4502 1.0492, -2.0276 0.2298 1.1184, -2.0276 0.0 1.1417, -2.0276 -0.2298 1.1184, -2.0276 -0.4502 1.0492, -2.0276 -0.6522 0.9371, -2.0276 -0.8275 0.7866, -2.0276 -0.9689 0.6039, -2.0276 -1.0707 0.3965, -2.0276 -1.1286 0.1729, -2.0276 -1.1403 -0.0578, -2.0276 -1.1053 -0.2862, -2.0276 -1.0251 -0.5028, -2.0276 -0.9029 -0.6989, -2.0276 -0.7437 -0.8663, -2.0276 -0.5541 -0.9983, -2.0276 -0.3418 -1.0894, -2.0276 -0.1155 -1.1359, -2.0276 0.1155 -1.1359, -2.0276 0.3418 -1.0894, -2.0276 0.5541 -0.9983, -2.0276 0.7437 -0.8663, -2.0276 0.9029 -0.6989, -2.0276 1.0251 -0.5028, -2.0276 1.1053 -0.2862, -2.0276 1.1403 -0.0578, -2.0276 1.1403 -0.0578
            ]
        }
        coordIndex [
            0,1,2,-1,2,1,3,-1,2,3,4,-1,4,3,5,-1,4,5,6,-1,6,5,7,-1,6,7,8,-1,8,7,9,-1,8,9,10,-1,10,9,11,-1,10,11,12,-1,12,11,13,-1,12,13,14,-1,14,13,15,-1,14,15,16,-1,16,15,17,-1,16,17,18,-1,18,17,19,-1,18,19,20,-1,20,19,21,-1,20,21,22,-1,22,21,23,-1,22,23,24,-1,24,23,25,-1,24,25,26,-1,26,25,27,-1,26,27,28,-1,28,27,29,-1,28,29,30,-1,30,29,31,-1,30,31,32,-1,32,31,33,-1,32,33,34,-1,34,33,35,-1,34,35,36,-1,36,35,37,-1,36,37,38,-1,38,37,39,-1,38,39,40,-1,40,39,41,-1,40,41,42,-1,42,41,43,-1,42,43,44,-1,44,43,45,-1,44,45,46,-1,46,45,47,-1,46,47,48,-1,48,47,49,-1,48,49,50,-1,50,49,51,-1,50,51,52,-1,52,51,53,-1,52,53,54,-1,54,53,55,-1,54,55,56,-1,56,55,57,-1,56,57,58,-1,58,57,59,-1,58,59,60,-1,60,59,61,-1,60,61,0,-1,0,61,1,-1,57,62,59,-1,59,62,63,-1,59,63,61,-1,61,63,64,-1,61,64,1,-1,1,64,65,-1,1,65,3,-1,3,65,66,-1,3,66,5,-1,5,66,67,-1,5,67,7,-1,7,67,68,-1,7,68,9,-1,9,68,69,-1,9,69,11,-1,11,69,70,-1,11,70,13,-1,13,70,71,-1,13,71,15,-1,15,71,72,-1,15,72,17,-1,17,72,73,-1,17,73,19,-1,19,73,74,-1,19,74,21,-1,21,74,75,-1,21,75,23,-1,23,75,76,-1,23,76,25,-1,25,76,77,-1,25,77,27,-1,27,77,78,-1,27,78,29,-1,29,78,79,-1,29,79,31,-1,31,79,80,-1,31,80,33,-1,33,80,81,-1,33,81,35,-1,35,81,82,-1,35,82,37,-1,37,82,83,-1,37,83,39,-1,39,83,84,-1,39,84,41,-1,41,84,85,-1,41,85,43,-1,43,85,86,-1,43,86,45,-1,45,86,87,-1,45,87,47,-1,47,87,88,-1,47,88,49,-1,49,88,89,-1,49,89,51,-1,51,89,90,-1,51,90,53,-1,53,90,91,-1,53,91,55,-1,55,91,92,-1,55,92,57,-1,57,92,62,-1,93,68,94,-1,94,68,67,-1,94,67,95,-1,95,67,66,-1,95,66,96,-1,96,66,65,-1,96,65,97,-1,97,65,64,-1,97,64,98,-1,98,64,63,-1,98,63,99,-1,99,63,62,-1,99,62,100,-1,100,62,92,-1,100,92,101,-1,101,92,91,-1,101,91,102,-1,102,91,90,-1,102,90,103,-1,103,90,89,-1,103,89,104,-1,104,89,88,-1,104,88,105,-1,105,88,87,-1,105,87,106,-1,106,87,86,-1,106,86,107,-1,107,86,85,-1,107,85,108,-1,108,85,84,-1,108,84,109,-1,109,84,83,-1,109,83,110,-1,110,83,82,-1,110,82,111,-1,111,82,81,-1,111,81,112,-1,112,81,80,-1,112,80,113,-1,113,80,79,-1,113,79,114,-1,114,79,78,-1,114,78,115,-1,115,78,77,-1,115,77,116,-1,116,77,76,-1,116,76,117,-1,117,76,75,-1,117,75,118,-1,118,75,74,-1,118,74,119,-1,119,74,73,-1,119,73,120,-1,120,73,72,-1,120,72,121,-1,121,72,71,-1,121,71,122,-1,122,71,70,-1,122,70,123,-1,123,70,69,-1,123,69,93,-1,93,69,68,-1,
        ]
    }
}
Shape{
    appearance Appearance {
        material  Material 	{
            diffuseColor 0.8509803921568627 0.8509803921568627 0.8509803921568627
            specularColor 0.4235294117647059 0.4235294117647059 0.4235294117647059
            ambientIntensity 0.2
            transparency 0
            shininess 0.5
        }
    }
    geometry IndexedFaceSet {
        ccw TRUE
        solid FALSE
        coord DEF co Coordinate {
            point [
                -4.1164 0.0669 -3.1496, -4.103 0.0346 -3.1496, -4.2323 0.0 -3.1496, -4.0984 0.0 -3.1496, -4.103 -0.0346 -3.1496, -4.1976 0.1293 -3.1496, -4.1654 0.1159 -3.1496, -4.1376 0.0947 -3.1496, -4.2992 0.1159 -3.1496, -4.2669 0.1293 -3.1496, -4.2323 0.1339 -3.1496, -4.3616 0.0346 -3.1496, -4.3482 0.0669 -3.1496, -4.3269 0.0947 -3.1496, -4.3482 -0.0669 -3.1496, -4.3616 -0.0346 -3.1496, -4.3661 0.0 -3.1496, -4.2669 -0.1293 -3.1496, -4.2992 -0.1159 -3.1496, -4.3269 -0.0947 -3.1496, -4.1654 -0.1159 -3.1496, -4.1976 -0.1293 -3.1496, -4.2323 -0.1339 -3.1496, -4.1164 -0.0669 -3.1496, -4.1376 -0.0947 -3.1496, -4.3616 0.0346 -0.3937, -4.3482 0.0669 -0.3937, -4.3269 0.0947 -0.3937, -4.2992 0.1159 -0.3937, -4.2669 0.1293 -0.3937, -4.2323 0.1339 -0.3937, -4.1976 0.1293 -0.3937, -4.1654 0.1159 -0.3937, -4.1376 0.0947 -0.3937, -4.1164 0.0669 -0.3937, -4.103 0.0346 -0.3937, -4.0984 -0.0 -0.3937, -4.103 -0.0346 -0.3937, -4.1164 -0.0669 -0.3937, -4.1376 -0.0947 -0.3937, -4.1654 -0.1159 -0.3937, -4.1976 -0.1293 -0.3937, -4.2323 -0.1339 -0.3937, -4.2669 -0.1293 -0.3937, -4.2992 -0.1159 -0.3937, -4.3269 -0.0947 -0.3937, -4.3482 -0.0669 -0.3937, -4.3616 -0.0346 -0.3937, -4.3661 0.0 -0.3937, -4.0934 0.0 -0.343, -4.0979 -0.0346 -0.3421, -4.111 -0.0669 -0.3395, -4.1319 -0.0947 -0.3354, -4.1591 -0.1159 -0.33, -4.1907 -0.1293 -0.3237, -4.2247 -0.1339 -0.3169, -4.2587 -0.1293 -0.3101, -4.2904 -0.1159 -0.3038, -4.3176 -0.0947 -0.2984, -4.3384 -0.0669 -0.2943, -4.3515 -0.0346 -0.2917, -4.356 0.0 -0.2908, -4.3515 0.0346 -0.2917, -4.3384 0.0669 -0.2943, -4.3176 0.0947 -0.2984, -4.2904 0.1159 -0.3038, -4.2587 0.1293 -0.3101, -4.2247 0.1339 -0.3169, -4.1907 0.1293 -0.3237, -4.1591 0.1159 -0.33, -4.1319 0.0947 -0.3354, -4.111 0.0669 -0.3395, -4.0979 0.0346 -0.3421, -4.0786 0.0 -0.2943, -4.0829 -0.0346 -0.2925, -4.0952 -0.0669 -0.2874, -4.1149 -0.0947 -0.2793, -4.1405 -0.1159 -0.2687, -4.1703 -0.1293 -0.2563, -4.2023 -0.1339 -0.243, -4.2343 -0.1293 -0.2298, -4.2641 -0.1159 -0.2174, -4.2898 -0.0947 -0.2068, -4.3094 -0.0669 -0.1987, -4.3218 -0.0346 -0.1936, -4.326 0.0 -0.1918, -4.3218 0.0346 -0.1936, -4.3094 0.0669 -0.1987, -4.2898 0.0947 -0.2068, -4.2641 0.1159 -0.2174, -4.2343 0.1293 -0.2298, -4.2023 0.1339 -0.243, -4.1703 0.1293 -0.2563, -4.1405 0.1159 -0.2687, -4.1149 0.0947 -0.2793, -4.0952 0.0669 -0.2874, -4.0829 0.0346 -0.2925, -4.0546 0.0 -0.2493, -4.0584 -0.0346 -0.2468, -4.0695 -0.0669 -0.2394, -4.0872 -0.0947 -0.2276, -4.1103 -0.1159 -0.2122, -4.1371 -0.1293 -0.1942, -4.1659 -0.1339 -0.175, -4.1947 -0.1293 -0.1557, -4.2216 -0.1159 -0.1378, -4.2446 -0.0947 -0.1224, -4.2623 -0.0669 -0.1106, -4.2734 -0.0346 -0.1031, -4.2772 0.0 -0.1006, -4.2734 0.0346 -0.1031, -4.2623 0.0669 -0.1106, -4.2446 0.0947 -0.1224, -4.2216 0.1159 -0.1378, -4.1947 0.1293 -0.1557, -4.1659 0.1339 -0.175, -4.1371 0.1293 -0.1942, -4.1103 0.1159 -0.2122, -4.0872 0.0947 -0.2276, -4.0695 0.0669 -0.2394, -4.0584 0.0346 -0.2468, -4.0223 0.0 -0.21, -4.0255 -0.0346 -0.2067, -4.035 -0.0669 -0.1973, -4.05 -0.0947 -0.1822, -4.0696 -0.1159 -0.1626, -4.0925 -0.1293 -0.1398, -4.117 -0.1339 -0.1153, -4.1415 -0.1293 -0.0908, -4.1643 -0.1159 -0.068, -4.1839 -0.0947 -0.0484, -4.1989 -0.0669 -0.0333, -4.2084 -0.0346 -0.0239, -4.2116 0.0 -0.0207, -4.2084 0.0346 -0.0239, -4.1989 0.0669 -0.0333, -4.1839 0.0947 -0.0484, -4.1643 0.1159 -0.068, -4.1415 0.1293 -0.0908, -4.117 0.1339 -0.1153, -4.0925 0.1293 -0.1398, -4.0696 0.1159 -0.1626, -4.05 0.0947 -0.1822, -4.035 0.0669 -0.1973, -4.0255 0.0346 -0.2067, -3.9829 0.0 -0.1776, -3.9855 -0.0346 -0.1739, -3.9929 -0.0669 -0.1627, -4.0047 -0.0947 -0.1451, -4.0201 -0.1159 -0.122, -4.0381 -0.1293 -0.0952, -4.0573 -0.1339 -0.0664, -4.0766 -0.1293 -0.0375, -4.0945 -0.1159 -0.0107, -4.1099 -0.0947 0.0123, -4.1217 -0.0669 0.03, -4.1291 -0.0346 0.0412, -4.1317 0.0 0.0449, -4.1291 0.0346 0.0412, -4.1217 0.0669 0.03, -4.1099 0.0947 0.0123, -4.0945 0.1159 -0.0107, -4.0766 0.1293 -0.0375, -4.0573 0.1339 -0.0664, -4.0381 0.1293 -0.0952, -4.0201 0.1159 -0.122, -4.0047 0.0947 -0.1451, -3.9929 0.0669 -0.1627, -3.9855 0.0346 -0.1739, -3.938 0.0 -0.1536, -3.9398 -0.0346 -0.1494, -3.9449 -0.0669 -0.1371, -3.953 -0.0947 -0.1174, -3.9636 -0.1159 -0.0918, -3.976 -0.1293 -0.062, -3.9892 -0.1339 -0.03, -4.0025 -0.1293 0.002, -4.0149 -0.1159 0.0319, -4.0255 -0.0947 0.0575, -4.0336 -0.0669 0.0771, -4.0387 -0.0346 0.0895, -4.0405 0.0 0.0937, -4.0387 0.0346 0.0895, -4.0336 0.0669 0.0771, -4.0255 0.0947 0.0575, -4.0149 0.1159 0.0319, -4.0025 0.1293 0.002, -3.9892 0.1339 -0.03, -3.976 0.1293 -0.062, -3.9636 0.1159 -0.0918, -3.953 0.0947 -0.1174, -3.9449 0.0669 -0.1371, -3.9398 0.0346 -0.1494, -3.8893 0.0 -0.1389, -3.8902 -0.0346 -0.1344, -3.8928 -0.0669 -0.1213, -3.8969 -0.0947 -0.1004, -3.9023 -0.1159 -0.0732, -3.9086 -0.1293 -0.0415, -3.9154 -0.1339 -0.0076, -3.9221 -0.1293 0.0264, -3.9284 -0.1159 0.0581, -3.9339 -0.0947 0.0853, -3.938 -0.0669 0.1061, -3.9406 -0.0346 0.1192, -3.9415 0.0 0.1237, -3.9406 0.0346 0.1192, -3.938 0.0669 0.1061, -3.9339 0.0947 0.0853, -3.9284 0.1159 0.0581, -3.9221 0.1293 0.0264, -3.9154 0.1339 -0.0076, -3.9086 0.1293 -0.0415, -3.9023 0.1159 -0.0732, -3.8969 0.0947 -0.1004, -3.8928 0.0669 -0.1213, -3.8902 0.0346 -0.1344, -3.8386 0.0 -0.1339, -3.8386 -0.0346 -0.1293, -3.8386 -0.0669 -0.1159, -3.8386 -0.0947 -0.0947, -3.8386 -0.1159 -0.0669, -3.8386 -0.1293 -0.0346, -3.8386 -0.1339 0.0, -3.8386 -0.1293 0.0346, -3.8386 -0.1159 0.0669, -3.8386 -0.0947 0.0947, -3.8386 -0.0669 0.1159, -3.8386 -0.0346 0.1293, -3.8386 0.0 0.1339, -3.8386 0.0346 0.1293, -3.8386 0.0669 0.1159, -3.8386 0.0947 0.0947, -3.8386 0.1159 0.0669, -3.8386 0.1293 0.0346, -3.8386 0.1339 0.0, -3.8386 0.1293 -0.0346, -3.8386 0.1159 -0.0669, -3.8386 0.0947 -0.0947, -3.8386 0.0669 -0.1159, -3.8386 0.0346 -0.1293, -3.4449 0.0346 0.1293, -3.4449 0.0669 0.1159, -3.4449 0.0947 0.0947, -3.4449 0.1159 0.0669, -3.4449 0.1293 0.0346, -3.4449 0.1339 0.0, -3.4449 0.1293 -0.0346, -3.4449 0.1159 -0.0669, -3.4449 0.0947 -0.0947, -3.4449 0.0669 -0.1159, -3.4449 0.0346 -0.1293, -3.4449 0.0 -0.1339, -3.4449 -0.0346 -0.1293, -3.4449 -0.0669 -0.1159, -3.4449 -0.0947 -0.0947, -3.4449 -0.1159 -0.0669, -3.4449 -0.1293 -0.0346, -3.4449 -0.1339 -0.0, -3.4449 -0.1293 0.0346, -3.4449 -0.1159 0.0669, -3.4449 -0.0947 0.0947, -3.4449 -0.0669 0.1159, -3.4449 -0.0346 0.1293, -3.4449 0.0 0.1339, -3.4449 0.0 0.1339
            ]
        }
        coordIndex [
            0,1,2,-1,2,1,3,-1,2,3,4,-1,5,6,2,-1,2,6,7,-1,2,7,0,-1,8,9,2,-1,2,9,10,-1,2,10,5,-1,11,12,2,-1,2,12,13,-1,2,13,8,-1,14,15,2,-1,2,15,16,-1,2,16,11,-1,17,18,2,-1,2,18,19,-1,2,19,14,-1,20,21,2,-1,2,21,22,-1,2,22,17,-1,4,23,2,-1,2,23,24,-1,2,24,20,-1,16,25,11,-1,11,25,26,-1,11,26,12,-1,12,26,27,-1,12,27,13,-1,13,27,28,-1,13,28,8,-1,8,28,29,-1,8,29,9,-1,9,29,30,-1,9,30,10,-1,10,30,31,-1,10,31,5,-1,5,31,32,-1,5,32,6,-1,6,32,33,-1,6,33,7,-1,7,33,34,-1,7,34,0,-1,0,34,35,-1,0,35,1,-1,1,35,36,-1,1,36,3,-1,3,36,37,-1,3,37,4,-1,4,37,38,-1,4,38,23,-1,23,38,39,-1,23,39,24,-1,24,39,40,-1,24,40,20,-1,20,40,41,-1,20,41,21,-1,21,41,42,-1,21,42,22,-1,22,42,43,-1,22,43,17,-1,17,43,44,-1,17,44,18,-1,18,44,45,-1,18,45,19,-1,19,45,46,-1,19,46,14,-1,14,46,47,-1,14,47,15,-1,15,47,48,-1,15,48,16,-1,16,48,25,-1,36,49,37,-1,37,49,50,-1,37,50,38,-1,38,50,51,-1,38,51,39,-1,39,51,52,-1,39,52,40,-1,40,52,53,-1,40,53,41,-1,41,53,54,-1,41,54,42,-1,42,54,55,-1,42,55,43,-1,43,55,56,-1,43,56,44,-1,44,56,57,-1,44,57,45,-1,45,57,58,-1,45,58,46,-1,46,58,59,-1,46,59,47,-1,47,59,60,-1,47,60,48,-1,48,60,61,-1,48,61,25,-1,25,61,62,-1,25,62,26,-1,26,62,63,-1,26,63,27,-1,27,63,64,-1,27,64,28,-1,28,64,65,-1,28,65,29,-1,29,65,66,-1,29,66,30,-1,30,66,67,-1,30,67,31,-1,31,67,68,-1,31,68,32,-1,32,68,69,-1,32,69,33,-1,33,69,70,-1,33,70,34,-1,34,70,71,-1,34,71,35,-1,35,71,72,-1,35,72,36,-1,36,72,49,-1,49,73,50,-1,50,73,74,-1,50,74,51,-1,51,74,75,-1,51,75,52,-1,52,75,76,-1,52,76,53,-1,53,76,77,-1,53,77,54,-1,54,77,78,-1,54,78,55,-1,55,78,79,-1,55,79,56,-1,56,79,80,-1,56,80,57,-1,57,80,81,-1,57,81,58,-1,58,81,82,-1,58,82,59,-1,59,82,83,-1,59,83,60,-1,60,83,84,-1,60,84,61,-1,61,84,85,-1,61,85,62,-1,62,85,86,-1,62,86,63,-1,63,86,87,-1,63,87,64,-1,64,87,88,-1,64,88,65,-1,65,88,89,-1,65,89,66,-1,66,89,90,-1,66,90,67,-1,67,90,91,-1,67,91,68,-1,68,91,92,-1,68,92,69,-1,69,92,93,-1,69,93,70,-1,70,93,94,-1,70,94,71,-1,71,94,95,-1,71,95,72,-1,72,95,96,-1,72,96,49,-1,49,96,73,-1,73,97,74,-1,74,97,98,-1,74,98,75,-1,75,98,99,-1,75,99,76,-1,76,99,100,-1,76,100,77,-1,77,100,101,-1,77,101,78,-1,78,101,102,-1,78,102,79,-1,79,102,103,-1,79,103,80,-1,80,103,104,-1,80,104,81,-1,81,104,105,-1,81,105,82,-1,82,105,106,-1,82,106,83,-1,83,106,107,-1,83,107,84,-1,84,107,108,-1,84,108,85,-1,85,108,109,-1,85,109,86,-1,86,109,110,-1,86,110,87,-1,87,110,111,-1,87,111,88,-1,88,111,112,-1,88,112,89,-1,89,112,113,-1,89,113,90,-1,90,113,114,-1,90,114,91,-1,91,114,115,-1,91,115,92,-1,92,115,116,-1,92,116,93,-1,93,116,117,-1,93,117,94,-1,94,117,118,-1,94,118,95,-1,95,118,119,-1,95,119,96,-1,96,119,120,-1,96,120,73,-1,73,120,97,-1,97,121,98,-1,98,121,122,-1,98,122,99,-1,99,122,123,-1,99,123,100,-1,100,123,124,-1,100,124,101,-1,101,124,125,-1,101,125,102,-1,102,125,126,-1,102,126,103,-1,103,126,127,-1,103,127,104,-1,104,127,128,-1,104,128,105,-1,105,128,129,-1,105,129,106,-1,106,129,130,-1,106,130,107,-1,107,130,131,-1,107,131,108,-1,108,131,132,-1,108,132,109,-1,109,132,133,-1,109,133,110,-1,110,133,134,-1,110,134,111,-1,111,134,135,-1,111,135,112,-1,112,135,136,-1,112,136,113,-1,113,136,137,-1,113,137,114,-1,114,137,138,-1,114,138,115,-1,115,138,139,-1,115,139,116,-1,116,139,140,-1,116,140,117,-1,117,140,141,-1,117,141,118,-1,118,141,142,-1,118,142,119,-1,119,142,143,-1,119,143,120,-1,120,143,144,-1,120,144,97,-1,97,144,121,-1,121,145,122,-1,122,145,146,-1,122,146,123,-1,123,146,147,-1,123,147,124,-1,124,147,148,-1,124,148,125,-1,125,148,149,-1,125,149,126,-1,126,149,150,-1,126,150,127,-1,127,150,151,-1,127,151,128,-1,128,151,152,-1,128,152,129,-1,129,152,153,-1,129,153,130,-1,130,153,154,-1,130,154,131,-1,131,154,155,-1,131,155,132,-1,132,155,156,-1,132,156,133,-1,133,156,157,-1,133,157,134,-1,134,157,158,-1,134,158,135,-1,135,158,159,-1,135,159,136,-1,136,159,160,-1,136,160,137,-1,137,160,161,-1,137,161,138,-1,138,161,162,-1,138,162,139,-1,139,162,163,-1,139,163,140,-1,140,163,164,-1,140,164,141,-1,141,164,165,-1,141,165,142,-1,142,165,166,-1,142,166,143,-1,143,166,167,-1,143,167,144,-1,144,167,168,-1,144,168,121,-1,121,168,145,-1,145,169,146,-1,146,169,170,-1,146,170,147,-1,147,170,171,-1,147,171,148,-1,148,171,172,-1,148,172,149,-1,149,172,173,-1,149,173,150,-1,150,173,174,-1,150,174,151,-1,151,174,175,-1,151,175,152,-1,152,175,176,-1,152,176,153,-1,153,176,177,-1,153,177,154,-1,154,177,178,-1,154,178,155,-1,155,178,179,-1,155,179,156,-1,156,179,180,-1,156,180,157,-1,157,180,181,-1,157,181,158,-1,158,181,182,-1,158,182,159,-1,159,182,183,-1,159,183,160,-1,160,183,184,-1,160,184,161,-1,161,184,185,-1,161,185,162,-1,162,185,186,-1,162,186,163,-1,163,186,187,-1,163,187,164,-1,164,187,188,-1,164,188,165,-1,165,188,189,-1,165,189,166,-1,166,189,190,-1,166,190,167,-1,167,190,191,-1,167,191,168,-1,168,191,192,-1,168,192,145,-1,145,192,169,-1,169,193,170,-1,170,193,194,-1,170,194,171,-1,171,194,195,-1,171,195,172,-1,172,195,196,-1,172,196,173,-1,173,196,197,-1,173,197,174,-1,174,197,198,-1,174,198,175,-1,175,198,199,-1,175,199,176,-1,176,199,200,-1,176,200,177,-1,177,200,201,-1,177,201,178,-1,178,201,202,-1,178,202,179,-1,179,202,203,-1,179,203,180,-1,180,203,204,-1,180,204,181,-1,181,204,205,-1,181,205,182,-1,182,205,206,-1,182,206,183,-1,183,206,207,-1,183,207,184,-1,184,207,208,-1,184,208,185,-1,185,208,209,-1,185,209,186,-1,186,209,210,-1,186,210,187,-1,187,210,211,-1,187,211,188,-1,188,211,212,-1,188,212,189,-1,189,212,213,-1,189,213,190,-1,190,213,214,-1,190,214,191,-1,191,214,215,-1,191,215,192,-1,192,215,216,-1,192,216,169,-1,169,216,193,-1,193,217,194,-1,194,217,218,-1,194,218,195,-1,195,218,219,-1,195,219,196,-1,196,219,220,-1,196,220,197,-1,197,220,221,-1,197,221,198,-1,198,221,222,-1,198,222,199,-1,199,222,223,-1,199,223,200,-1,200,223,224,-1,200,224,201,-1,201,224,225,-1,201,225,202,-1,202,225,226,-1,202,226,203,-1,203,226,227,-1,203,227,204,-1,204,227,228,-1,204,228,205,-1,205,228,229,-1,205,229,206,-1,206,229,230,-1,206,230,207,-1,207,230,231,-1,207,231,208,-1,208,231,232,-1,208,232,209,-1,209,232,233,-1,209,233,210,-1,210,233,234,-1,210,234,211,-1,211,234,235,-1,211,235,212,-1,212,235,236,-1,212,236,213,-1,213,236,237,-1,213,237,214,-1,214,237,238,-1,214,238,215,-1,215,238,239,-1,215,239,216,-1,216,239,240,-1,216,240,193,-1,193,240,217,-1,229,241,230,-1,230,241,242,-1,230,242,231,-1,231,242,243,-1,231,243,232,-1,232,243,244,-1,232,244,233,-1,233,244,245,-1,233,245,234,-1,234,245,246,-1,234,246,235,-1,235,246,247,-1,235,247,236,-1,236,247,248,-1,236,248,237,-1,237,248,249,-1,237,249,238,-1,238,249,250,-1,238,250,239,-1,239,250,251,-1,239,251,240,-1,240,251,252,-1,240,252,217,-1,217,252,253,-1,217,253,218,-1,218,253,254,-1,218,254,219,-1,219,254,255,-1,219,255,220,-1,220,255,256,-1,220,256,221,-1,221,256,257,-1,221,257,222,-1,222,257,258,-1,222,258,223,-1,223,258,259,-1,223,259,224,-1,224,259,260,-1,224,260,225,-1,225,260,261,-1,225,261,226,-1,226,261,262,-1,226,262,227,-1,227,262,263,-1,227,263,228,-1,228,263,264,-1,228,264,229,-1,229,264,241,-1,
        ]
    }
}
Shape{
    appearance Appearance {
        material  Material 	{
            diffuseColor 0.0 0.9372549019607843 0.8313725490196079
            specularColor 0.0 0.4666666666666667 0.41568627450980394
            ambientIntensity 0.2
            transparency 0
            shininess 0.5
        }
    }
    geometry IndexedFaceSet {
        ccw TRUE
        solid FALSE
        coord DEF co Coordinate {
            point [
                -3.4449 0.0 0.1339, -3.4449 -0.0346 0.1293, -3.4449 -0.1401 0.9742, -3.4449 0.0669 -0.1159, -3.4449 0.0947 -0.0947, -3.4449 0.6445 -0.7438, -3.4449 0.1293 -0.0346, -3.4449 0.8953 -0.4089, -3.4449 0.1159 -0.0669, -3.4449 0.828 -0.5321, -3.4449 0.7438 -0.6445, -3.4449 0.1339 0.0, -3.4449 0.9742 -0.1401, -3.4449 0.9444 -0.2773, -3.4449 -0.0669 -0.1159, -3.4449 -0.6445 -0.7438, -3.4449 -0.0947 -0.0947, -3.4449 -0.7438 -0.6445, -3.4449 -0.1159 -0.0669, -3.4449 -0.0346 -0.1293, -3.4449 -0.4089 -0.8953, -3.4449 -0.5321 -0.828, -3.4449 0.0669 0.1159, -3.4449 0.6445 0.7438, -3.4449 0.0947 0.0947, -3.4449 0.7438 0.6445, -3.4449 0.1159 0.0669, -3.4449 0.0346 0.1293, -3.4449 0.4089 0.8953, -3.4449 0.5321 0.828, -3.4449 0.0 0.9843, -3.4449 0.1401 0.9742, -3.4449 0.2773 0.9444, -3.4449 -0.0669 0.1159, -3.4449 -0.4089 0.8953, -3.4449 -0.2773 0.9444, -3.4449 -0.1159 0.0669, -3.4449 -0.7438 0.6445, -3.4449 -0.0947 0.0947, -3.4449 -0.6445 0.7438, -3.4449 -0.5321 0.828, -3.4449 -0.1293 0.0346, -3.4449 -0.8953 0.4089, -3.4449 -0.828 0.5321, -3.4449 -0.1339 -0.0, -3.4449 -0.9742 0.1401, -3.4449 -0.9444 0.2773, -3.4449 0.0 -0.1339, -3.4449 -0.1401 -0.9742, -3.4449 -0.2773 -0.9444, -3.4449 0.1293 0.0346, -3.4449 0.9742 0.1401, -3.4449 0.9843 0.0, -3.4449 0.828 0.5321, -3.4449 0.8953 0.4089, -3.4449 0.9444 0.2773, -3.4449 -0.1293 -0.0346, -3.4449 -0.9742 -0.1401, -3.4449 -0.9843 -0.0, -3.4449 -0.828 -0.5321, -3.4449 -0.8953 -0.4089, -3.4449 -0.9444 -0.2773, -3.4449 0.0346 -0.1293, -3.4449 0.1401 -0.9742, -3.4449 0.0 -0.9843, -3.4449 0.5321 -0.828, -3.4449 0.4089 -0.8953, -3.4449 0.2773 -0.9444, -3.248 0.2371 1.1541, -3.248 0.3328 1.1333, -3.299 0.3309 1.1268, -3.248 0.4652 1.0839, -3.248 0.4906 1.0744, -3.299 0.4879 1.0683, -3.248 0.6733 0.9676, -3.248 0.7735 0.8926, -3.299 0.7691 0.8875, -3.248 1.0014 0.6243, -3.248 1.0744 0.4906, -3.299 1.0683 0.4879, -3.248 1.1668 0.1787, -3.248 1.1691 0.1681, -3.299 1.1624 0.1671, -3.248 1.1768 -0.0596, -3.248 1.1691 -0.1681, -3.299 1.1624 -0.1671, -3.248 1.0588 -0.5193, -3.248 0.9936 -0.6386, -3.299 0.988 -0.6349, -3.248 0.7691 -0.8959, -3.248 0.6386 -0.9936, -3.299 0.6349 -0.988, -3.248 0.5718 -1.0301, -3.248 0.4906 -1.0744, -3.299 0.4879 -1.0683, -3.248 0.3531 -1.1257, -3.248 0.3328 -1.1333, -3.299 0.3309 -1.1268, -3.248 0.1193 -1.1726, -3.248 -0.0 -1.1811, -3.299 -0.0 -1.1744, -3.248 -0.3531 -1.1257, -3.248 -0.4906 -1.0744, -3.299 -0.4879 -1.0683, -3.248 -0.7691 -0.8959, -3.248 -0.7735 -0.8926, -3.299 -0.7691 -0.8875, -3.248 -0.9317 -0.7212, -3.248 -0.9936 -0.6386, -3.299 -0.988 -0.6349, -3.248 -1.1413 -0.2956, -3.248 -1.1691 -0.1681, -3.299 -1.1624 -0.1671, -3.248 -1.1668 0.1787, -3.248 -1.1333 0.3328, -3.299 -1.1268 0.3309, -3.248 -1.1048 0.4092, -3.248 -1.0744 0.4906, -3.299 -1.0683 0.4879, -3.248 -1.0014 0.6243, -3.248 -0.9936 0.6386, -3.299 -0.988 0.6349, -3.248 -0.8542 0.8119, -3.248 -0.7735 0.8926, -3.299 -0.7691 0.8875, -3.248 -0.4652 1.0839, -3.248 -0.3328 1.1333, -3.299 -0.3309 1.1268, -3.4382 -0.1473 1.0247, -3.4382 -0.2916 0.9933, -3.4185 -0.1541 1.0717, -3.4185 -0.305 1.0388, -3.3872 -0.1599 1.112, -3.3872 -0.3165 1.0779, -3.3465 -0.1643 1.143, -3.3465 -0.3253 1.108, -3.299 -0.1671 1.1624, -3.4382 -0.5597 0.8709, -3.4382 -0.6779 0.7824, -3.4185 -0.5853 0.9108, -3.4185 -0.709 0.8182, -3.3872 -0.6074 0.9451, -3.3872 -0.7357 0.849, -3.3465 -0.6243 0.9714, -3.3465 -0.7562 0.8727, -3.299 -0.6349 0.988, -3.4382 -1.0352 0.0, -3.4382 -1.0247 -0.1473, -3.4185 -1.0827 0.0, -3.4185 -1.0717 -0.1541, -3.3872 -1.1234 0.0, -3.3872 -1.112 -0.1599, -3.3465 -1.1547 0.0, -3.3465 -1.143 -0.1643, -3.299 -1.1744 0.0, -3.4382 -0.9417 -0.43, -3.4382 -0.8709 -0.5597, -3.4185 -0.9848 -0.4498, -3.4185 -0.9108 -0.5853, -3.3872 -1.0219 -0.4667, -3.3872 -0.9451 -0.6074, -3.3465 -1.0504 -0.4797, -3.3465 -0.9714 -0.6243, -3.299 -1.0683 -0.4879, -3.4382 -0.5597 -0.8709, -3.4382 -0.43 -0.9417, -3.4185 -0.5853 -0.9108, -3.4185 -0.4498 -0.9848, -3.3872 -0.6074 -0.9451, -3.3872 -0.4667 -1.0219, -3.3465 -0.6243 -0.9714, -3.3465 -0.4797 -1.0504, -3.299 -0.6349 -0.988, -3.4382 -0.1473 -1.0247, -3.4382 -0.0 -1.0352, -3.4185 -0.1541 -1.0717, -3.4185 -0.0 -1.0827, -3.3872 -0.1599 -1.112, -3.3872 -0.0 -1.1234, -3.3465 -0.1643 -1.143, -3.3465 -0.0 -1.1547, -3.299 -0.1671 -1.1624, -3.4382 0.7824 -0.6779, -3.4382 0.8709 -0.5597, -3.4185 0.8182 -0.709, -3.4185 0.9108 -0.5853, -3.3872 0.849 -0.7357, -3.3872 0.9451 -0.6074, -3.3465 0.8727 -0.7562, -3.3465 0.9714 -0.6243, -3.299 0.8875 -0.7691, -3.4382 0.9933 -0.2916, -3.4382 1.0247 -0.1473, -3.4185 1.0388 -0.305, -3.4185 1.0717 -0.1541, -3.3872 1.0779 -0.3165, -3.3872 1.112 -0.1599, -3.3465 1.108 -0.3253, -3.3465 1.143 -0.1643, -3.299 1.1268 -0.3309, -3.4382 0.9933 0.2916, -3.4382 0.9417 0.43, -3.4185 1.0388 0.305, -3.4185 0.9848 0.4498, -3.3872 1.0779 0.3165, -3.3872 1.0219 0.4667, -3.3465 1.108 0.3253, -3.3465 1.0504 0.4797, -3.299 1.1268 0.3309, -3.4382 0.7824 0.6779, -3.4382 0.6779 0.7824, -3.4185 0.8182 0.709, -3.4185 0.709 0.8182, -3.3872 0.849 0.7357, -3.3872 0.7357 0.849, -3.3465 0.8727 0.7562, -3.3465 0.7562 0.8727, -3.299 0.8875 0.7691, -3.4382 0.0 1.0352, -3.4185 0.0 1.0827, -3.3872 0.0 1.1234, -3.3465 0.0 1.1547, -3.299 0.0 1.1744, -3.248 -0.0 1.1811, -3.248 -0.1681 1.1691, -3.248 -0.2371 1.1541, -3.248 -0.4906 1.0744, -3.299 -0.4879 1.0683, -3.3465 -0.4797 1.0504, -3.3872 -0.4667 1.0219, -3.4185 -0.4498 0.9848, -3.4382 -0.43 0.9417, -3.248 -0.6386 0.9936, -3.248 -0.6733 0.9676, -3.248 -0.8926 0.7735, -3.299 -0.8875 0.7691, -3.3465 -0.8727 0.7562, -3.3872 -0.849 0.7357, -3.4185 -0.8182 0.709, -3.4382 -0.7824 0.6779, -3.4382 -0.8709 0.5597, -3.4185 -0.9108 0.5853, -3.3872 -0.9451 0.6074, -3.3465 -0.9714 0.6243, -3.3465 -1.0504 0.4797, -3.3872 -1.0219 0.4667, -3.4185 -0.9848 0.4498, -3.4382 -0.9417 0.43, -3.3465 -1.108 0.3253, -3.3872 -1.0779 0.3165, -3.4185 -1.0388 0.305, -3.4382 -0.9933 0.2916, -3.248 -1.1691 0.1681, -3.299 -1.1624 0.1671, -3.3465 -1.143 0.1643, -3.3872 -1.112 0.1599, -3.4185 -1.0717 0.1541, -3.4382 -1.0247 0.1473, -3.248 -1.1811 0.0, -3.248 -1.1768 -0.0596, -3.248 -1.1333 -0.3328, -3.299 -1.1268 -0.3309, -3.3465 -1.108 -0.3253, -3.3872 -1.0779 -0.3165, -3.4185 -1.0388 -0.305, -3.4382 -0.9933 -0.2916, -3.248 -1.0744 -0.4906, -3.248 -1.0588 -0.5193, -3.248 -0.8926 -0.7735, -3.299 -0.8875 -0.7691, -3.3465 -0.8727 -0.7562, -3.3872 -0.849 -0.7357, -3.4185 -0.8182 -0.709, -3.4382 -0.7824 -0.6779, -3.4382 -0.6779 -0.7824, -3.4185 -0.709 -0.8182, -3.3872 -0.7357 -0.849, -3.3465 -0.7562 -0.8727, -3.248 -0.6386 -0.9936, -3.248 -0.5718 -1.0301, -3.248 -0.3328 -1.1333, -3.299 -0.3309 -1.1268, -3.3465 -0.3253 -1.108, -3.3872 -0.3165 -1.0779, -3.4185 -0.305 -1.0388, -3.4382 -0.2916 -0.9933, -3.248 -0.1681 -1.1691, -3.248 -0.1193 -1.1726, -3.248 0.1681 -1.1691, -3.299 0.1671 -1.1624, -3.3465 0.1643 -1.143, -3.3872 0.1599 -1.112, -3.4185 0.1541 -1.0717, -3.4382 0.1473 -1.0247, -3.4382 0.2916 -0.9933, -3.4185 0.305 -1.0388, -3.3872 0.3165 -1.0779, -3.3465 0.3253 -1.108, -3.3465 0.4797 -1.0504, -3.3872 0.4667 -1.0219, -3.4185 0.4498 -0.9848, -3.4382 0.43 -0.9417, -3.3465 0.6243 -0.9714, -3.3872 0.6074 -0.9451, -3.4185 0.5853 -0.9108, -3.4382 0.5597 -0.8709, -3.248 0.7735 -0.8926, -3.299 0.7691 -0.8875, -3.3465 0.7562 -0.8727, -3.3872 0.7357 -0.849, -3.4185 0.709 -0.8182, -3.4382 0.6779 -0.7824, -3.248 0.8926 -0.7735, -3.248 0.9317 -0.7212, -3.248 1.0744 -0.4906, -3.299 1.0683 -0.4879, -3.3465 1.0504 -0.4797, -3.3872 1.0219 -0.4667, -3.4185 0.9848 -0.4498, -3.4382 0.9417 -0.43, -3.248 1.1333 -0.3328, -3.248 1.1413 -0.2956, -3.248 1.1811 -0.0, -3.299 1.1744 -0.0, -3.3465 1.1547 -0.0, -3.3872 1.1234 -0.0, -3.4185 1.0827 -0.0, -3.4382 1.0352 -0.0, -3.4382 1.0247 0.1473, -3.4185 1.0717 0.1541, -3.3872 1.112 0.1599, -3.3465 1.143 0.1643, -3.248 1.1333 0.3328, -3.248 1.1048 0.4092, -3.248 0.9936 0.6386, -3.299 0.988 0.6349, -3.3465 0.9714 0.6243, -3.3872 0.9451 0.6074, -3.4185 0.9108 0.5853, -3.4382 0.8709 0.5597, -3.248 0.8926 0.7735, -3.248 0.8542 0.8119, -3.248 0.6386 0.9936, -3.299 0.6349 0.988, -3.3465 0.6243 0.9714, -3.3872 0.6074 0.9451, -3.4185 0.5853 0.9108, -3.4382 0.5597 0.8709, -3.4382 0.43 0.9417, -3.4185 0.4498 0.9848, -3.3872 0.4667 1.0219, -3.3465 0.4797 1.0504, -3.3465 0.3253 1.108, -3.3872 0.3165 1.0779, -3.4185 0.305 1.0388, -3.4382 0.2916 0.9933, -3.248 0.1681 1.1691, -3.299 0.1671 1.1624, -3.3465 0.1643 1.143, -3.3872 0.1599 1.112, -3.4185 0.1541 1.0717, -3.4382 0.1473 1.0247, -2.2638 -0.2378 1.1569, -2.2638 0.0 1.1811, -2.2638 -0.4658 1.0854, -2.2638 -0.6747 0.9694, -2.2638 -0.8561 0.8137, -2.2638 -1.0023 0.6248, -2.2638 -1.1076 0.4102, -2.2638 -1.1675 0.1789, -2.2638 -1.1796 -0.0598, -2.2638 -1.1434 -0.296, -2.2638 -1.0604 -0.5202, -2.2638 -0.934 -0.723, -2.2638 -0.7693 -0.8962, -2.2638 -0.5732 -1.0327, -2.2638 -0.3536 -1.1269, -2.2638 -0.1195 -1.175, -2.2638 0.1195 -1.175, -2.2638 0.3536 -1.1269, -2.2638 0.5732 -1.0327, -2.2638 0.7693 -0.8962, -2.2638 0.934 -0.723, -2.2638 1.0604 -0.5202, -2.2638 1.1434 -0.296, -2.2638 1.1796 -0.0598, -2.2638 1.1675 0.1789, -2.2638 1.1076 0.4102, -2.2638 1.0023 0.6248, -2.2638 0.8561 0.8137, -2.2638 0.6747 0.9694, -2.2638 0.4658 1.0854, -2.2638 0.2378 1.1569, -2.2244 0.2298 1.1184, -2.2244 0.4502 1.0492, -2.2244 0.6522 0.9371, -2.2244 0.8275 0.7866, -2.2244 0.9689 0.6039, -2.2244 1.0707 0.3965, -2.2244 1.1286 0.1729, -2.2244 1.1403 -0.0578, -2.2244 1.1053 -0.2862, -2.2244 1.0251 -0.5028, -2.2244 0.9029 -0.6989, -2.2244 0.7437 -0.8663, -2.2244 0.5541 -0.9983, -2.2244 0.3418 -1.0894, -2.2244 0.1155 -1.1359, -2.2244 -0.1155 -1.1359, -2.2244 -0.3418 -1.0894, -2.2244 -0.5541 -0.9983, -2.2244 -0.7437 -0.8663, -2.2244 -0.9029 -0.6989, -2.2244 -1.0251 -0.5028, -2.2244 -1.1053 -0.2862, -2.2244 -1.1403 -0.0578, -2.2244 -1.1286 0.1729, -2.2244 -1.0707 0.3965, -2.2244 -0.9689 0.6039, -2.2244 -0.8275 0.7866, -2.2244 -0.6522 0.9371, -2.2244 -0.4502 1.0492, -2.2244 -0.2298 1.1184, -2.2244 -0.0 1.1417, -2.2244 -0.0 1.1417
            ]
        }
        coordIndex [
            0,1,2,-1,3,4,5,-1,6,7,8,-1,8,7,9,-1,8,9,4,-1,4,9,10,-1,4,10,5,-1,11,12,6,-1,6,12,13,-1,6,13,7,-1,14,15,16,-1,16,15,17,-1,16,17,18,-1,19,20,14,-1,14,20,21,-1,14,21,15,-1,22,23,24,-1,24,23,25,-1,24,25,26,-1,27,28,22,-1,22,28,29,-1,22,29,23,-1,2,30,0,-1,0,30,31,-1,0,31,27,-1,27,31,32,-1,27,32,28,-1,33,34,1,-1,1,34,35,-1,1,35,2,-1,36,37,38,-1,38,37,39,-1,38,39,33,-1,33,39,40,-1,33,40,34,-1,41,42,36,-1,36,42,43,-1,36,43,37,-1,44,45,41,-1,41,45,46,-1,41,46,42,-1,47,48,19,-1,19,48,49,-1,19,49,20,-1,50,51,11,-1,11,51,52,-1,11,52,12,-1,25,53,26,-1,26,53,54,-1,26,54,50,-1,50,54,55,-1,50,55,51,-1,56,57,44,-1,44,57,58,-1,44,58,45,-1,17,59,18,-1,18,59,60,-1,18,60,56,-1,56,60,61,-1,56,61,57,-1,62,63,47,-1,47,63,64,-1,47,64,48,-1,5,65,3,-1,3,65,66,-1,3,66,62,-1,62,66,67,-1,62,67,63,-1,68,69,70,-1,71,72,73,-1,74,75,76,-1,77,78,79,-1,80,81,82,-1,83,84,85,-1,86,87,88,-1,89,90,91,-1,92,93,94,-1,95,96,97,-1,98,99,100,-1,101,102,103,-1,104,105,106,-1,107,108,109,-1,110,111,112,-1,113,114,115,-1,116,117,118,-1,119,120,121,-1,122,123,124,-1,125,126,127,-1,2,35,128,-1,128,35,129,-1,128,129,130,-1,130,129,131,-1,130,131,132,-1,132,131,133,-1,132,133,134,-1,134,133,135,-1,134,135,136,-1,136,135,127,-1,40,39,137,-1,137,39,138,-1,137,138,139,-1,139,138,140,-1,139,140,141,-1,141,140,142,-1,141,142,143,-1,143,142,144,-1,143,144,145,-1,145,144,124,-1,58,57,146,-1,146,57,147,-1,146,147,148,-1,148,147,149,-1,148,149,150,-1,150,149,151,-1,150,151,152,-1,152,151,153,-1,152,153,154,-1,154,153,112,-1,60,59,155,-1,155,59,156,-1,155,156,157,-1,157,156,158,-1,157,158,159,-1,159,158,160,-1,159,160,161,-1,161,160,162,-1,161,162,163,-1,163,162,109,-1,21,20,164,-1,164,20,165,-1,164,165,166,-1,166,165,167,-1,166,167,168,-1,168,167,169,-1,168,169,170,-1,170,169,171,-1,170,171,172,-1,172,171,103,-1,48,64,173,-1,173,64,174,-1,173,174,175,-1,175,174,176,-1,175,176,177,-1,177,176,178,-1,177,178,179,-1,179,178,180,-1,179,180,181,-1,181,180,100,-1,10,9,182,-1,182,9,183,-1,182,183,184,-1,184,183,185,-1,184,185,186,-1,186,185,187,-1,186,187,188,-1,188,187,189,-1,188,189,190,-1,190,189,88,-1,13,12,191,-1,191,12,192,-1,191,192,193,-1,193,192,194,-1,193,194,195,-1,195,194,196,-1,195,196,197,-1,197,196,198,-1,197,198,199,-1,199,198,85,-1,55,54,200,-1,200,54,201,-1,200,201,202,-1,202,201,203,-1,202,203,204,-1,204,203,205,-1,204,205,206,-1,206,205,207,-1,206,207,208,-1,208,207,79,-1,25,23,209,-1,209,23,210,-1,209,210,211,-1,211,210,212,-1,211,212,213,-1,213,212,214,-1,213,214,215,-1,215,214,216,-1,215,216,217,-1,217,216,76,-1,30,2,218,-1,218,2,128,-1,218,128,219,-1,219,128,130,-1,219,130,220,-1,220,130,132,-1,220,132,221,-1,221,132,134,-1,221,134,222,-1,222,134,136,-1,222,136,223,-1,223,136,224,-1,127,126,136,-1,136,126,225,-1,136,225,224,-1,226,125,227,-1,227,125,127,-1,227,127,228,-1,228,127,135,-1,228,135,229,-1,229,135,133,-1,229,133,230,-1,230,133,131,-1,230,131,231,-1,231,131,129,-1,231,129,34,-1,34,129,35,-1,34,40,231,-1,231,40,137,-1,231,137,230,-1,230,137,139,-1,230,139,229,-1,229,139,141,-1,229,141,228,-1,228,141,143,-1,228,143,227,-1,227,143,145,-1,227,145,226,-1,226,145,232,-1,124,123,145,-1,145,123,233,-1,145,233,232,-1,234,122,235,-1,235,122,124,-1,235,124,236,-1,236,124,144,-1,236,144,237,-1,237,144,142,-1,237,142,238,-1,238,142,140,-1,238,140,239,-1,239,140,138,-1,239,138,37,-1,37,138,39,-1,37,43,239,-1,239,43,240,-1,239,240,238,-1,238,240,241,-1,238,241,237,-1,237,241,242,-1,237,242,236,-1,236,242,243,-1,236,243,235,-1,235,243,121,-1,235,121,234,-1,234,121,120,-1,117,119,118,-1,118,119,121,-1,118,121,244,-1,244,121,243,-1,244,243,245,-1,245,243,242,-1,245,242,246,-1,246,242,241,-1,246,241,247,-1,247,241,240,-1,247,240,42,-1,42,240,43,-1,114,116,115,-1,115,116,118,-1,115,118,248,-1,248,118,244,-1,248,244,249,-1,249,244,245,-1,249,245,250,-1,250,245,246,-1,250,246,251,-1,251,246,247,-1,251,247,46,-1,46,247,42,-1,252,113,253,-1,253,113,115,-1,253,115,254,-1,254,115,248,-1,254,248,255,-1,255,248,249,-1,255,249,256,-1,256,249,250,-1,256,250,257,-1,257,250,251,-1,257,251,45,-1,45,251,46,-1,45,58,257,-1,257,58,146,-1,257,146,256,-1,256,146,148,-1,256,148,255,-1,255,148,150,-1,255,150,254,-1,254,150,152,-1,254,152,253,-1,253,152,154,-1,253,154,252,-1,252,154,258,-1,112,111,154,-1,154,111,259,-1,154,259,258,-1,260,110,261,-1,261,110,112,-1,261,112,262,-1,262,112,153,-1,262,153,263,-1,263,153,151,-1,263,151,264,-1,264,151,149,-1,264,149,265,-1,265,149,147,-1,265,147,61,-1,61,147,57,-1,61,60,265,-1,265,60,155,-1,265,155,264,-1,264,155,157,-1,264,157,263,-1,263,157,159,-1,263,159,262,-1,262,159,161,-1,262,161,261,-1,261,161,163,-1,261,163,260,-1,260,163,266,-1,109,108,163,-1,163,108,267,-1,163,267,266,-1,268,107,269,-1,269,107,109,-1,269,109,270,-1,270,109,162,-1,270,162,271,-1,271,162,160,-1,271,160,272,-1,272,160,158,-1,272,158,273,-1,273,158,156,-1,273,156,17,-1,17,156,59,-1,17,15,273,-1,273,15,274,-1,273,274,272,-1,272,274,275,-1,272,275,271,-1,271,275,276,-1,271,276,270,-1,270,276,277,-1,270,277,269,-1,269,277,106,-1,269,106,268,-1,268,106,105,-1,278,104,172,-1,172,104,106,-1,172,106,170,-1,170,106,277,-1,170,277,168,-1,168,277,276,-1,168,276,166,-1,166,276,275,-1,166,275,164,-1,164,275,274,-1,164,274,21,-1,21,274,15,-1,103,102,172,-1,172,102,279,-1,172,279,278,-1,280,101,281,-1,281,101,103,-1,281,103,282,-1,282,103,171,-1,282,171,283,-1,283,171,169,-1,283,169,284,-1,284,169,167,-1,284,167,285,-1,285,167,165,-1,285,165,49,-1,49,165,20,-1,49,48,285,-1,285,48,173,-1,285,173,284,-1,284,173,175,-1,284,175,283,-1,283,175,177,-1,283,177,282,-1,282,177,179,-1,282,179,281,-1,281,179,181,-1,281,181,280,-1,280,181,286,-1,100,99,181,-1,181,99,287,-1,181,287,286,-1,288,98,289,-1,289,98,100,-1,289,100,290,-1,290,100,180,-1,290,180,291,-1,291,180,178,-1,291,178,292,-1,292,178,176,-1,292,176,293,-1,293,176,174,-1,293,174,63,-1,63,174,64,-1,63,67,293,-1,293,67,294,-1,293,294,292,-1,292,294,295,-1,292,295,291,-1,291,295,296,-1,291,296,290,-1,290,296,297,-1,290,297,289,-1,289,297,97,-1,289,97,288,-1,288,97,96,-1,93,95,94,-1,94,95,97,-1,94,97,298,-1,298,97,297,-1,298,297,299,-1,299,297,296,-1,299,296,300,-1,300,296,295,-1,300,295,301,-1,301,295,294,-1,301,294,66,-1,66,294,67,-1,90,92,91,-1,91,92,94,-1,91,94,302,-1,302,94,298,-1,302,298,303,-1,303,298,299,-1,303,299,304,-1,304,299,300,-1,304,300,305,-1,305,300,301,-1,305,301,65,-1,65,301,66,-1,306,89,307,-1,307,89,91,-1,307,91,308,-1,308,91,302,-1,308,302,309,-1,309,302,303,-1,309,303,310,-1,310,303,304,-1,310,304,311,-1,311,304,305,-1,311,305,5,-1,5,305,65,-1,5,10,311,-1,311,10,182,-1,311,182,310,-1,310,182,184,-1,310,184,309,-1,309,184,186,-1,309,186,308,-1,308,186,188,-1,308,188,307,-1,307,188,190,-1,307,190,306,-1,306,190,312,-1,88,87,190,-1,190,87,313,-1,190,313,312,-1,314,86,315,-1,315,86,88,-1,315,88,316,-1,316,88,189,-1,316,189,317,-1,317,189,187,-1,317,187,318,-1,318,187,185,-1,318,185,319,-1,319,185,183,-1,319,183,7,-1,7,183,9,-1,7,13,319,-1,319,13,191,-1,319,191,318,-1,318,191,193,-1,318,193,317,-1,317,193,195,-1,317,195,316,-1,316,195,197,-1,316,197,315,-1,315,197,199,-1,315,199,314,-1,314,199,320,-1,85,84,199,-1,199,84,321,-1,199,321,320,-1,322,83,323,-1,323,83,85,-1,323,85,324,-1,324,85,198,-1,324,198,325,-1,325,198,196,-1,325,196,326,-1,326,196,194,-1,326,194,327,-1,327,194,192,-1,327,192,52,-1,52,192,12,-1,52,51,327,-1,327,51,328,-1,327,328,326,-1,326,328,329,-1,326,329,325,-1,325,329,330,-1,325,330,324,-1,324,330,331,-1,324,331,323,-1,323,331,82,-1,323,82,322,-1,322,82,81,-1,332,80,208,-1,208,80,82,-1,208,82,206,-1,206,82,331,-1,206,331,204,-1,204,331,330,-1,204,330,202,-1,202,330,329,-1,202,329,200,-1,200,329,328,-1,200,328,55,-1,55,328,51,-1,79,78,208,-1,208,78,333,-1,208,333,332,-1,334,77,335,-1,335,77,79,-1,335,79,336,-1,336,79,207,-1,336,207,337,-1,337,207,205,-1,337,205,338,-1,338,205,203,-1,338,203,339,-1,339,203,201,-1,339,201,53,-1,53,201,54,-1,53,25,339,-1,339,25,209,-1,339,209,338,-1,338,209,211,-1,338,211,337,-1,337,211,213,-1,337,213,336,-1,336,213,215,-1,336,215,335,-1,335,215,217,-1,335,217,334,-1,334,217,340,-1,76,75,217,-1,217,75,341,-1,217,341,340,-1,342,74,343,-1,343,74,76,-1,343,76,344,-1,344,76,216,-1,344,216,345,-1,345,216,214,-1,345,214,346,-1,346,214,212,-1,346,212,347,-1,347,212,210,-1,347,210,29,-1,29,210,23,-1,29,28,347,-1,347,28,348,-1,347,348,346,-1,346,348,349,-1,346,349,345,-1,345,349,350,-1,345,350,344,-1,344,350,351,-1,344,351,343,-1,343,351,73,-1,343,73,342,-1,342,73,72,-1,69,71,70,-1,70,71,73,-1,70,73,352,-1,352,73,351,-1,352,351,353,-1,353,351,350,-1,353,350,354,-1,354,350,349,-1,354,349,355,-1,355,349,348,-1,355,348,32,-1,32,348,28,-1,356,68,357,-1,357,68,70,-1,357,70,358,-1,358,70,352,-1,358,352,359,-1,359,352,353,-1,359,353,360,-1,360,353,354,-1,360,354,361,-1,361,354,355,-1,361,355,31,-1,31,355,32,-1,31,30,361,-1,361,30,218,-1,361,218,360,-1,360,218,219,-1,360,219,359,-1,359,219,220,-1,359,220,358,-1,358,220,221,-1,358,221,357,-1,357,221,222,-1,357,222,356,-1,356,222,223,-1,224,362,363,-1,125,364,126,-1,126,364,362,-1,126,362,225,-1,225,362,224,-1,125,226,364,-1,364,226,232,-1,364,232,365,-1,122,366,123,-1,123,366,365,-1,123,365,233,-1,233,365,232,-1,122,234,366,-1,366,234,120,-1,366,120,367,-1,120,119,367,-1,367,119,117,-1,367,117,368,-1,113,369,114,-1,114,369,368,-1,114,368,116,-1,116,368,117,-1,113,252,369,-1,369,252,258,-1,369,258,370,-1,110,371,111,-1,111,371,370,-1,111,370,259,-1,259,370,258,-1,110,260,371,-1,371,260,266,-1,371,266,372,-1,107,373,108,-1,108,373,372,-1,108,372,267,-1,267,372,266,-1,107,268,373,-1,373,268,105,-1,373,105,374,-1,105,104,374,-1,374,104,278,-1,374,278,375,-1,101,376,102,-1,102,376,375,-1,102,375,279,-1,279,375,278,-1,101,280,376,-1,376,280,286,-1,376,286,377,-1,98,378,99,-1,99,378,377,-1,99,377,287,-1,287,377,286,-1,98,288,378,-1,378,288,96,-1,378,96,379,-1,96,95,379,-1,379,95,93,-1,379,93,380,-1,89,381,90,-1,90,381,380,-1,90,380,92,-1,92,380,93,-1,89,306,381,-1,381,306,312,-1,381,312,382,-1,86,383,87,-1,87,383,382,-1,87,382,313,-1,313,382,312,-1,86,314,383,-1,383,314,320,-1,383,320,384,-1,83,385,84,-1,84,385,384,-1,84,384,321,-1,321,384,320,-1,83,322,385,-1,385,322,81,-1,385,81,386,-1,81,80,386,-1,386,80,332,-1,386,332,387,-1,77,388,78,-1,78,388,387,-1,78,387,333,-1,333,387,332,-1,77,334,388,-1,388,334,340,-1,388,340,389,-1,74,390,75,-1,75,390,389,-1,75,389,341,-1,341,389,340,-1,74,342,390,-1,390,342,72,-1,390,72,391,-1,72,71,391,-1,391,71,69,-1,391,69,392,-1,69,68,392,-1,392,68,356,-1,392,356,363,-1,363,356,223,-1,363,223,224,-1,363,393,392,-1,392,393,394,-1,392,394,391,-1,391,394,395,-1,391,395,390,-1,390,395,396,-1,390,396,389,-1,389,396,397,-1,389,397,388,-1,388,397,398,-1,388,398,387,-1,387,398,399,-1,387,399,386,-1,386,399,400,-1,386,400,385,-1,385,400,401,-1,385,401,384,-1,384,401,402,-1,384,402,383,-1,383,402,403,-1,383,403,382,-1,382,403,404,-1,382,404,381,-1,381,404,405,-1,381,405,380,-1,380,405,406,-1,380,406,379,-1,379,406,407,-1,379,407,378,-1,378,407,408,-1,378,408,377,-1,377,408,409,-1,377,409,376,-1,376,409,410,-1,376,410,375,-1,375,410,411,-1,375,411,374,-1,374,411,412,-1,374,412,373,-1,373,412,413,-1,373,413,372,-1,372,413,414,-1,372,414,371,-1,371,414,415,-1,371,415,370,-1,370,415,416,-1,370,416,369,-1,369,416,417,-1,369,417,368,-1,368,417,418,-1,368,418,367,-1,367,418,419,-1,367,419,366,-1,366,419,420,-1,366,420,365,-1,365,420,421,-1,365,421,364,-1,364,421,422,-1,364,422,362,-1,362,422,423,-1,362,423,363,-1,363,423,393,-1,
        ]
    }
}
Shape{
    appearance Appearance {
        material  Material 	{
            diffuseColor 0.20392156862745098 0.20392156862745098 0.20392156862745098
            specularColor 0.10196078431372549 0.10196078431372549 0.10196078431372549
            ambientIntensity 0.2
            transparency 0
            shininess 0.5
        }
    }
    geometry IndexedFaceSet {
        ccw TRUE
        solid FALSE
        coord DEF co Coordinate {
            point [
                -0.741 1.1286 0.1729, -0.741 1.148 0.1759, -0.741 1.0707 0.3965, -0.741 1.0891 0.4034, -0.741 0.9689 0.6039, -0.741 0.9856 0.6143, -0.741 0.8275 0.7866, -0.741 0.8418 0.8002, -0.741 0.6522 0.9371, -0.741 0.6635 0.9532, -0.741 0.4502 1.0492, -0.741 0.458 1.0673, -0.741 0.2298 1.1184, -0.741 0.2338 1.1376, -0.741 0.0 1.1417, -0.741 -0.0 1.1614, -0.741 -0.2298 1.1184, -0.741 -0.2338 1.1376, -0.741 -0.4502 1.0492, -0.741 -0.458 1.0673, -0.741 -0.6522 0.9371, -0.741 -0.6635 0.9532, -0.741 -0.8275 0.7866, -0.741 -0.8418 0.8002, -0.741 -0.9689 0.6039, -0.741 -0.9856 0.6143, -0.741 -1.0707 0.3965, -0.741 -1.0891 0.4034, -0.741 -1.1286 0.1729, -0.741 -1.148 0.1759, -0.741 -1.1403 -0.0578, -0.741 -1.1599 -0.0588, -0.741 -1.1053 -0.2862, -0.741 -1.1243 -0.2911, -0.741 -1.0251 -0.5028, -0.741 -1.0427 -0.5115, -0.741 -0.9029 -0.6989, -0.741 -0.9184 -0.7109, -0.741 -0.7437 -0.8663, -0.741 -0.7565 -0.8812, -0.741 -0.5541 -0.9983, -0.741 -0.5636 -1.0155, -0.741 -0.3418 -1.0894, -0.741 -0.3477 -1.1082, -0.741 -0.1155 -1.1359, -0.741 -0.1175 -1.1555, -0.741 0.1155 -1.1359, -0.741 0.1175 -1.1555, -0.741 0.3418 -1.0894, -0.741 0.3477 -1.1082, -0.741 0.5541 -0.9983, -0.741 0.5636 -1.0155, -0.741 0.7437 -0.8663, -0.741 0.7565 -0.8812, -0.741 0.9029 -0.6989, -0.741 0.9184 -0.7109, -0.741 1.0251 -0.5028, -0.741 1.0427 -0.5115, -0.741 1.1053 -0.2862, -0.741 1.1243 -0.2911, -0.741 1.1403 -0.0578, -0.741 1.1599 -0.0588, -0.9379 0.0 1.1614, -0.9379 0.2338 1.1376, -0.9379 0.458 1.0673, -0.9379 0.6635 0.9532, -0.9379 0.8418 0.8002, -0.9379 0.9856 0.6143, -0.9379 1.0891 0.4034, -0.9379 1.148 0.1759, -0.9379 1.1599 -0.0588, -0.9379 1.1243 -0.2911, -0.9379 1.0427 -0.5115, -0.9379 0.9184 -0.7109, -0.9379 0.7565 -0.8812, -0.9379 0.5636 -1.0155, -0.9379 0.3477 -1.1082, -0.9379 0.1175 -1.1555, -0.9379 -0.1175 -1.1555, -0.9379 -0.3477 -1.1082, -0.9379 -0.5636 -1.0155, -0.9379 -0.7565 -0.8812, -0.9379 -0.9184 -0.7109, -0.9379 -1.0427 -0.5115, -0.9379 -1.1243 -0.2911, -0.9379 -1.1599 -0.0588, -0.9379 -1.148 0.1759, -0.9379 -1.0891 0.4034, -0.9379 -0.9856 0.6143, -0.9379 -0.8418 0.8002, -0.9379 -0.6635 0.9532, -0.9379 -0.458 1.0673, -0.9379 -0.2338 1.1376, -0.9379 1.0707 0.3965, -0.9379 1.1286 0.1729, -0.9379 1.1403 -0.0578, -0.9379 1.1053 -0.2862, -0.9379 1.0251 -0.5028, -0.9379 0.9029 -0.6989, -0.9379 0.7437 -0.8663, -0.9379 0.5541 -0.9983, -0.9379 0.3418 -1.0894, -0.9379 0.1155 -1.1359, -0.9379 -0.1155 -1.1359, -0.9379 -0.3418 -1.0894, -0.9379 -0.5541 -0.9983, -0.9379 -0.7437 -0.8663, -0.9379 -0.9029 -0.6989, -0.9379 -1.0251 -0.5028, -0.9379 -1.1053 -0.2862, -0.9379 -1.1403 -0.0578, -0.9379 -1.1286 0.1729, -0.9379 -1.0707 0.3965, -0.9379 -0.9689 0.6039, -0.9379 -0.8275 0.7866, -0.9379 -0.6522 0.9371, -0.9379 -0.4502 1.0492, -0.9379 -0.2298 1.1184, -0.9379 -0.0 1.1417, -0.9379 0.2298 1.1184, -0.9379 0.4502 1.0492, -0.9379 0.6522 0.9371, -0.9379 0.8275 0.7866, -0.9379 0.9689 0.6039, -0.9379 0.9689 0.6039
            ]
        }
        coordIndex [
            0,1,2,-1,2,1,3,-1,2,3,4,-1,4,3,5,-1,4,5,6,-1,6,5,7,-1,6,7,8,-1,8,7,9,-1,8,9,10,-1,10,9,11,-1,10,11,12,-1,12,11,13,-1,12,13,14,-1,14,13,15,-1,14,15,16,-1,16,15,17,-1,16,17,18,-1,18,17,19,-1,18,19,20,-1,20,19,21,-1,20,21,22,-1,22,21,23,-1,22,23,24,-1,24,23,25,-1,24,25,26,-1,26,25,27,-1,26,27,28,-1,28,27,29,-1,28,29,30,-1,30,29,31,-1,30,31,32,-1,32,31,33,-1,32,33,34,-1,34,33,35,-1,34,35,36,-1,36,35,37,-1,36,37,38,-1,38,37,39,-1,38,39,40,-1,40,39,41,-1,40,41,42,-1,42,41,43,-1,42,43,44,-1,44,43,45,-1,44,45,46,-1,46,45,47,-1,46,47,48,-1,48,47,49,-1,48,49,50,-1,50,49,51,-1,50,51,52,-1,52,51,53,-1,52,53,54,-1,54,53,55,-1,54,55,56,-1,56,55,57,-1,56,57,58,-1,58,57,59,-1,58,59,60,-1,60,59,61,-1,60,61,0,-1,0,61,1,-1,62,13,63,-1,63,13,11,-1,63,11,64,-1,64,11,9,-1,64,9,65,-1,65,9,7,-1,65,7,66,-1,66,7,5,-1,66,5,67,-1,67,5,3,-1,67,3,68,-1,68,3,1,-1,68,1,69,-1,69,1,61,-1,69,61,70,-1,70,61,59,-1,70,59,71,-1,71,59,57,-1,71,57,72,-1,72,57,55,-1,72,55,73,-1,73,55,53,-1,73,53,74,-1,74,53,51,-1,74,51,75,-1,75,51,49,-1,75,49,76,-1,76,49,47,-1,76,47,77,-1,77,47,45,-1,77,45,78,-1,78,45,43,-1,78,43,79,-1,79,43,41,-1,79,41,80,-1,80,41,39,-1,80,39,81,-1,81,39,37,-1,81,37,82,-1,82,37,35,-1,82,35,83,-1,83,35,33,-1,83,33,84,-1,84,33,31,-1,84,31,85,-1,85,31,29,-1,85,29,86,-1,86,29,27,-1,86,27,87,-1,87,27,25,-1,87,25,88,-1,88,25,23,-1,88,23,89,-1,89,23,21,-1,89,21,90,-1,90,21,19,-1,90,19,91,-1,91,19,17,-1,91,17,92,-1,92,17,15,-1,92,15,62,-1,62,15,13,-1,93,68,94,-1,94,68,69,-1,94,69,95,-1,95,69,70,-1,95,70,96,-1,96,70,71,-1,96,71,97,-1,97,71,72,-1,97,72,98,-1,98,72,73,-1,98,73,99,-1,99,73,74,-1,99,74,100,-1,100,74,75,-1,100,75,101,-1,101,75,76,-1,101,76,102,-1,102,76,77,-1,102,77,103,-1,103,77,78,-1,103,78,104,-1,104,78,79,-1,104,79,105,-1,105,79,80,-1,105,80,106,-1,106,80,81,-1,106,81,107,-1,107,81,82,-1,107,82,108,-1,108,82,83,-1,108,83,109,-1,109,83,84,-1,109,84,110,-1,110,84,85,-1,110,85,111,-1,111,85,86,-1,111,86,112,-1,112,86,87,-1,112,87,113,-1,113,87,88,-1,113,88,114,-1,114,88,89,-1,114,89,115,-1,115,89,90,-1,115,90,116,-1,116,90,91,-1,116,91,117,-1,117,91,92,-1,117,92,118,-1,118,92,62,-1,118,62,119,-1,119,62,63,-1,119,63,120,-1,120,63,64,-1,120,64,121,-1,121,64,65,-1,121,65,122,-1,122,65,66,-1,122,66,123,-1,123,66,67,-1,123,67,93,-1,93,67,68,-1,
        ]
    }
}
Shape{
    appearance Appearance {
        material  Material 	{
            diffuseColor 0.0 0.9372549019607843 0.8313725490196079
            specularColor 0.0 0.4666666666666667 0.41568627450980394
            ambientIntensity 0.2
            transparency 0
            shininess 0.5
        }
    }
    geometry IndexedFaceSet {
        ccw TRUE
        solid FALSE
        coord DEF co Coordinate {
            point [
                0.1362 0.0988 -1.1374, 0.1109 0.0961 -1.1377, 0.0515 0.0964 -1.1377, 0.1031 0.0952 -1.1378, 0.0937 0.0922 -1.138, 0.0899 0.091 -1.1381, 0.0899 0.0647 -1.1399, 0.0515 -0.1002 -1.1373, 0.1046 0.071 -1.1395, 0.0899 -0.0685 -1.1397, 0.1118 0.0742 -1.1393, 0.1182 0.0751 -1.1393, 0.133 0.0772 -1.1391, 0.136 0.0773 -1.1391, 0.1543 0.0747 -1.1393, 0.1594 0.074 -1.1393, 0.1652 0.0716 -1.1395, 0.1731 0.0682 -1.1397, 0.1756 0.0664 -1.1398, 0.1855 0.0592 -1.1402, 0.1856 0.059 -1.1402, 0.1946 0.0488 -1.1407, 0.1957 0.0475 -1.1407, 0.2013 0.0374 -1.1411, 0.2075 -0.0253 -1.1414, 0.207 -0.0295 -1.1414, 0.2038 -0.0377 -1.1411, 0.2099 -0.004 -1.1417, 0.2088 0.0077 -1.1417, 0.2079 0.0179 -1.1416, 0.2058 0.025 -1.1414, 0.2003 -0.0469 -1.1408, 0.1988 -0.049 -1.1407, 0.1923 -0.0585 -1.1402, 0.1832 -0.067 -1.1398, 0.1816 -0.0685 -1.1397, 0.1742 -0.0727 -1.1394, 0.169 -0.0757 -1.1392, 0.1644 -0.077 -1.1391, 0.1551 -0.0796 -1.139, 0.1534 -0.0798 -1.1389, 0.1404 -0.081 -1.1389, 0.119 -0.0786 -1.139, 0.1139 -0.078 -1.1391, 0.1038 -0.0742 -1.1393, 0.2031 0.0341 -1.1412, 0.0932 -0.0702 -1.1396, -0.741 0.1155 -1.1359, -0.3662 0.0964 -1.1377, -0.4103 -0.0164 -1.1416, -0.741 -0.1155 -1.1359, -0.443 -0.1002 -1.1373, -0.4142 -0.1002 -1.1373, -0.3943 -0.0451 -1.1408, -0.313 -0.0451 -1.1408, -0.2942 -0.1002 -1.1373, -0.2654 -0.1002 -1.1373, 0.3276 0.0964 -1.1377, 0.2346 -0.0231 -1.1414, 0.2363 -0.0056 -1.1417, 0.2335 0.0196 -1.1415, 0.2328 0.0256 -1.1414, 0.2284 0.0369 -1.1411, 0.2237 0.0491 -1.1407, 0.2214 0.0523 -1.1405, 0.2111 0.0667 -1.1398, 0.2104 0.0677 -1.1397, 0.2025 0.0745 -1.1393, 0.1924 0.0831 -1.1387, 0.1882 0.0852 -1.1385, 0.1727 0.0928 -1.138, 0.1722 0.0931 -1.1379, 0.1567 0.0965 -1.1376, 0.1506 0.0979 -1.1375, 0.354 0.0964 -1.1377, 0.2274 -0.0518 -1.1406, 0.2306 -0.0419 -1.1409, 0.2337 -0.0322 -1.1413, -0.0925 0.0964 -1.1377, -0.0493 0.0964 -1.1377, -0.0925 -0.1002 -1.1373, -0.0493 0.0749 -1.1393, -0.0445 -0.0115 -1.1417, -0.0445 0.0101 -1.1417, 0.0251 0.0101 -1.1417, 0.0251 0.0749 -1.1393, 0.3276 -0.0786 -1.139, 0.2531 -0.0786 -1.139, 0.1897 -0.0924 -1.138, 0.1933 -0.0899 -1.1382, 0.2052 -0.0818 -1.1388, 0.2056 -0.0814 -1.1388, 0.2161 -0.07 -1.1396, 0.218 -0.068 -1.1397, 0.2245 -0.0568 -1.1403, 0.2531 -0.1002 -1.1373, 0.171 -0.0994 -1.1374, 0.1804 -0.0959 -1.1377, -0.3398 0.0964 -1.1377, -0.1794 0.0927 -1.138, -0.1909 0.0883 -1.1383, -0.202 0.0841 -1.1386, -0.2062 0.0812 -1.1388, -0.221 0.071 -1.1395, -0.2317 0.0593 -1.1402, -0.2345 0.0562 -1.1403, -0.2403 0.0458 -1.1408, -0.2496 0.0172 -1.1416, -0.251 0.0006 -1.1417, -0.3081 0.0127 -1.1417, -0.244 0.0392 -1.1411, -0.2461 0.0317 -1.1413, -0.2493 0.0202 -1.1416, -0.2483 -0.0227 -1.1414, -0.2476 -0.0284 -1.1414, -0.2437 -0.0388 -1.141, -0.2399 -0.0488 -1.1407, -0.2372 -0.0528 -1.1405, -0.2285 -0.0656 -1.1398, -0.2279 -0.0662 -1.1398, -0.2153 -0.0778 -1.1391, -0.2134 -0.0796 -1.139, -0.2006 -0.0873 -1.1384, -0.1959 -0.0901 -1.1382, -0.184 -0.094 -1.1379, -0.174 -0.0973 -1.1376, 0.1397 -0.1025 -1.1371, -0.1461 -0.1002 -1.1373, -0.167 -0.098 -1.1375, 0.354 -0.1002 -1.1373, 0.1441 -0.1026 -1.1371, 0.1656 -0.1001 -1.1373, 0.1067 -0.0967 -1.1376, 0.1121 -0.0989 -1.1374, 0.0899 -0.09 -1.1382, 0.0251 -0.0115 -1.1417, 0.0251 -0.0786 -1.139, -0.0541 -0.0786 -1.139, -0.0541 -0.1002 -1.1373, 0.1233 -0.1004 -1.1373, 0.9272 0.1155 -1.1359, 0.9272 -0.1155 -1.1359, -0.1481 0.0964 -1.1377, -0.1728 0.0935 -1.1379, 0.9272 -0.3418 -1.0894, -0.741 -0.3418 -1.0894, 0.9272 -0.5541 -0.9983, -0.741 -0.5541 -0.9983, 0.9272 -0.7437 -0.8663, -0.741 -0.7437 -0.8663, 0.9272 -0.9029 -0.6989, -0.741 -0.9029 -0.6989, 0.9272 -1.0251 -0.5028, -0.741 -1.0251 -0.5028, 0.9272 -1.1053 -0.2862, -0.741 -1.1053 -0.2862, 0.9272 -1.1403 -0.0578, -0.741 -1.1403 -0.0578, 0.9272 -1.1286 0.1729, -0.741 -1.1286 0.1729, 0.9272 -1.0707 0.3965, -0.741 -1.0707 0.3965, 0.9272 -0.9689 0.6039, -0.741 -0.9689 0.6039, 0.9272 -0.8275 0.7866, -0.741 -0.8275 0.7866, 0.9272 -0.6522 0.9371, -0.741 -0.6522 0.9371, 0.9272 -0.4502 1.0492, -0.741 -0.4502 1.0492, 0.9272 -0.2298 1.1184, -0.741 -0.2298 1.1184, 0.9272 -0.0 1.1417, -0.741 0.0 1.1417, 0.9272 0.2298 1.1184, -0.741 0.2298 1.1184, 0.9272 0.4502 1.0492, -0.741 0.4502 1.0492, 0.9272 0.6522 0.9371, -0.741 0.6522 0.9371, 0.9272 0.8275 0.7866, -0.741 0.8275 0.7866, 0.9272 0.9689 0.6039, -0.741 0.9689 0.6039, 0.9272 1.0707 0.3965, -0.741 1.0707 0.3965, 0.9272 1.1286 0.1729, -0.741 1.1286 0.1729, 0.9272 1.1403 -0.0578, -0.741 1.1403 -0.0578, 0.9272 1.1053 -0.2862, -0.741 1.1053 -0.2862, 0.9272 1.0251 -0.5028, -0.741 1.0251 -0.5028, 0.9272 0.9029 -0.6989, -0.741 0.9029 -0.6989, 0.9272 0.7437 -0.8663, -0.741 0.7437 -0.8663, 0.9272 0.5541 -0.9983, -0.741 0.5541 -0.9983, 0.9272 0.3418 -1.0894, -0.741 0.3418 -1.0894, -0.741 0.3418 -1.0894
            ]
        }
        coordIndex [
            0,1,2,-1,2,1,3,-1,2,3,4,-1,4,5,2,-1,2,5,6,-1,2,6,7,-1,6,8,9,-1,9,8,10,-1,9,10,11,-1,11,12,9,-1,9,12,13,-1,9,13,14,-1,14,15,9,-1,9,15,16,-1,9,16,17,-1,17,18,9,-1,9,18,19,-1,9,19,20,-1,20,21,9,-1,9,21,22,-1,9,22,23,-1,24,25,26,-1,27,24,28,-1,28,24,26,-1,28,26,29,-1,29,26,30,-1,30,26,31,-1,30,31,32,-1,32,33,30,-1,30,33,34,-1,30,34,35,-1,35,36,30,-1,30,36,37,-1,30,37,38,-1,38,39,30,-1,30,39,40,-1,30,40,41,-1,41,42,30,-1,30,42,43,-1,30,43,44,-1,23,45,9,-1,9,45,30,-1,9,30,46,-1,46,30,44,-1,47,48,49,-1,47,49,50,-1,50,49,51,-1,50,51,52,-1,53,54,52,-1,52,54,55,-1,52,55,50,-1,50,55,56,-1,57,58,59,-1,59,60,57,-1,57,60,61,-1,57,61,62,-1,62,63,57,-1,57,63,64,-1,57,64,65,-1,65,66,57,-1,57,66,67,-1,57,67,68,-1,68,69,57,-1,57,69,70,-1,57,70,71,-1,71,72,57,-1,57,72,73,-1,57,73,74,-1,75,76,57,-1,57,76,77,-1,57,77,58,-1,78,79,80,-1,80,79,81,-1,82,80,83,-1,83,80,81,-1,83,81,84,-1,84,81,85,-1,57,86,87,-1,88,89,87,-1,87,89,90,-1,87,90,91,-1,91,92,87,-1,87,92,93,-1,87,93,57,-1,57,93,94,-1,57,94,75,-1,95,96,87,-1,87,96,97,-1,87,97,88,-1,98,99,100,-1,100,101,98,-1,98,101,102,-1,98,102,103,-1,103,104,98,-1,98,104,105,-1,98,105,106,-1,107,108,109,-1,106,110,98,-1,98,110,111,-1,98,111,109,-1,109,111,112,-1,109,112,107,-1,108,113,109,-1,109,113,114,-1,109,114,56,-1,56,114,115,-1,56,115,116,-1,116,117,56,-1,56,117,118,-1,56,118,119,-1,119,120,56,-1,56,120,121,-1,56,121,122,-1,122,123,56,-1,56,123,124,-1,56,124,125,-1,80,126,127,-1,127,126,56,-1,127,56,128,-1,128,56,125,-1,129,130,95,-1,95,130,131,-1,95,131,96,-1,132,133,7,-1,6,9,7,-1,7,9,134,-1,7,134,132,-1,135,136,82,-1,82,136,137,-1,82,137,80,-1,80,137,138,-1,80,138,126,-1,126,138,7,-1,126,7,139,-1,139,7,133,-1,73,0,74,-1,74,0,140,-1,74,140,129,-1,129,140,141,-1,129,141,130,-1,2,79,0,-1,0,79,78,-1,0,78,140,-1,140,78,142,-1,140,142,98,-1,98,142,143,-1,98,143,99,-1,126,130,56,-1,56,130,141,-1,56,141,50,-1,50,141,144,-1,50,144,145,-1,145,144,146,-1,145,146,147,-1,147,146,148,-1,147,148,149,-1,149,148,150,-1,149,150,151,-1,151,150,152,-1,151,152,153,-1,153,152,154,-1,153,154,155,-1,155,154,156,-1,155,156,157,-1,157,156,158,-1,157,158,159,-1,159,158,160,-1,159,160,161,-1,161,160,162,-1,161,162,163,-1,163,162,164,-1,163,164,165,-1,165,164,166,-1,165,166,167,-1,167,166,168,-1,167,168,169,-1,169,168,170,-1,169,170,171,-1,171,170,172,-1,171,172,173,-1,173,172,174,-1,173,174,175,-1,175,174,176,-1,175,176,177,-1,177,176,178,-1,177,178,179,-1,179,178,180,-1,179,180,181,-1,181,180,182,-1,181,182,183,-1,183,182,184,-1,183,184,185,-1,185,184,186,-1,185,186,187,-1,187,186,188,-1,187,188,189,-1,189,188,190,-1,189,190,191,-1,191,190,192,-1,191,192,193,-1,193,192,194,-1,193,194,195,-1,195,194,196,-1,195,196,197,-1,197,196,198,-1,197,198,199,-1,199,198,200,-1,199,200,201,-1,201,200,140,-1,201,140,47,-1,47,140,98,-1,47,98,48,-1,
        ]
    }
}
Shape{
    appearance Appearance {
        material  Material 	{
            diffuseColor 0.09019607843137255 0.592156862745098 0.0
            specularColor 0.043137254901960784 0.29411764705882354 0.0
            ambientIntensity 0.2
            transparency 0
            shininess 0.5
        }
    }
    geometry IndexedFaceSet {
        ccw TRUE
        solid FALSE
        coord DEF co Coordinate {
            point [
                1.124 1.1286 0.1729, 1.124 1.148 0.1759, 1.124 1.0707 0.3965, 1.124 1.0891 0.4034, 1.124 0.9689 0.6039, 1.124 0.9856 0.6143, 1.124 0.8275 0.7866, 1.124 0.8418 0.8002, 1.124 0.6522 0.9371, 1.124 0.6635 0.9532, 1.124 0.4502 1.0492, 1.124 0.458 1.0673, 1.124 0.2298 1.1184, 1.124 0.2338 1.1376, 1.124 0.0 1.1417, 1.124 -0.0 1.1614, 1.124 -0.2298 1.1184, 1.124 -0.2338 1.1376, 1.124 -0.4502 1.0492, 1.124 -0.458 1.0673, 1.124 -0.6522 0.9371, 1.124 -0.6635 0.9532, 1.124 -0.8275 0.7866, 1.124 -0.8418 0.8002, 1.124 -0.9689 0.6039, 1.124 -0.9856 0.6143, 1.124 -1.0707 0.3965, 1.124 -1.0891 0.4034, 1.124 -1.1286 0.1729, 1.124 -1.148 0.1759, 1.124 -1.1403 -0.0578, 1.124 -1.1599 -0.0588, 1.124 -1.1053 -0.2862, 1.124 -1.1243 -0.2911, 1.124 -1.0251 -0.5028, 1.124 -1.0427 -0.5115, 1.124 -0.9029 -0.6989, 1.124 -0.9184 -0.7109, 1.124 -0.7437 -0.8663, 1.124 -0.7565 -0.8812, 1.124 -0.5541 -0.9983, 1.124 -0.5636 -1.0155, 1.124 -0.3418 -1.0894, 1.124 -0.3477 -1.1082, 1.124 -0.1155 -1.1359, 1.124 -0.1175 -1.1555, 1.124 0.1155 -1.1359, 1.124 0.1175 -1.1555, 1.124 0.3418 -1.0894, 1.124 0.3477 -1.1082, 1.124 0.5541 -0.9983, 1.124 0.5636 -1.0155, 1.124 0.7437 -0.8663, 1.124 0.7565 -0.8812, 1.124 0.9029 -0.6989, 1.124 0.9184 -0.7109, 1.124 1.0251 -0.5028, 1.124 1.0427 -0.5115, 1.124 1.1053 -0.2862, 1.124 1.1243 -0.2911, 1.124 1.1403 -0.0578, 1.124 1.1599 -0.0588, 0.9272 0.0 1.1614, 0.9272 0.2338 1.1376, 0.9272 0.458 1.0673, 0.9272 0.6635 0.9532, 0.9272 0.8418 0.8002, 0.9272 0.9856 0.6143, 0.9272 1.0891 0.4034, 0.9272 1.148 0.1759, 0.9272 1.1599 -0.0588, 0.9272 1.1243 -0.2911, 0.9272 1.0427 -0.5115, 0.9272 0.9184 -0.7109, 0.9272 0.7565 -0.8812, 0.9272 0.5636 -1.0155, 0.9272 0.3477 -1.1082, 0.9272 0.1175 -1.1555, 0.9272 -0.1175 -1.1555, 0.9272 -0.3477 -1.1082, 0.9272 -0.5636 -1.0155, 0.9272 -0.7565 -0.8812, 0.9272 -0.9184 -0.7109, 0.9272 -1.0427 -0.5115, 0.9272 -1.1243 -0.2911, 0.9272 -1.1599 -0.0588, 0.9272 -1.148 0.1759, 0.9272 -1.0891 0.4034, 0.9272 -0.9856 0.6143, 0.9272 -0.8418 0.8002, 0.9272 -0.6635 0.9532, 0.9272 -0.458 1.0673, 0.9272 -0.2338 1.1376, 0.9272 1.0707 0.3965, 0.9272 1.1286 0.1729, 0.9272 1.1403 -0.0578, 0.9272 1.1053 -0.2862, 0.9272 1.0251 -0.5028, 0.9272 0.9029 -0.6989, 0.9272 0.7437 -0.8663, 0.9272 0.5541 -0.9983, 0.9272 0.3418 -1.0894, 0.9272 0.1155 -1.1359, 0.9272 -0.1155 -1.1359, 0.9272 -0.3418 -1.0894, 0.9272 -0.5541 -0.9983, 0.9272 -0.7437 -0.8663, 0.9272 -0.9029 -0.6989, 0.9272 -1.0251 -0.5028, 0.9272 -1.1053 -0.2862, 0.9272 -1.1403 -0.0578, 0.9272 -1.1286 0.1729, 0.9272 -1.0707 0.3965, 0.9272 -0.9689 0.6039, 0.9272 -0.8275 0.7866, 0.9272 -0.6522 0.9371, 0.9272 -0.4502 1.0492, 0.9272 -0.2298 1.1184, 0.9272 -0.0 1.1417, 0.9272 0.2298 1.1184, 0.9272 0.4502 1.0492, 0.9272 0.6522 0.9371, 0.9272 0.8275 0.7866, 0.9272 0.9689 0.6039, 0.9272 0.9689 0.6039
            ]
        }
        coordIndex [
            0,1,2,-1,2,1,3,-1,2,3,4,-1,4,3,5,-1,4,5,6,-1,6,5,7,-1,6,7,8,-1,8,7,9,-1,8,9,10,-1,10,9,11,-1,10,11,12,-1,12,11,13,-1,12,13,14,-1,14,13,15,-1,14,15,16,-1,16,15,17,-1,16,17,18,-1,18,17,19,-1,18,19,20,-1,20,19,21,-1,20,21,22,-1,22,21,23,-1,22,23,24,-1,24,23,25,-1,24,25,26,-1,26,25,27,-1,26,27,28,-1,28,27,29,-1,28,29,30,-1,30,29,31,-1,30,31,32,-1,32,31,33,-1,32,33,34,-1,34,33,35,-1,34,35,36,-1,36,35,37,-1,36,37,38,-1,38,37,39,-1,38,39,40,-1,40,39,41,-1,40,41,42,-1,42,41,43,-1,42,43,44,-1,44,43,45,-1,44,45,46,-1,46,45,47,-1,46,47,48,-1,48,47,49,-1,48,49,50,-1,50,49,51,-1,50,51,52,-1,52,51,53,-1,52,53,54,-1,54,53,55,-1,54,55,56,-1,56,55,57,-1,56,57,58,-1,58,57,59,-1,58,59,60,-1,60,59,61,-1,60,61,0,-1,0,61,1,-1,62,13,63,-1,63,13,11,-1,63,11,64,-1,64,11,9,-1,64,9,65,-1,65,9,7,-1,65,7,66,-1,66,7,5,-1,66,5,67,-1,67,5,3,-1,67,3,68,-1,68,3,1,-1,68,1,69,-1,69,1,61,-1,69,61,70,-1,70,61,59,-1,70,59,71,-1,71,59,57,-1,71,57,72,-1,72,57,55,-1,72,55,73,-1,73,55,53,-1,73,53,74,-1,74,53,51,-1,74,51,75,-1,75,51,49,-1,75,49,76,-1,76,49,47,-1,76,47,77,-1,77,47,45,-1,77,45,78,-1,78,45,43,-1,78,43,79,-1,79,43,41,-1,79,41,80,-1,80,41,39,-1,80,39,81,-1,81,39,37,-1,81,37,82,-1,82,37,35,-1,82,35,83,-1,83,35,33,-1,83,33,84,-1,84,33,31,-1,84,31,85,-1,85,31,29,-1,85,29,86,-1,86,29,27,-1,86,27,87,-1,87,27,25,-1,87,25,88,-1,88,25,23,-1,88,23,89,-1,89,23,21,-1,89,21,90,-1,90,21,19,-1,90,19,91,-1,91,19,17,-1,91,17,92,-1,92,17,15,-1,92,15,62,-1,62,15,13,-1,93,68,94,-1,94,68,69,-1,94,69,95,-1,95,69,70,-1,95,70,96,-1,96,70,71,-1,96,71,97,-1,97,71,72,-1,97,72,98,-1,98,72,73,-1,98,73,99,-1,99,73,74,-1,99,74,100,-1,100,74,75,-1,100,75,101,-1,101,75,76,-1,101,76,102,-1,102,76,77,-1,102,77,103,-1,103,77,78,-1,103,78,104,-1,104,78,79,-1,104,79,105,-1,105,79,80,-1,105,80,106,-1,106,80,81,-1,106,81,107,-1,107,81,82,-1,107,82,108,-1,108,82,83,-1,108,83,109,-1,109,83,84,-1,109,84,110,-1,110,84,85,-1,110,85,111,-1,111,85,86,-1,111,86,112,-1,112,86,87,-1,112,87,113,-1,113,87,88,-1,113,88,114,-1,114,88,89,-1,114,89,115,-1,115,89,90,-1,115,90,116,-1,116,90,91,-1,116,91,117,-1,117,91,92,-1,117,92,118,-1,118,92,62,-1,118,62,119,-1,119,62,63,-1,119,63,120,-1,120,63,64,-1,120,64,121,-1,121,64,65,-1,121,65,122,-1,122,65,66,-1,122,66,123,-1,123,66,67,-1,123,67,93,-1,93,67,68,-1,
        ]
    }
}
Shape{
    appearance Appearance {
        material  Material 	{
            diffuseColor 0.0 0.9372549019607843 0.8313725490196079
            specularColor 0.0 0.4666666666666667 0.41568627450980394
            ambientIntensity 0.2
            transparency 0
            shininess 0.5
        }
    }
    geometry IndexedFaceSet {
        ccw TRUE
        solid FALSE
        coord DEF co Coordinate {
            point [
                1.124 0.0 1.1417, 2.0276 0.2298 1.1184, 1.124 0.2298 1.1184, 2.0276 0.4502 1.0492, 1.124 0.4502 1.0492, 2.0276 0.6522 0.9371, 1.124 0.6522 0.9371, 2.0276 0.8275 0.7866, 1.124 0.8275 0.7866, 2.0276 0.9689 0.6039, 1.124 0.9689 0.6039, 2.0276 1.0707 0.3965, 1.124 1.0707 0.3965, 2.0276 1.1286 0.1729, 1.124 1.1286 0.1729, 2.0276 1.1403 -0.0578, 1.124 1.1403 -0.0578, 2.0276 1.1053 -0.2862, 1.124 1.1053 -0.2862, 2.0276 1.0251 -0.5028, 1.124 1.0251 -0.5028, 2.0276 0.9029 -0.6989, 1.124 0.9029 -0.6989, 2.0276 0.7437 -0.8663, 1.124 0.7437 -0.8663, 2.0276 0.5541 -0.9983, 1.124 0.5541 -0.9983, 2.0276 0.3418 -1.0894, 1.124 0.3418 -1.0894, 2.0276 0.1155 -1.1359, 1.124 0.1155 -1.1359, 2.0276 -0.1155 -1.1359, 1.124 -0.1155 -1.1359, 2.0276 -0.3418 -1.0894, 1.124 -0.3418 -1.0894, 2.0276 -0.5541 -0.9983, 1.124 -0.5541 -0.9983, 2.0276 -0.7437 -0.8663, 1.124 -0.7437 -0.8663, 2.0276 -0.9029 -0.6989, 1.124 -0.9029 -0.6989, 2.0276 -1.0251 -0.5028, 1.124 -1.0251 -0.5028, 2.0276 -1.1053 -0.2862, 1.124 -1.1053 -0.2862, 2.0276 -1.1403 -0.0578, 1.124 -1.1403 -0.0578, 2.0276 -1.1286 0.1729, 1.124 -1.1286 0.1729, 2.0276 -1.0707 0.3965, 1.124 -1.0707 0.3965, 2.0276 -0.9689 0.6039, 1.124 -0.9689 0.6039, 2.0276 -0.8275 0.7866, 1.124 -0.8275 0.7866, 2.0276 -0.6522 0.9371, 1.124 -0.6522 0.9371, 2.0276 -0.4502 1.0492, 1.124 -0.4502 1.0492, 2.0276 -0.2298 1.1184, 1.124 -0.2298 1.1184, 2.0276 -0.0 1.1417, 2.0276 -0.0 1.1417
            ]
        }
        coordIndex [
            0,1,2,-1,2,1,3,-1,2,3,4,-1,4,3,5,-1,4,5,6,-1,6,5,7,-1,6,7,8,-1,8,7,9,-1,8,9,10,-1,10,9,11,-1,10,11,12,-1,12,11,13,-1,12,13,14,-1,14,13,15,-1,14,15,16,-1,16,15,17,-1,16,17,18,-1,18,17,19,-1,18,19,20,-1,20,19,21,-1,20,21,22,-1,22,21,23,-1,22,23,24,-1,24,23,25,-1,24,25,26,-1,26,25,27,-1,26,27,28,-1,28,27,29,-1,28,29,30,-1,30,29,31,-1,30,31,32,-1,32,31,33,-1,32,33,34,-1,34,33,35,-1,34,35,36,-1,36,35,37,-1,36,37,38,-1,38,37,39,-1,38,39,40,-1,40,39,41,-1,40,41,42,-1,42,41,43,-1,42,43,44,-1,44,43,45,-1,44,45,46,-1,46,45,47,-1,46,47,48,-1,48,47,49,-1,48,49,50,-1,50,49,51,-1,50,51,52,-1,52,51,53,-1,52,53,54,-1,54,53,55,-1,54,55,56,-1,56,55,57,-1,56,57,58,-1,58,57,59,-1,58,59,60,-1,60,59,61,-1,60,61,0,-1,0,61,1,-1,
        ]
    }
}
Shape{
    appearance Appearance {
        material  Material 	{
            diffuseColor 0.8745098039215686 0.11372549019607843 0.0
            specularColor 0.4392156862745098 0.058823529411764705 0.0
            ambientIntensity 0.2
            transparency 0
            shininess 0.5
        }
    }
    geometry IndexedFaceSet {
        ccw TRUE
        solid FALSE
        coord DEF co Coordinate {
            point [
                2.0276 1.0707 0.3965, 2.0276 1.0891 0.4034, 2.0276 1.1286 0.1729, 2.0276 1.148 0.1759, 2.0276 1.1403 -0.0578, 2.0276 1.1599 -0.0588, 2.0276 1.1053 -0.2862, 2.0276 1.1243 -0.2911, 2.0276 1.0251 -0.5028, 2.0276 1.0427 -0.5115, 2.0276 0.9029 -0.6989, 2.0276 0.9184 -0.7109, 2.0276 0.7437 -0.8663, 2.0276 0.7565 -0.8812, 2.0276 0.5541 -0.9983, 2.0276 0.5636 -1.0155, 2.0276 0.3418 -1.0894, 2.0276 0.3477 -1.1082, 2.0276 0.1155 -1.1359, 2.0276 0.1175 -1.1555, 2.0276 -0.1155 -1.1359, 2.0276 -0.1175 -1.1555, 2.0276 -0.3418 -1.0894, 2.0276 -0.3477 -1.1082, 2.0276 -0.5541 -0.9983, 2.0276 -0.5636 -1.0155, 2.0276 -0.7437 -0.8663, 2.0276 -0.7565 -0.8812, 2.0276 -0.9029 -0.6989, 2.0276 -0.9184 -0.7109, 2.0276 -1.0251 -0.5028, 2.0276 -1.0427 -0.5115, 2.0276 -1.1053 -0.2862, 2.0276 -1.1243 -0.2911, 2.0276 -1.1403 -0.0578, 2.0276 -1.1599 -0.0588, 2.0276 -1.1286 0.1729, 2.0276 -1.148 0.1759, 2.0276 -1.0707 0.3965, 2.0276 -1.0891 0.4034, 2.0276 -0.9689 0.6039, 2.0276 -0.9856 0.6143, 2.0276 -0.8275 0.7866, 2.0276 -0.8418 0.8002, 2.0276 -0.6522 0.9371, 2.0276 -0.6635 0.9532, 2.0276 -0.4502 1.0492, 2.0276 -0.458 1.0673, 2.0276 -0.2298 1.1184, 2.0276 -0.2338 1.1376, 2.0276 -0.0 1.1417, 2.0276 0.0 1.1614, 2.0276 0.2298 1.1184, 2.0276 0.2338 1.1376, 2.0276 0.4502 1.0492, 2.0276 0.458 1.0673, 2.0276 0.6522 0.9371, 2.0276 0.6635 0.9532, 2.0276 0.8275 0.7866, 2.0276 0.8418 0.8002, 2.0276 0.9689 0.6039, 2.0276 0.9856 0.6143, 2.2244 0.2338 1.1376, 2.2244 0.458 1.0673, 2.2244 0.6635 0.9532, 2.2244 0.8418 0.8002, 2.2244 0.9856 0.6143, 2.2244 1.0891 0.4034, 2.2244 1.148 0.1759, 2.2244 1.1599 -0.0588, 2.2244 1.1243 -0.2911, 2.2244 1.0427 -0.5115, 2.2244 0.9184 -0.7109, 2.2244 0.7565 -0.8812, 2.2244 0.5636 -1.0155, 2.2244 0.3477 -1.1082, 2.2244 0.1175 -1.1555, 2.2244 -0.1175 -1.1555, 2.2244 -0.3477 -1.1082, 2.2244 -0.5636 -1.0155, 2.2244 -0.7565 -0.8812, 2.2244 -0.9184 -0.7109, 2.2244 -1.0427 -0.5115, 2.2244 -1.1243 -0.2911, 2.2244 -1.1599 -0.0588, 2.2244 -1.148 0.1759, 2.2244 -1.0891 0.4034, 2.2244 -0.9856 0.6143, 2.2244 -0.8418 0.8002, 2.2244 -0.6635 0.9532, 2.2244 -0.458 1.0673, 2.2244 -0.2338 1.1376, 2.2244 -0.0 1.1614, 2.2244 -0.1155 1.1359, 2.2244 0.0 1.1417, 2.2244 0.1155 1.1359, 2.2244 0.3418 1.0894, 2.2244 0.5541 0.9983, 2.2244 0.7437 0.8663, 2.2244 0.9029 0.6989, 2.2244 1.0251 0.5028, 2.2244 1.1053 0.2862, 2.2244 1.1403 0.0578, 2.2244 1.1286 -0.1729, 2.2244 1.0707 -0.3965, 2.2244 0.9689 -0.6039, 2.2244 0.8275 -0.7866, 2.2244 0.6522 -0.9371, 2.2244 0.4502 -1.0492, 2.2244 0.2298 -1.1184, 2.2244 0.0 -1.1417, 2.2244 -0.2298 -1.1184, 2.2244 -0.4502 -1.0492, 2.2244 -0.6522 -0.9371, 2.2244 -0.8275 -0.7866, 2.2244 -0.9689 -0.6039, 2.2244 -1.0707 -0.3965, 2.2244 -1.1286 -0.1729, 2.2244 -1.1403 0.0578, 2.2244 -1.1053 0.2862, 2.2244 -1.0251 0.5028, 2.2244 -0.9029 0.6989, 2.2244 -0.7437 0.8663, 2.2244 -0.5541 0.9983, 2.2244 -0.3418 1.0894, 2.2244 -0.3418 1.0894
            ]
        }
        coordIndex [
            0,1,2,-1,2,1,3,-1,2,3,4,-1,4,3,5,-1,4,5,6,-1,6,5,7,-1,6,7,8,-1,8,7,9,-1,8,9,10,-1,10,9,11,-1,10,11,12,-1,12,11,13,-1,12,13,14,-1,14,13,15,-1,14,15,16,-1,16,15,17,-1,16,17,18,-1,18,17,19,-1,18,19,20,-1,20,19,21,-1,20,21,22,-1,22,21,23,-1,22,23,24,-1,24,23,25,-1,24,25,26,-1,26,25,27,-1,26,27,28,-1,28,27,29,-1,28,29,30,-1,30,29,31,-1,30,31,32,-1,32,31,33,-1,32,33,34,-1,34,33,35,-1,34,35,36,-1,36,35,37,-1,36,37,38,-1,38,37,39,-1,38,39,40,-1,40,39,41,-1,40,41,42,-1,42,41,43,-1,42,43,44,-1,44,43,45,-1,44,45,46,-1,46,45,47,-1,46,47,48,-1,48,47,49,-1,48,49,50,-1,50,49,51,-1,50,51,52,-1,52,51,53,-1,52,53,54,-1,54,53,55,-1,54,55,56,-1,56,55,57,-1,56,57,58,-1,58,57,59,-1,58,59,60,-1,60,59,61,-1,60,61,0,-1,0,61,1,-1,51,62,53,-1,53,62,63,-1,53,63,55,-1,55,63,64,-1,55,64,57,-1,57,64,65,-1,57,65,59,-1,59,65,66,-1,59,66,61,-1,61,66,67,-1,61,67,1,-1,1,67,68,-1,1,68,3,-1,3,68,69,-1,3,69,5,-1,5,69,70,-1,5,70,7,-1,7,70,71,-1,7,71,9,-1,9,71,72,-1,9,72,11,-1,11,72,73,-1,11,73,13,-1,13,73,74,-1,13,74,15,-1,15,74,75,-1,15,75,17,-1,17,75,76,-1,17,76,19,-1,19,76,77,-1,19,77,21,-1,21,77,78,-1,21,78,23,-1,23,78,79,-1,23,79,25,-1,25,79,80,-1,25,80,27,-1,27,80,81,-1,27,81,29,-1,29,81,82,-1,29,82,31,-1,31,82,83,-1,31,83,33,-1,33,83,84,-1,33,84,35,-1,35,84,85,-1,35,85,37,-1,37,85,86,-1,37,86,39,-1,39,86,87,-1,39,87,41,-1,41,87,88,-1,41,88,43,-1,43,88,89,-1,43,89,45,-1,45,89,90,-1,45,90,47,-1,47,90,91,-1,47,91,49,-1,49,91,92,-1,49,92,51,-1,51,92,62,-1,93,94,92,-1,92,94,95,-1,92,95,62,-1,62,95,96,-1,62,96,63,-1,63,96,97,-1,63,97,64,-1,64,97,98,-1,64,98,65,-1,65,98,99,-1,65,99,66,-1,66,99,100,-1,66,100,67,-1,67,100,101,-1,67,101,68,-1,68,101,102,-1,68,102,69,-1,69,102,103,-1,69,103,70,-1,70,103,104,-1,70,104,71,-1,71,104,105,-1,71,105,72,-1,72,105,106,-1,72,106,73,-1,73,106,107,-1,73,107,74,-1,74,107,108,-1,74,108,75,-1,75,108,109,-1,75,109,76,-1,76,109,110,-1,76,110,77,-1,77,110,111,-1,77,111,78,-1,78,111,112,-1,78,112,79,-1,79,112,113,-1,79,113,80,-1,80,113,114,-1,80,114,81,-1,81,114,115,-1,81,115,82,-1,82,115,116,-1,82,116,83,-1,83,116,117,-1,83,117,84,-1,84,117,118,-1,84,118,85,-1,85,118,119,-1,85,119,86,-1,86,119,120,-1,86,120,87,-1,87,120,121,-1,87,121,88,-1,88,121,122,-1,88,122,89,-1,89,122,123,-1,89,123,90,-1,90,123,124,-1,90,124,91,-1,91,124,93,-1,91,93,92,-1,
        ]
    }
}
Shape{
    appearance Appearance {
        material  Material 	{
            diffuseColor 0.8509803921568627 0.8509803921568627 0.8509803921568627
            specularColor 0.4235294117647059 0.4235294117647059 0.4235294117647059
            ambientIntensity 0.2
            transparency 0
            shininess 0.5
        }
    }
    geometry IndexedFaceSet {
        ccw TRUE
        solid FALSE
        coord DEF co Coordinate {
            point [
                4.1164 -0.0669 -3.1496, 4.103 -0.0346 -3.1496, 4.2323 0.0 -3.1496, 4.0984 0.0 -3.1496, 4.103 0.0346 -3.1496, 4.1976 -0.1293 -3.1496, 4.1654 -0.1159 -3.1496, 4.1376 -0.0947 -3.1496, 4.2992 -0.1159 -3.1496, 4.2669 -0.1293 -3.1496, 4.2323 -0.1339 -3.1496, 4.3616 -0.0346 -3.1496, 4.3482 -0.0669 -3.1496, 4.3269 -0.0947 -3.1496, 4.3482 0.0669 -3.1496, 4.3616 0.0346 -3.1496, 4.3661 0.0 -3.1496, 4.2669 0.1293 -3.1496, 4.2992 0.1159 -3.1496, 4.3269 0.0947 -3.1496, 4.1654 0.1159 -3.1496, 4.1976 0.1293 -3.1496, 4.2323 0.1339 -3.1496, 4.1164 0.0669 -3.1496, 4.1376 0.0947 -3.1496, 4.3661 0.0 -0.3937, 4.3616 0.0346 -0.3937, 4.3482 0.0669 -0.3937, 4.3269 0.0947 -0.3937, 4.2992 0.1159 -0.3937, 4.2669 0.1293 -0.3937, 4.2323 0.1339 -0.3937, 4.1976 0.1293 -0.3937, 4.1654 0.1159 -0.3937, 4.1376 0.0947 -0.3937, 4.1164 0.0669 -0.3937, 4.103 0.0346 -0.3937, 4.0984 0.0 -0.3937, 4.103 -0.0346 -0.3937, 4.1164 -0.0669 -0.3937, 4.1376 -0.0947 -0.3937, 4.1654 -0.1159 -0.3937, 4.1976 -0.1293 -0.3937, 4.2323 -0.1339 -0.3937, 4.2669 -0.1293 -0.3937, 4.2992 -0.1159 -0.3937, 4.3269 -0.0947 -0.3937, 4.3482 -0.0669 -0.3937, 4.3616 -0.0346 -0.3937, 3.8386 -0.0 -0.1339, 3.8893 0.0 -0.1389, 3.8386 -0.0346 -0.1293, 3.8902 -0.0346 -0.1344, 3.8386 -0.0669 -0.1159, 3.8928 -0.0669 -0.1213, 3.8386 -0.0947 -0.0947, 3.8969 -0.0947 -0.1004, 3.8386 -0.1159 -0.0669, 3.9023 -0.1159 -0.0732, 3.8386 -0.1293 -0.0346, 3.9086 -0.1293 -0.0415, 3.8386 -0.1339 0.0, 3.9154 -0.1339 -0.0076, 3.8386 -0.1293 0.0346, 3.9221 -0.1293 0.0264, 3.8386 -0.1159 0.0669, 3.9284 -0.1159 0.0581, 3.8386 -0.0947 0.0947, 3.9339 -0.0947 0.0853, 3.8386 -0.0669 0.1159, 3.938 -0.0669 0.1061, 3.8386 -0.0346 0.1293, 3.9406 -0.0346 0.1192, 3.8386 0.0 0.1339, 3.9415 0.0 0.1237, 3.8386 0.0346 0.1293, 3.9406 0.0346 0.1192, 3.8386 0.0669 0.1159, 3.938 0.0669 0.1061, 3.8386 0.0947 0.0947, 3.9339 0.0947 0.0853, 3.8386 0.1159 0.0669, 3.9284 0.1159 0.0581, 3.8386 0.1293 0.0346, 3.9221 0.1293 0.0264, 3.8386 0.1339 0.0, 3.9154 0.1339 -0.0076, 3.8386 0.1293 -0.0346, 3.9086 0.1293 -0.0415, 3.8386 0.1159 -0.0669, 3.9023 0.1159 -0.0732, 3.8386 0.0947 -0.0947, 3.8969 0.0947 -0.1004, 3.8386 0.0669 -0.1159, 3.8928 0.0669 -0.1213, 3.8386 0.0346 -0.1293, 3.8902 0.0346 -0.1344, 3.938 0.0 -0.1536, 3.9398 -0.0346 -0.1494, 3.9449 -0.0669 -0.1371, 3.953 -0.0947 -0.1174, 3.9636 -0.1159 -0.0918, 3.976 -0.1293 -0.062, 3.9892 -0.1339 -0.03, 4.0025 -0.1293 0.002, 4.0149 -0.1159 0.0319, 4.0255 -0.0947 0.0575, 4.0336 -0.0669 0.0771, 4.0387 -0.0346 0.0895, 4.0405 0.0 0.0937, 4.0387 0.0346 0.0895, 4.0336 0.0669 0.0771, 4.0255 0.0947 0.0575, 4.0149 0.1159 0.0319, 4.0025 0.1293 0.002, 3.9892 0.1339 -0.03, 3.976 0.1293 -0.062, 3.9636 0.1159 -0.0918, 3.953 0.0947 -0.1174, 3.9449 0.0669 -0.1371, 3.9398 0.0346 -0.1494, 3.9829 0.0 -0.1776, 3.9855 -0.0346 -0.1739, 3.9929 -0.0669 -0.1627, 4.0047 -0.0947 -0.1451, 4.0201 -0.1159 -0.122, 4.0381 -0.1293 -0.0952, 4.0573 -0.1339 -0.0664, 4.0766 -0.1293 -0.0375, 4.0945 -0.1159 -0.0107, 4.1099 -0.0947 0.0123, 4.1217 -0.0669 0.03, 4.1291 -0.0346 0.0412, 4.1317 0.0 0.0449, 4.1291 0.0346 0.0412, 4.1217 0.0669 0.03, 4.1099 0.0947 0.0123, 4.0945 0.1159 -0.0107, 4.0766 0.1293 -0.0375, 4.0573 0.1339 -0.0664, 4.0381 0.1293 -0.0952, 4.0201 0.1159 -0.122, 4.0047 0.0947 -0.1451, 3.9929 0.0669 -0.1627, 3.9855 0.0346 -0.1739, 4.0223 0.0 -0.21, 4.0255 -0.0346 -0.2067, 4.035 -0.0669 -0.1973, 4.05 -0.0947 -0.1822, 4.0696 -0.1159 -0.1626, 4.0925 -0.1293 -0.1398, 4.117 -0.1339 -0.1153, 4.1415 -0.1293 -0.0908, 4.1643 -0.1159 -0.068, 4.1839 -0.0947 -0.0484, 4.1989 -0.0669 -0.0333, 4.2084 -0.0346 -0.0239, 4.2116 0.0 -0.0207, 4.2084 0.0346 -0.0239, 4.1989 0.0669 -0.0333, 4.1839 0.0947 -0.0484, 4.1643 0.1159 -0.068, 4.1415 0.1293 -0.0908, 4.117 0.1339 -0.1153, 4.0925 0.1293 -0.1398, 4.0696 0.1159 -0.1626, 4.05 0.0947 -0.1822, 4.035 0.0669 -0.1973, 4.0255 0.0346 -0.2067, 4.0546 0.0 -0.2493, 4.0584 -0.0346 -0.2468, 4.0695 -0.0669 -0.2394, 4.0872 -0.0947 -0.2276, 4.1103 -0.1159 -0.2122, 4.1371 -0.1293 -0.1942, 4.1659 -0.1339 -0.175, 4.1947 -0.1293 -0.1557, 4.2216 -0.1159 -0.1378, 4.2446 -0.0947 -0.1224, 4.2623 -0.0669 -0.1106, 4.2734 -0.0346 -0.1031, 4.2772 0.0 -0.1006, 4.2734 0.0346 -0.1031, 4.2623 0.0669 -0.1106, 4.2446 0.0947 -0.1224, 4.2216 0.1159 -0.1378, 4.1947 0.1293 -0.1557, 4.1659 0.1339 -0.175, 4.1371 0.1293 -0.1942, 4.1103 0.1159 -0.2122, 4.0872 0.0947 -0.2276, 4.0695 0.0669 -0.2394, 4.0584 0.0346 -0.2468, 4.0786 0.0 -0.2943, 4.0829 -0.0346 -0.2925, 4.0952 -0.0669 -0.2874, 4.1149 -0.0947 -0.2793, 4.1405 -0.1159 -0.2687, 4.1703 -0.1293 -0.2563, 4.2023 -0.1339 -0.243, 4.2343 -0.1293 -0.2298, 4.2641 -0.1159 -0.2174, 4.2898 -0.0947 -0.2068, 4.3094 -0.0669 -0.1987, 4.3218 -0.0346 -0.1936, 4.326 0.0 -0.1918, 4.3218 0.0346 -0.1936, 4.3094 0.0669 -0.1987, 4.2898 0.0947 -0.2068, 4.2641 0.1159 -0.2174, 4.2343 0.1293 -0.2298, 4.2023 0.1339 -0.243, 4.1703 0.1293 -0.2563, 4.1405 0.1159 -0.2687, 4.1149 0.0947 -0.2793, 4.0952 0.0669 -0.2874, 4.0829 0.0346 -0.2925, 4.0934 0.0 -0.343, 4.0979 -0.0346 -0.3421, 4.111 -0.0669 -0.3395, 4.1319 -0.0947 -0.3354, 4.1591 -0.1159 -0.33, 4.1907 -0.1293 -0.3237, 4.2247 -0.1339 -0.3169, 4.2587 -0.1293 -0.3101, 4.2904 -0.1159 -0.3038, 4.3176 -0.0947 -0.2984, 4.3384 -0.0669 -0.2943, 4.3515 -0.0346 -0.2917, 4.356 0.0 -0.2908, 4.3515 0.0346 -0.2917, 4.3384 0.0669 -0.2943, 4.3176 0.0947 -0.2984, 4.2904 0.1159 -0.3038, 4.2587 0.1293 -0.3101, 4.2247 0.1339 -0.3169, 4.1907 0.1293 -0.3237, 4.1591 0.1159 -0.33, 4.1319 0.0947 -0.3354, 4.111 0.0669 -0.3395, 4.0979 0.0346 -0.3421, 3.4449 0.0 0.1339, 3.4449 0.0346 0.1293, 3.4449 0.0669 0.1159, 3.4449 0.0947 0.0947, 3.4449 0.1159 0.0669, 3.4449 0.1293 0.0346, 3.4449 0.1339 0.0, 3.4449 0.1293 -0.0346, 3.4449 0.1159 -0.0669, 3.4449 0.0947 -0.0947, 3.4449 0.0669 -0.1159, 3.4449 0.0346 -0.1293, 3.4449 0.0 -0.1339, 3.4449 -0.0346 -0.1293, 3.4449 -0.0669 -0.1159, 3.4449 -0.0947 -0.0947, 3.4449 -0.1159 -0.0669, 3.4449 -0.1293 -0.0346, 3.4449 -0.1339 -0.0, 3.4449 -0.1293 0.0346, 3.4449 -0.1159 0.0669, 3.4449 -0.0947 0.0947, 3.4449 -0.0669 0.1159, 3.4449 -0.0346 0.1293, 3.4449 -0.0346 0.1293
            ]
        }
        coordIndex [
            0,1,2,-1,2,1,3,-1,2,3,4,-1,5,6,2,-1,2,6,7,-1,2,7,0,-1,8,9,2,-1,2,9,10,-1,2,10,5,-1,11,12,2,-1,2,12,13,-1,2,13,8,-1,14,15,2,-1,2,15,16,-1,2,16,11,-1,17,18,2,-1,2,18,19,-1,2,19,14,-1,20,21,2,-1,2,21,22,-1,2,22,17,-1,4,23,2,-1,2,23,24,-1,2,24,20,-1,25,15,26,-1,26,15,14,-1,26,14,27,-1,27,14,19,-1,27,19,28,-1,28,19,18,-1,28,18,29,-1,29,18,17,-1,29,17,30,-1,30,17,22,-1,30,22,31,-1,31,22,21,-1,31,21,32,-1,32,21,20,-1,32,20,33,-1,33,20,24,-1,33,24,34,-1,34,24,23,-1,34,23,35,-1,35,23,4,-1,35,4,36,-1,36,4,3,-1,36,3,37,-1,37,3,1,-1,37,1,38,-1,38,1,0,-1,38,0,39,-1,39,0,7,-1,39,7,40,-1,40,7,6,-1,40,6,41,-1,41,6,5,-1,41,5,42,-1,42,5,10,-1,42,10,43,-1,43,10,9,-1,43,9,44,-1,44,9,8,-1,44,8,45,-1,45,8,13,-1,45,13,46,-1,46,13,12,-1,46,12,47,-1,47,12,11,-1,47,11,48,-1,48,11,16,-1,48,16,25,-1,25,16,15,-1,49,50,51,-1,51,50,52,-1,51,52,53,-1,53,52,54,-1,53,54,55,-1,55,54,56,-1,55,56,57,-1,57,56,58,-1,57,58,59,-1,59,58,60,-1,59,60,61,-1,61,60,62,-1,61,62,63,-1,63,62,64,-1,63,64,65,-1,65,64,66,-1,65,66,67,-1,67,66,68,-1,67,68,69,-1,69,68,70,-1,69,70,71,-1,71,70,72,-1,71,72,73,-1,73,72,74,-1,73,74,75,-1,75,74,76,-1,75,76,77,-1,77,76,78,-1,77,78,79,-1,79,78,80,-1,79,80,81,-1,81,80,82,-1,81,82,83,-1,83,82,84,-1,83,84,85,-1,85,84,86,-1,85,86,87,-1,87,86,88,-1,87,88,89,-1,89,88,90,-1,89,90,91,-1,91,90,92,-1,91,92,93,-1,93,92,94,-1,93,94,95,-1,95,94,96,-1,95,96,49,-1,49,96,50,-1,50,97,52,-1,52,97,98,-1,52,98,54,-1,54,98,99,-1,54,99,56,-1,56,99,100,-1,56,100,58,-1,58,100,101,-1,58,101,60,-1,60,101,102,-1,60,102,62,-1,62,102,103,-1,62,103,64,-1,64,103,104,-1,64,104,66,-1,66,104,105,-1,66,105,68,-1,68,105,106,-1,68,106,70,-1,70,106,107,-1,70,107,72,-1,72,107,108,-1,72,108,74,-1,74,108,109,-1,74,109,76,-1,76,109,110,-1,76,110,78,-1,78,110,111,-1,78,111,80,-1,80,111,112,-1,80,112,82,-1,82,112,113,-1,82,113,84,-1,84,113,114,-1,84,114,86,-1,86,114,115,-1,86,115,88,-1,88,115,116,-1,88,116,90,-1,90,116,117,-1,90,117,92,-1,92,117,118,-1,92,118,94,-1,94,118,119,-1,94,119,96,-1,96,119,120,-1,96,120,50,-1,50,120,97,-1,97,121,98,-1,98,121,122,-1,98,122,99,-1,99,122,123,-1,99,123,100,-1,100,123,124,-1,100,124,101,-1,101,124,125,-1,101,125,102,-1,102,125,126,-1,102,126,103,-1,103,126,127,-1,103,127,104,-1,104,127,128,-1,104,128,105,-1,105,128,129,-1,105,129,106,-1,106,129,130,-1,106,130,107,-1,107,130,131,-1,107,131,108,-1,108,131,132,-1,108,132,109,-1,109,132,133,-1,109,133,110,-1,110,133,134,-1,110,134,111,-1,111,134,135,-1,111,135,112,-1,112,135,136,-1,112,136,113,-1,113,136,137,-1,113,137,114,-1,114,137,138,-1,114,138,115,-1,115,138,139,-1,115,139,116,-1,116,139,140,-1,116,140,117,-1,117,140,141,-1,117,141,118,-1,118,141,142,-1,118,142,119,-1,119,142,143,-1,119,143,120,-1,120,143,144,-1,120,144,97,-1,97,144,121,-1,121,145,122,-1,122,145,146,-1,122,146,123,-1,123,146,147,-1,123,147,124,-1,124,147,148,-1,124,148,125,-1,125,148,149,-1,125,149,126,-1,126,149,150,-1,126,150,127,-1,127,150,151,-1,127,151,128,-1,128,151,152,-1,128,152,129,-1,129,152,153,-1,129,153,130,-1,130,153,154,-1,130,154,131,-1,131,154,155,-1,131,155,132,-1,132,155,156,-1,132,156,133,-1,133,156,157,-1,133,157,134,-1,134,157,158,-1,134,158,135,-1,135,158,159,-1,135,159,136,-1,136,159,160,-1,136,160,137,-1,137,160,161,-1,137,161,138,-1,138,161,162,-1,138,162,139,-1,139,162,163,-1,139,163,140,-1,140,163,164,-1,140,164,141,-1,141,164,165,-1,141,165,142,-1,142,165,166,-1,142,166,143,-1,143,166,167,-1,143,167,144,-1,144,167,168,-1,144,168,121,-1,121,168,145,-1,145,169,146,-1,146,169,170,-1,146,170,147,-1,147,170,171,-1,147,171,148,-1,148,171,172,-1,148,172,149,-1,149,172,173,-1,149,173,150,-1,150,173,174,-1,150,174,151,-1,151,174,175,-1,151,175,152,-1,152,175,176,-1,152,176,153,-1,153,176,177,-1,153,177,154,-1,154,177,178,-1,154,178,155,-1,155,178,179,-1,155,179,156,-1,156,179,180,-1,156,180,157,-1,157,180,181,-1,157,181,158,-1,158,181,182,-1,158,182,159,-1,159,182,183,-1,159,183,160,-1,160,183,184,-1,160,184,161,-1,161,184,185,-1,161,185,162,-1,162,185,186,-1,162,186,163,-1,163,186,187,-1,163,187,164,-1,164,187,188,-1,164,188,165,-1,165,188,189,-1,165,189,166,-1,166,189,190,-1,166,190,167,-1,167,190,191,-1,167,191,168,-1,168,191,192,-1,168,192,145,-1,145,192,169,-1,169,193,170,-1,170,193,194,-1,170,194,171,-1,171,194,195,-1,171,195,172,-1,172,195,196,-1,172,196,173,-1,173,196,197,-1,173,197,174,-1,174,197,198,-1,174,198,175,-1,175,198,199,-1,175,199,176,-1,176,199,200,-1,176,200,177,-1,177,200,201,-1,177,201,178,-1,178,201,202,-1,178,202,179,-1,179,202,203,-1,179,203,180,-1,180,203,204,-1,180,204,181,-1,181,204,205,-1,181,205,182,-1,182,205,206,-1,182,206,183,-1,183,206,207,-1,183,207,184,-1,184,207,208,-1,184,208,185,-1,185,208,209,-1,185,209,186,-1,186,209,210,-1,186,210,187,-1,187,210,211,-1,187,211,188,-1,188,211,212,-1,188,212,189,-1,189,212,213,-1,189,213,190,-1,190,213,214,-1,190,214,191,-1,191,214,215,-1,191,215,192,-1,192,215,216,-1,192,216,169,-1,169,216,193,-1,193,217,194,-1,194,217,218,-1,194,218,195,-1,195,218,219,-1,195,219,196,-1,196,219,220,-1,196,220,197,-1,197,220,221,-1,197,221,198,-1,198,221,222,-1,198,222,199,-1,199,222,223,-1,199,223,200,-1,200,223,224,-1,200,224,201,-1,201,224,225,-1,201,225,202,-1,202,225,226,-1,202,226,203,-1,203,226,227,-1,203,227,204,-1,204,227,228,-1,204,228,205,-1,205,228,229,-1,205,229,206,-1,206,229,230,-1,206,230,207,-1,207,230,231,-1,207,231,208,-1,208,231,232,-1,208,232,209,-1,209,232,233,-1,209,233,210,-1,210,233,234,-1,210,234,211,-1,211,234,235,-1,211,235,212,-1,212,235,236,-1,212,236,213,-1,213,236,237,-1,213,237,214,-1,214,237,238,-1,214,238,215,-1,215,238,239,-1,215,239,216,-1,216,239,240,-1,216,240,193,-1,193,240,217,-1,217,37,218,-1,218,37,38,-1,218,38,219,-1,219,38,39,-1,219,39,220,-1,220,39,40,-1,220,40,221,-1,221,40,41,-1,221,41,222,-1,222,41,42,-1,222,42,223,-1,223,42,43,-1,223,43,224,-1,224,43,44,-1,224,44,225,-1,225,44,45,-1,225,45,226,-1,226,45,46,-1,226,46,227,-1,227,46,47,-1,227,47,228,-1,228,47,48,-1,228,48,229,-1,229,48,25,-1,229,25,230,-1,230,25,26,-1,230,26,231,-1,231,26,27,-1,231,27,232,-1,232,27,28,-1,232,28,233,-1,233,28,29,-1,233,29,234,-1,234,29,30,-1,234,30,235,-1,235,30,31,-1,235,31,236,-1,236,31,32,-1,236,32,237,-1,237,32,33,-1,237,33,238,-1,238,33,34,-1,238,34,239,-1,239,34,35,-1,239,35,240,-1,240,35,36,-1,240,36,217,-1,217,36,37,-1,241,75,242,-1,242,75,77,-1,242,77,243,-1,243,77,79,-1,243,79,244,-1,244,79,81,-1,244,81,245,-1,245,81,83,-1,245,83,246,-1,246,83,85,-1,246,85,247,-1,247,85,87,-1,247,87,248,-1,248,87,89,-1,248,89,249,-1,249,89,91,-1,249,91,250,-1,250,91,93,-1,250,93,251,-1,251,93,95,-1,251,95,252,-1,252,95,49,-1,252,49,253,-1,253,49,51,-1,253,51,254,-1,254,51,53,-1,254,53,255,-1,255,53,55,-1,255,55,256,-1,256,55,57,-1,256,57,257,-1,257,57,59,-1,257,59,258,-1,258,59,61,-1,258,61,259,-1,259,61,63,-1,259,63,260,-1,260,63,65,-1,260,65,261,-1,261,65,67,-1,261,67,262,-1,262,67,69,-1,262,69,263,-1,263,69,71,-1,263,71,264,-1,264,71,73,-1,264,73,241,-1,241,73,75,-1,
        ]
    }
}
Shape{
    appearance Appearance {
        material  Material 	{
            diffuseColor 0.0 0.9372549019607843 0.8313725490196079
            specularColor 0.0 0.4666666666666667 0.41568627450980394
            ambientIntensity 0.2
            transparency 0
            shininess 0.5
        }
    }
    geometry IndexedFaceSet {
        ccw TRUE
        solid FALSE
        coord DEF co Coordinate {
            point [
                3.4449 -0.0346 0.1293, 3.4449 -0.4089 0.8953, 3.4449 -0.0669 0.1159, 3.4449 -0.5321 0.828, 3.4449 -0.0947 0.0947, 3.4449 0.0 -0.1339, 3.4449 -0.0346 -0.1293, 3.4449 -0.1401 -0.9742, 3.4449 0.0 0.1339, 3.4449 -0.1401 0.9742, 3.4449 -0.2773 0.9444, 3.4449 -0.0669 -0.1159, 3.4449 -0.4089 -0.8953, 3.4449 -0.2773 -0.9444, 3.4449 -0.0947 -0.0947, 3.4449 -0.6445 -0.7438, 3.4449 -0.5321 -0.828, 3.4449 -0.1293 -0.0346, 3.4449 -0.8953 -0.4089, 3.4449 -0.1159 -0.0669, 3.4449 -0.828 -0.5321, 3.4449 -0.7438 -0.6445, 3.4449 -0.1339 -0.0, 3.4449 -0.9742 -0.1401, 3.4449 -0.9444 -0.2773, 3.4449 -0.1293 0.0346, 3.4449 -0.9742 0.1401, 3.4449 -0.9843 -0.0, 3.4449 0.4089 -0.8953, 3.4449 0.0669 -0.1159, 3.4449 0.0346 -0.1293, 3.4449 0.0 -0.9843, 3.4449 0.1401 -0.9742, 3.4449 0.2773 -0.9444, 3.4449 -0.1159 0.0669, 3.4449 -0.8953 0.4089, 3.4449 -0.9444 0.2773, 3.4449 -0.6445 0.7438, 3.4449 -0.7438 0.6445, 3.4449 -0.828 0.5321, 3.4449 0.0346 0.1293, 3.4449 0.1401 0.9742, 3.4449 -0.0 0.9843, 3.4449 0.0669 0.1159, 3.4449 0.4089 0.8953, 3.4449 0.2773 0.9444, 3.4449 0.1293 -0.0346, 3.4449 0.1159 -0.0669, 3.4449 0.8953 -0.4089, 3.4449 0.5321 -0.828, 3.4449 0.6445 -0.7438, 3.4449 0.0947 -0.0947, 3.4449 0.7438 -0.6445, 3.4449 0.828 -0.5321, 3.4449 0.0947 0.0947, 3.4449 0.6445 0.7438, 3.4449 0.5321 0.828, 3.4449 0.1293 0.0346, 3.4449 0.8953 0.4089, 3.4449 0.1159 0.0669, 3.4449 0.828 0.5321, 3.4449 0.7438 0.6445, 3.4449 0.1339 0.0, 3.4449 0.9742 0.1401, 3.4449 0.9444 0.2773, 3.4449 0.9444 -0.2773, 3.4449 0.9742 -0.1401, 3.4449 0.9843 0.0, 3.248 -0.4652 1.0839, 3.299 -0.4879 1.0683, 3.299 -0.3309 1.1268, 3.248 -0.4906 1.0744, 3.248 -0.6386 0.9936, 3.299 -0.6349 0.988, 3.248 -0.6733 0.9676, 3.299 -0.7691 0.8875, 3.248 -0.7735 0.8926, 3.299 -0.8875 0.7691, 3.248 -0.8542 0.8119, 3.248 -0.8926 0.7735, 3.248 -0.9936 0.6386, 3.299 -0.988 0.6349, 3.248 -1.0014 0.6243, 3.299 -1.0683 0.4879, 3.248 -1.0744 0.4906, 3.299 -1.1268 0.3309, 3.248 -1.1048 0.4092, 3.248 -1.1333 0.3328, 3.248 -1.1668 0.1787, 3.299 -1.1624 0.1671, 3.248 -1.1691 0.1681, 3.248 -1.1811 0.0, 3.299 -1.1744 0.0, 3.248 -1.1768 -0.0596, 3.299 -1.1624 -0.1671, 3.248 -1.1691 -0.1681, 3.299 -1.1268 -0.3309, 3.248 -1.1413 -0.2956, 3.248 -1.1333 -0.3328, 3.248 -1.0744 -0.4906, 3.299 -1.0683 -0.4879, 3.248 -1.0588 -0.5193, 3.299 -0.988 -0.6349, 3.248 -0.9936 -0.6386, 3.299 -0.8875 -0.7691, 3.248 -0.9317 -0.7212, 3.248 -0.8926 -0.7735, 3.248 -0.7735 -0.8926, 3.299 -0.7691 -0.8875, 3.248 -0.7691 -0.8959, 3.299 -0.6349 -0.988, 3.248 -0.6386 -0.9936, 3.248 -0.5718 -1.0301, 3.299 -0.4879 -1.0683, 3.248 -0.4906 -1.0744, 3.248 -0.3531 -1.1257, 3.299 -0.3309 -1.1268, 3.248 -0.3328 -1.1333, 3.248 -0.1681 -1.1691, 3.299 -0.1671 -1.1624, 3.248 -0.1193 -1.1726, 3.299 -0.0 -1.1744, 3.248 -0.0 -1.1811, 3.299 0.1671 -1.1624, 3.248 0.1193 -1.1726, 3.248 0.1681 -1.1691, 3.248 0.3328 -1.1333, 3.299 0.3309 -1.1268, 3.248 0.3531 -1.1257, 3.299 0.4879 -1.0683, 3.248 0.4906 -1.0744, 3.299 0.6349 -0.988, 3.248 0.5718 -1.0301, 3.248 0.6386 -0.9936, 3.248 0.7691 -0.8959, 3.299 0.7691 -0.8875, 3.248 0.7735 -0.8926, 3.248 0.8926 -0.7735, 3.299 0.8875 -0.7691, 3.248 0.9317 -0.7212, 3.299 0.988 -0.6349, 3.248 0.9936 -0.6386, 3.299 1.0683 -0.4879, 3.248 1.0588 -0.5193, 3.248 1.0744 -0.4906, 3.248 1.1333 -0.3328, 3.299 1.1268 -0.3309, 3.248 1.1413 -0.2956, 3.299 1.1624 -0.1671, 3.248 1.1691 -0.1681, 3.299 1.1744 -0.0, 3.248 1.1768 -0.0596, 3.248 1.1811 -0.0, 3.248 1.1691 0.1681, 3.299 1.1624 0.1671, 3.248 1.1668 0.1787, 3.299 1.1268 0.3309, 3.248 1.1333 0.3328, 3.248 1.1048 0.4092, 3.299 1.0683 0.4879, 3.248 1.0744 0.4906, 3.248 1.0014 0.6243, 3.299 0.988 0.6349, 3.248 0.9936 0.6386, 3.248 0.8926 0.7735, 3.299 0.8875 0.7691, 3.248 0.8542 0.8119, 3.299 0.7691 0.8875, 3.248 0.7735 0.8926, 3.299 0.6349 0.988, 3.248 0.6733 0.9676, 3.248 0.6386 0.9936, 3.248 0.4906 1.0744, 3.299 0.4879 1.0683, 3.248 0.4652 1.0839, 3.299 0.3309 1.1268, 3.248 0.3328 1.1333, 3.299 0.1671 1.1624, 3.248 0.2371 1.1541, 3.248 0.1681 1.1691, 3.248 0.0 1.1811, 3.299 0.0 1.1744, 3.248 -0.1681 1.1691, 3.299 -0.1671 1.1624, 3.248 -0.2371 1.1541, 3.248 -0.3328 1.1333, 3.3465 0.1643 1.143, 3.3465 0.3253 1.108, 3.3465 0.4797 1.0504, 3.3465 0.6243 0.9714, 3.3465 0.7562 0.8727, 3.3465 0.8727 0.7562, 3.3465 0.9714 0.6243, 3.3465 1.0504 0.4797, 3.3465 1.108 0.3253, 3.3465 1.143 0.1643, 3.3465 1.1547 -0.0, 3.3465 1.143 -0.1643, 3.3465 1.108 -0.3253, 3.3465 1.0504 -0.4797, 3.3465 0.9714 -0.6243, 3.3465 0.8727 -0.7562, 3.3465 0.7562 -0.8727, 3.3465 0.6243 -0.9714, 3.3465 0.4797 -1.0504, 3.3465 0.3253 -1.108, 3.3465 0.1643 -1.143, 3.3465 -0.0 -1.1547, 3.3465 -0.1643 -1.143, 3.3465 -0.3253 -1.108, 3.3465 -0.4797 -1.0504, 3.3465 -0.6243 -0.9714, 3.3465 -0.7562 -0.8727, 3.3465 -0.8727 -0.7562, 3.3465 -0.9714 -0.6243, 3.3465 -1.0504 -0.4797, 3.3465 -1.108 -0.3253, 3.3465 -1.143 -0.1643, 3.3465 -1.1547 0.0, 3.3465 -1.143 0.1643, 3.3465 -1.108 0.3253, 3.3465 -1.0504 0.4797, 3.3465 -0.9714 0.6243, 3.3465 -0.8727 0.7562, 3.3465 -0.7562 0.8727, 3.3465 -0.6243 0.9714, 3.3465 -0.4797 1.0504, 3.3465 -0.3253 1.108, 3.3465 -0.1643 1.143, 3.3465 0.0 1.1547, 3.3872 0.1599 1.112, 3.3872 0.3165 1.0779, 3.3872 0.4667 1.0219, 3.3872 0.6074 0.9451, 3.3872 0.7357 0.849, 3.3872 0.849 0.7357, 3.3872 0.9451 0.6074, 3.3872 1.0219 0.4667, 3.3872 1.0779 0.3165, 3.3872 1.112 0.1599, 3.3872 1.1234 -0.0, 3.3872 1.112 -0.1599, 3.3872 1.0779 -0.3165, 3.3872 1.0219 -0.4667, 3.3872 0.9451 -0.6074, 3.3872 0.849 -0.7357, 3.3872 0.7357 -0.849, 3.3872 0.6074 -0.9451, 3.3872 0.4667 -1.0219, 3.3872 0.3165 -1.0779, 3.3872 0.1599 -1.112, 3.3872 -0.0 -1.1234, 3.3872 -0.1599 -1.112, 3.3872 -0.3165 -1.0779, 3.3872 -0.4667 -1.0219, 3.3872 -0.6074 -0.9451, 3.3872 -0.7357 -0.849, 3.3872 -0.849 -0.7357, 3.3872 -0.9451 -0.6074, 3.3872 -1.0219 -0.4667, 3.3872 -1.0779 -0.3165, 3.3872 -1.112 -0.1599, 3.3872 -1.1234 0.0, 3.3872 -1.112 0.1599, 3.3872 -1.0779 0.3165, 3.3872 -1.0219 0.4667, 3.3872 -0.9451 0.6074, 3.3872 -0.849 0.7357, 3.3872 -0.7357 0.849, 3.3872 -0.6074 0.9451, 3.3872 -0.4667 1.0219, 3.3872 -0.3165 1.0779, 3.3872 -0.1599 1.112, 3.3872 0.0 1.1234, 3.4185 0.1541 1.0717, 3.4185 0.305 1.0388, 3.4185 0.4498 0.9848, 3.4185 0.5853 0.9108, 3.4185 0.709 0.8182, 3.4185 0.8182 0.709, 3.4185 0.9108 0.5853, 3.4185 0.9848 0.4498, 3.4185 1.0388 0.305, 3.4185 1.0717 0.1541, 3.4185 1.0827 -0.0, 3.4185 1.0717 -0.1541, 3.4185 1.0388 -0.305, 3.4185 0.9848 -0.4498, 3.4185 0.9108 -0.5853, 3.4185 0.8182 -0.709, 3.4185 0.709 -0.8182, 3.4185 0.5853 -0.9108, 3.4185 0.4498 -0.9848, 3.4185 0.305 -1.0388, 3.4185 0.1541 -1.0717, 3.4185 -0.0 -1.0827, 3.4185 -0.1541 -1.0717, 3.4185 -0.305 -1.0388, 3.4185 -0.4498 -0.9848, 3.4185 -0.5853 -0.9108, 3.4185 -0.709 -0.8182, 3.4185 -0.8182 -0.709, 3.4185 -0.9108 -0.5853, 3.4185 -0.9848 -0.4498, 3.4185 -1.0388 -0.305, 3.4185 -1.0717 -0.1541, 3.4185 -1.0827 0.0, 3.4185 -1.0717 0.1541, 3.4185 -1.0388 0.305, 3.4185 -0.9848 0.4498, 3.4185 -0.9108 0.5853, 3.4185 -0.8182 0.709, 3.4185 -0.709 0.8182, 3.4185 -0.5853 0.9108, 3.4185 -0.4498 0.9848, 3.4185 -0.305 1.0388, 3.4185 -0.1541 1.0717, 3.4185 0.0 1.0827, 3.4382 0.1473 1.0247, 3.4382 0.2916 0.9933, 3.4382 0.43 0.9417, 3.4382 0.5597 0.8709, 3.4382 0.6779 0.7824, 3.4382 0.7824 0.6779, 3.4382 0.8709 0.5597, 3.4382 0.9417 0.43, 3.4382 0.9933 0.2916, 3.4382 1.0247 0.1473, 3.4382 1.0352 -0.0, 3.4382 1.0247 -0.1473, 3.4382 0.9933 -0.2916, 3.4382 0.9417 -0.43, 3.4382 0.8709 -0.5597, 3.4382 0.7824 -0.6779, 3.4382 0.6779 -0.7824, 3.4382 0.5597 -0.8709, 3.4382 0.43 -0.9417, 3.4382 0.2916 -0.9933, 3.4382 0.1473 -1.0247, 3.4382 -0.0 -1.0352, 3.4382 -0.1473 -1.0247, 3.4382 -0.2916 -0.9933, 3.4382 -0.43 -0.9417, 3.4382 -0.5597 -0.8709, 3.4382 -0.6779 -0.7824, 3.4382 -0.7824 -0.6779, 3.4382 -0.8709 -0.5597, 3.4382 -0.9417 -0.43, 3.4382 -0.9933 -0.2916, 3.4382 -1.0247 -0.1473, 3.4382 -1.0352 0.0, 3.4382 -1.0247 0.1473, 3.4382 -0.9933 0.2916, 3.4382 -0.9417 0.43, 3.4382 -0.8709 0.5597, 3.4382 -0.7824 0.6779, 3.4382 -0.6779 0.7824, 3.4382 -0.5597 0.8709, 3.4382 -0.43 0.9417, 3.4382 -0.2916 0.9933, 3.4382 -0.1473 1.0247, 3.4382 0.0 1.0352, 2.2638 -0.9972 0.6216, 2.2638 -0.934 0.723, 2.2638 -0.8517 0.8096, 2.2638 -0.7693 0.8962, 2.2638 -0.6713 0.9644, 2.2638 -1.1735 -0.0595, 2.2638 -1.1796 0.0598, 2.2638 -1.1615 0.1779, 2.2638 -1.1434 0.296, 2.2638 -1.1019 0.4081, 2.2638 -1.0604 0.5202, 2.2638 -1.055 -0.5175, 2.2638 -1.1076 -0.4102, 2.2638 -1.1375 -0.2945, 2.2638 -1.1675 -0.1789, 2.2638 -0.7654 -0.8916, 2.2638 -0.8561 -0.8137, 2.2638 -0.9292 -0.7193, 2.2638 -1.0023 -0.6248, 2.2638 -0.1189 -1.169, 2.2638 -0.2378 -1.1569, 2.2638 -0.3518 -1.1212, 2.2638 -0.4658 -1.0854, 2.2638 -0.5703 -1.0274, 2.2638 -0.6747 -0.9694, 2.2638 0.3518 -1.1212, 2.2638 0.2378 -1.1569, 2.2638 0.1189 -1.169, 2.2638 0.0 -1.1811, 2.2638 0.8561 -0.8137, 2.2638 0.7654 -0.8916, 2.2638 0.6747 -0.9694, 2.2638 0.5703 -1.0274, 2.2638 0.4658 -1.0854, 2.2638 1.1375 -0.2945, 2.2638 1.1076 -0.4102, 2.2638 1.055 -0.5175, 2.2638 1.0023 -0.6248, 2.2638 0.9292 -0.7193, 2.2638 1.1615 0.1779, 2.2638 1.1796 0.0598, 2.2638 1.1735 -0.0595, 2.2638 1.1675 -0.1789, 2.2638 0.8517 0.8096, 2.2638 0.934 0.723, 2.2638 0.9972 0.6216, 2.2638 1.0604 0.5202, 2.2638 1.1019 0.4081, 2.2638 1.1434 0.296, 2.2638 0.4634 1.0798, 2.2638 0.5732 1.0327, 2.2638 0.6713 0.9644, 2.2638 0.7693 0.8962, 2.2638 -0.5732 1.0327, 2.2638 -0.4634 1.0798, 2.2638 -0.3536 1.1269, 2.2638 -0.2365 1.151, 2.2638 -0.1195 1.175, 2.2638 0.0 1.1811, 2.2638 0.1195 1.175, 2.2638 0.2365 1.151, 2.2638 0.3536 1.1269, 2.2244 -0.2298 -1.1184, 2.2244 0.0 -1.1417, 2.2244 -0.4502 -1.0492, 2.2244 -0.6522 -0.9371, 2.2244 -0.8275 -0.7866, 2.2244 -0.9689 -0.6039, 2.2244 -1.0707 -0.3965, 2.2244 -1.1286 -0.1729, 2.2244 -1.1403 0.0578, 2.2244 -1.1053 0.2862, 2.2244 -1.0251 0.5028, 2.2244 -0.9029 0.6989, 2.2244 -0.7437 0.8663, 2.2244 -0.5541 0.9983, 2.2244 -0.3418 1.0894, 2.2244 -0.1155 1.1359, 2.2244 0.0 1.1417, 2.2244 0.1155 1.1359, 2.2244 0.3418 1.0894, 2.2244 0.5541 0.9983, 2.2244 0.7437 0.8663, 2.2244 0.9029 0.6989, 2.2244 1.0251 0.5028, 2.2244 1.1053 0.2862, 2.2244 1.1403 0.0578, 2.2244 1.1286 -0.1729, 2.2244 1.0707 -0.3965, 2.2244 0.9689 -0.6039, 2.2244 0.8275 -0.7866, 2.2244 0.6522 -0.9371, 2.2244 0.4502 -1.0492, 2.2244 0.2298 -1.1184, 2.2244 0.2298 -1.1184
            ]
        }
        coordIndex [
            0,1,2,-1,2,1,3,-1,2,3,4,-1,5,6,7,-1,8,9,0,-1,0,9,10,-1,0,10,1,-1,11,12,6,-1,6,12,13,-1,6,13,7,-1,14,15,11,-1,11,15,16,-1,11,16,12,-1,17,18,19,-1,19,18,20,-1,19,20,14,-1,14,20,21,-1,14,21,15,-1,22,23,17,-1,17,23,24,-1,17,24,18,-1,25,26,22,-1,22,26,27,-1,22,27,23,-1,28,29,30,-1,7,31,5,-1,5,31,32,-1,5,32,30,-1,30,32,33,-1,30,33,28,-1,34,35,25,-1,25,35,36,-1,25,36,26,-1,3,37,4,-1,4,37,38,-1,4,38,34,-1,34,38,39,-1,34,39,35,-1,40,41,8,-1,8,41,42,-1,8,42,9,-1,43,44,40,-1,40,44,45,-1,40,45,41,-1,46,47,48,-1,28,49,29,-1,29,49,50,-1,29,50,51,-1,51,50,52,-1,51,52,47,-1,47,52,53,-1,47,53,48,-1,54,55,43,-1,43,55,56,-1,43,56,44,-1,57,58,59,-1,59,58,60,-1,59,60,54,-1,54,60,61,-1,54,61,55,-1,62,63,57,-1,57,63,64,-1,57,64,58,-1,48,65,46,-1,46,65,66,-1,46,66,62,-1,62,66,67,-1,62,67,63,-1,68,69,70,-1,68,71,69,-1,69,71,72,-1,69,72,73,-1,73,72,74,-1,73,74,75,-1,75,74,76,-1,75,76,77,-1,77,76,78,-1,78,79,77,-1,77,79,80,-1,77,80,81,-1,81,80,82,-1,81,82,83,-1,83,82,84,-1,83,84,85,-1,85,84,86,-1,86,87,85,-1,85,87,88,-1,85,88,89,-1,88,90,89,-1,89,90,91,-1,89,91,92,-1,92,91,93,-1,92,93,94,-1,94,93,95,-1,94,95,96,-1,96,95,97,-1,97,98,96,-1,96,98,99,-1,96,99,100,-1,100,99,101,-1,100,101,102,-1,102,101,103,-1,102,103,104,-1,104,103,105,-1,105,106,104,-1,104,106,107,-1,104,107,108,-1,108,107,109,-1,108,109,110,-1,109,111,110,-1,110,111,112,-1,110,112,113,-1,112,114,113,-1,113,114,115,-1,113,115,116,-1,115,117,116,-1,116,117,118,-1,116,118,119,-1,119,118,120,-1,119,120,121,-1,121,120,122,-1,121,122,123,-1,123,122,124,-1,124,125,123,-1,123,125,126,-1,123,126,127,-1,127,126,128,-1,127,128,129,-1,129,128,130,-1,129,130,131,-1,131,130,132,-1,132,133,131,-1,131,133,134,-1,131,134,135,-1,134,136,135,-1,135,136,137,-1,135,137,138,-1,138,137,139,-1,138,139,140,-1,140,139,141,-1,140,141,142,-1,142,141,143,-1,143,144,142,-1,142,144,145,-1,142,145,146,-1,146,145,147,-1,146,147,148,-1,148,147,149,-1,148,149,150,-1,150,149,151,-1,151,152,150,-1,150,152,153,-1,150,153,154,-1,154,153,155,-1,154,155,156,-1,155,157,156,-1,156,157,158,-1,156,158,159,-1,158,160,159,-1,159,160,161,-1,159,161,162,-1,161,163,162,-1,162,163,164,-1,162,164,165,-1,165,164,166,-1,165,166,167,-1,167,166,168,-1,167,168,169,-1,169,168,170,-1,170,171,169,-1,169,171,172,-1,169,172,173,-1,173,172,174,-1,173,174,175,-1,175,174,176,-1,175,176,177,-1,177,176,178,-1,178,179,177,-1,177,179,180,-1,177,180,181,-1,181,180,182,-1,181,182,183,-1,183,182,184,-1,183,184,70,-1,70,184,185,-1,70,185,68,-1,181,186,177,-1,177,186,187,-1,177,187,175,-1,175,187,188,-1,175,188,173,-1,173,188,189,-1,173,189,169,-1,169,189,190,-1,169,190,167,-1,167,190,191,-1,167,191,165,-1,165,191,192,-1,165,192,162,-1,162,192,193,-1,162,193,159,-1,159,193,194,-1,159,194,156,-1,156,194,195,-1,156,195,154,-1,154,195,196,-1,154,196,150,-1,150,196,197,-1,150,197,148,-1,148,197,198,-1,148,198,146,-1,146,198,199,-1,146,199,142,-1,142,199,200,-1,142,200,140,-1,140,200,201,-1,140,201,138,-1,138,201,202,-1,138,202,135,-1,135,202,203,-1,135,203,131,-1,131,203,204,-1,131,204,129,-1,129,204,205,-1,129,205,127,-1,127,205,206,-1,127,206,123,-1,123,206,207,-1,123,207,121,-1,121,207,208,-1,121,208,119,-1,119,208,209,-1,119,209,116,-1,116,209,210,-1,116,210,113,-1,113,210,211,-1,113,211,110,-1,110,211,212,-1,110,212,108,-1,108,212,213,-1,108,213,104,-1,104,213,214,-1,104,214,102,-1,102,214,215,-1,102,215,100,-1,100,215,216,-1,100,216,96,-1,96,216,217,-1,96,217,94,-1,94,217,218,-1,94,218,92,-1,92,218,219,-1,92,219,89,-1,89,219,220,-1,89,220,85,-1,85,220,221,-1,85,221,83,-1,83,221,222,-1,83,222,81,-1,81,222,223,-1,81,223,77,-1,77,223,224,-1,77,224,75,-1,75,224,225,-1,75,225,73,-1,73,225,226,-1,73,226,69,-1,69,226,227,-1,69,227,70,-1,70,227,228,-1,70,228,183,-1,183,228,229,-1,183,229,181,-1,181,229,186,-1,229,230,186,-1,186,230,231,-1,186,231,187,-1,187,231,232,-1,187,232,188,-1,188,232,233,-1,188,233,189,-1,189,233,234,-1,189,234,190,-1,190,234,235,-1,190,235,191,-1,191,235,236,-1,191,236,192,-1,192,236,237,-1,192,237,193,-1,193,237,238,-1,193,238,194,-1,194,238,239,-1,194,239,195,-1,195,239,240,-1,195,240,196,-1,196,240,241,-1,196,241,197,-1,197,241,242,-1,197,242,198,-1,198,242,243,-1,198,243,199,-1,199,243,244,-1,199,244,200,-1,200,244,245,-1,200,245,201,-1,201,245,246,-1,201,246,202,-1,202,246,247,-1,202,247,203,-1,203,247,248,-1,203,248,204,-1,204,248,249,-1,204,249,205,-1,205,249,250,-1,205,250,206,-1,206,250,251,-1,206,251,207,-1,207,251,252,-1,207,252,208,-1,208,252,253,-1,208,253,209,-1,209,253,254,-1,209,254,210,-1,210,254,255,-1,210,255,211,-1,211,255,256,-1,211,256,212,-1,212,256,257,-1,212,257,213,-1,213,257,258,-1,213,258,214,-1,214,258,259,-1,214,259,215,-1,215,259,260,-1,215,260,216,-1,216,260,261,-1,216,261,217,-1,217,261,262,-1,217,262,218,-1,218,262,263,-1,218,263,219,-1,219,263,264,-1,219,264,220,-1,220,264,265,-1,220,265,221,-1,221,265,266,-1,221,266,222,-1,222,266,267,-1,222,267,223,-1,223,267,268,-1,223,268,224,-1,224,268,269,-1,224,269,225,-1,225,269,270,-1,225,270,226,-1,226,270,271,-1,226,271,227,-1,227,271,272,-1,227,272,228,-1,228,272,273,-1,228,273,229,-1,229,273,230,-1,273,274,230,-1,230,274,275,-1,230,275,231,-1,231,275,276,-1,231,276,232,-1,232,276,277,-1,232,277,233,-1,233,277,278,-1,233,278,234,-1,234,278,279,-1,234,279,235,-1,235,279,280,-1,235,280,236,-1,236,280,281,-1,236,281,237,-1,237,281,282,-1,237,282,238,-1,238,282,283,-1,238,283,239,-1,239,283,284,-1,239,284,240,-1,240,284,285,-1,240,285,241,-1,241,285,286,-1,241,286,242,-1,242,286,287,-1,242,287,243,-1,243,287,288,-1,243,288,244,-1,244,288,289,-1,244,289,245,-1,245,289,290,-1,245,290,246,-1,246,290,291,-1,246,291,247,-1,247,291,292,-1,247,292,248,-1,248,292,293,-1,248,293,249,-1,249,293,294,-1,249,294,250,-1,250,294,295,-1,250,295,251,-1,251,295,296,-1,251,296,252,-1,252,296,297,-1,252,297,253,-1,253,297,298,-1,253,298,254,-1,254,298,299,-1,254,299,255,-1,255,299,300,-1,255,300,256,-1,256,300,301,-1,256,301,257,-1,257,301,302,-1,257,302,258,-1,258,302,303,-1,258,303,259,-1,259,303,304,-1,259,304,260,-1,260,304,305,-1,260,305,261,-1,261,305,306,-1,261,306,262,-1,262,306,307,-1,262,307,263,-1,263,307,308,-1,263,308,264,-1,264,308,309,-1,264,309,265,-1,265,309,310,-1,265,310,266,-1,266,310,311,-1,266,311,267,-1,267,311,312,-1,267,312,268,-1,268,312,313,-1,268,313,269,-1,269,313,314,-1,269,314,270,-1,270,314,315,-1,270,315,271,-1,271,315,316,-1,271,316,272,-1,272,316,317,-1,272,317,273,-1,273,317,274,-1,317,318,274,-1,274,318,319,-1,274,319,275,-1,275,319,320,-1,275,320,276,-1,276,320,321,-1,276,321,277,-1,277,321,322,-1,277,322,278,-1,278,322,323,-1,278,323,279,-1,279,323,324,-1,279,324,280,-1,280,324,325,-1,280,325,281,-1,281,325,326,-1,281,326,282,-1,282,326,327,-1,282,327,283,-1,283,327,328,-1,283,328,284,-1,284,328,329,-1,284,329,285,-1,285,329,330,-1,285,330,286,-1,286,330,331,-1,286,331,287,-1,287,331,332,-1,287,332,288,-1,288,332,333,-1,288,333,289,-1,289,333,334,-1,289,334,290,-1,290,334,335,-1,290,335,291,-1,291,335,336,-1,291,336,292,-1,292,336,337,-1,292,337,293,-1,293,337,338,-1,293,338,294,-1,294,338,339,-1,294,339,295,-1,295,339,340,-1,295,340,296,-1,296,340,341,-1,296,341,297,-1,297,341,342,-1,297,342,298,-1,298,342,343,-1,298,343,299,-1,299,343,344,-1,299,344,300,-1,300,344,345,-1,300,345,301,-1,301,345,346,-1,301,346,302,-1,302,346,347,-1,302,347,303,-1,303,347,348,-1,303,348,304,-1,304,348,349,-1,304,349,305,-1,305,349,350,-1,305,350,306,-1,306,350,351,-1,306,351,307,-1,307,351,352,-1,307,352,308,-1,308,352,353,-1,308,353,309,-1,309,353,354,-1,309,354,310,-1,310,354,355,-1,310,355,311,-1,311,355,356,-1,311,356,312,-1,312,356,357,-1,312,357,313,-1,313,357,358,-1,313,358,314,-1,314,358,359,-1,314,359,315,-1,315,359,360,-1,315,360,316,-1,316,360,361,-1,316,361,317,-1,317,361,318,-1,361,41,318,-1,318,41,45,-1,318,45,319,-1,319,45,44,-1,319,44,320,-1,320,44,56,-1,320,56,321,-1,321,56,55,-1,321,55,322,-1,322,55,61,-1,322,61,323,-1,323,61,60,-1,323,60,324,-1,324,60,58,-1,324,58,325,-1,325,58,64,-1,325,64,326,-1,326,64,63,-1,326,63,327,-1,327,63,67,-1,327,67,328,-1,328,67,66,-1,328,66,329,-1,329,66,65,-1,329,65,330,-1,330,65,48,-1,330,48,331,-1,331,48,53,-1,331,53,332,-1,332,53,52,-1,332,52,333,-1,333,52,50,-1,333,50,334,-1,334,50,49,-1,334,49,335,-1,335,49,28,-1,335,28,336,-1,336,28,33,-1,336,33,337,-1,337,33,32,-1,337,32,338,-1,338,32,31,-1,338,31,339,-1,339,31,7,-1,339,7,340,-1,340,7,13,-1,340,13,341,-1,341,13,12,-1,341,12,342,-1,342,12,16,-1,342,16,343,-1,343,16,15,-1,343,15,344,-1,344,15,21,-1,344,21,345,-1,345,21,20,-1,345,20,346,-1,346,20,18,-1,346,18,347,-1,347,18,24,-1,347,24,348,-1,348,24,23,-1,348,23,349,-1,349,23,27,-1,349,27,350,-1,350,27,26,-1,350,26,351,-1,351,26,36,-1,351,36,352,-1,352,36,35,-1,352,35,353,-1,353,35,39,-1,353,39,354,-1,354,39,38,-1,354,38,355,-1,355,38,37,-1,355,37,356,-1,356,37,3,-1,356,3,357,-1,357,3,1,-1,357,1,358,-1,358,1,10,-1,358,10,359,-1,359,10,9,-1,359,9,360,-1,360,9,42,-1,360,42,361,-1,361,42,41,-1,362,80,363,-1,363,80,79,-1,363,79,364,-1,364,79,78,-1,364,78,365,-1,365,78,76,-1,365,76,366,-1,367,91,368,-1,368,91,90,-1,368,90,369,-1,369,90,88,-1,369,88,370,-1,370,88,87,-1,370,87,371,-1,371,87,86,-1,371,86,372,-1,372,86,84,-1,372,84,362,-1,362,84,82,-1,362,82,80,-1,373,99,374,-1,374,99,98,-1,374,98,375,-1,375,98,97,-1,375,97,376,-1,376,97,95,-1,376,95,367,-1,367,95,93,-1,367,93,91,-1,377,107,378,-1,378,107,106,-1,378,106,379,-1,379,106,105,-1,379,105,380,-1,380,105,103,-1,380,103,373,-1,373,103,101,-1,373,101,99,-1,381,118,382,-1,382,118,117,-1,382,117,383,-1,383,117,115,-1,383,115,384,-1,384,115,114,-1,384,114,385,-1,385,114,112,-1,385,112,386,-1,386,112,111,-1,386,111,377,-1,377,111,109,-1,377,109,107,-1,387,126,388,-1,388,126,125,-1,388,125,389,-1,389,125,124,-1,389,124,390,-1,390,124,122,-1,390,122,381,-1,381,122,120,-1,381,120,118,-1,391,136,392,-1,392,136,134,-1,392,134,393,-1,393,134,133,-1,393,133,394,-1,394,133,132,-1,394,132,395,-1,395,132,130,-1,395,130,387,-1,387,130,128,-1,387,128,126,-1,396,145,397,-1,397,145,144,-1,397,144,398,-1,398,144,143,-1,398,143,399,-1,399,143,141,-1,399,141,400,-1,400,141,139,-1,400,139,391,-1,391,139,137,-1,391,137,136,-1,401,153,402,-1,402,153,152,-1,402,152,403,-1,403,152,151,-1,403,151,404,-1,404,151,149,-1,404,149,396,-1,396,149,147,-1,396,147,145,-1,405,164,406,-1,406,164,163,-1,406,163,407,-1,407,163,161,-1,407,161,408,-1,408,161,160,-1,408,160,409,-1,409,160,158,-1,409,158,410,-1,410,158,157,-1,410,157,401,-1,401,157,155,-1,401,155,153,-1,411,172,412,-1,412,172,171,-1,412,171,413,-1,413,171,170,-1,413,170,414,-1,414,170,168,-1,414,168,405,-1,405,168,166,-1,405,166,164,-1,76,74,366,-1,366,74,72,-1,366,72,415,-1,415,72,71,-1,415,71,416,-1,416,71,68,-1,416,68,417,-1,417,68,185,-1,417,185,418,-1,418,185,184,-1,418,184,419,-1,419,184,182,-1,419,182,420,-1,420,182,180,-1,420,180,421,-1,421,180,179,-1,421,179,422,-1,422,179,178,-1,422,178,423,-1,423,178,176,-1,423,176,411,-1,411,176,174,-1,411,174,172,-1,424,425,381,-1,381,382,424,-1,424,382,383,-1,424,383,426,-1,383,384,426,-1,426,384,385,-1,426,385,427,-1,385,386,427,-1,427,386,377,-1,427,377,428,-1,377,378,428,-1,428,378,379,-1,428,379,429,-1,379,380,429,-1,429,380,373,-1,429,373,430,-1,373,374,430,-1,430,374,375,-1,430,375,431,-1,375,376,431,-1,431,376,367,-1,431,367,432,-1,367,368,432,-1,432,368,369,-1,432,369,433,-1,369,370,433,-1,433,370,371,-1,433,371,434,-1,371,372,434,-1,434,372,362,-1,434,362,435,-1,362,363,435,-1,435,363,364,-1,435,364,436,-1,364,365,436,-1,436,365,366,-1,436,366,437,-1,366,415,437,-1,437,415,416,-1,437,416,438,-1,416,417,438,-1,438,417,418,-1,438,418,439,-1,439,418,419,-1,439,419,440,-1,440,419,420,-1,440,420,441,-1,420,421,441,-1,441,421,422,-1,441,422,442,-1,422,423,442,-1,442,423,411,-1,442,411,443,-1,411,412,443,-1,443,412,413,-1,443,413,444,-1,413,414,444,-1,444,414,405,-1,444,405,445,-1,405,406,445,-1,445,406,407,-1,445,407,446,-1,407,408,446,-1,446,408,409,-1,446,409,447,-1,409,410,447,-1,447,410,401,-1,447,401,448,-1,401,402,448,-1,448,402,403,-1,448,403,449,-1,403,404,449,-1,449,404,396,-1,449,396,450,-1,396,397,450,-1,450,397,398,-1,450,398,451,-1,398,399,451,-1,451,399,400,-1,451,400,452,-1,452,400,391,-1,452,391,453,-1,453,391,392,-1,392,393,453,-1,453,393,394,-1,453,394,454,-1,394,395,454,-1,454,395,387,-1,454,387,455,-1,387,388,455,-1,455,388,389,-1,455,389,425,-1,425,389,390,-1,425,390,381,-1,
        ]
    }
}
Shape{
    appearance Appearance {
        material  Material 	{
            diffuseColor 0.792156862745098 0.8196078431372549 0.9333333333333333
            specularColor 0.396078431372549 0.4117647058823529 0.4666666666666667
            ambientIntensity 0.2
            transparency 0
            shininess 0.5
        }
    }
    geometry IndexedFaceSet {
        ccw TRUE
        solid FALSE
        coord DEF co Coordinate {
            point [
                -0.3943 -0.0454 -1.1487, -0.3943 -0.0451 -1.1408, -0.4043 -0.0732 -1.1473, -0.4142 -0.1002 -1.1373, -0.4142 -0.1009 -1.1452, -0.313 -0.0454 -1.1487, -0.313 -0.0451 -1.1408, -0.2942 -0.1009 -1.1452, -0.2942 -0.1002 -1.1373, -0.3036 -0.0732 -1.1473, -0.2654 -0.1009 -1.1452, -0.2654 -0.1002 -1.1373, -0.3081 0.0127 -1.1417, -0.3026 -0.0019 -1.1496, -0.3398 0.0964 -1.1377, -0.3398 0.0971 -1.1455, -0.3662 0.0971 -1.1455, -0.3662 0.0964 -1.1377, -0.4103 -0.0164 -1.1416, -0.4046 -0.0019 -1.1496, -0.443 -0.1002 -1.1373, -0.443 -0.1009 -1.1452, -0.3855 -0.0237 -1.1494, -0.3528 0.073 -1.1473, -0.3544 0.0647 -1.1478, -0.3558 0.0591 -1.1481, -0.3706 0.0177 -1.1495, -0.3196 -0.0237 -1.1494, -0.3521 0.073 -1.1473, -0.3507 0.0653 -1.1478, -0.3343 0.0177 -1.1495, -0.349 0.0591 -1.1481, -0.3528 0.0725 -1.1394, -0.3558 0.0587 -1.1402, -0.3521 0.0725 -1.1394, -0.349 0.0587 -1.1402, -0.3196 -0.0235 -1.1415, -0.3855 -0.0235 -1.1415, -0.3855 -0.0235 -1.1415
            ]
        }
        coordIndex [
            0,1,2,-1,2,1,3,-1,2,3,4,-1,5,6,0,-1,0,6,1,-1,7,8,9,-1,9,8,6,-1,9,6,5,-1,10,11,7,-1,7,11,8,-1,11,10,12,-1,12,10,13,-1,12,13,14,-1,14,13,15,-1,16,17,15,-1,15,17,14,-1,17,16,18,-1,18,16,19,-1,18,19,20,-1,20,19,21,-1,3,20,4,-1,4,20,21,-1,22,21,19,-1,23,24,16,-1,16,24,25,-1,16,25,19,-1,19,25,26,-1,19,26,22,-1,10,7,9,-1,27,5,22,-1,22,5,0,-1,22,0,21,-1,21,0,2,-1,21,2,4,-1,23,16,28,-1,28,16,15,-1,28,15,29,-1,9,5,10,-1,10,5,27,-1,10,27,13,-1,13,27,30,-1,13,30,15,-1,15,30,31,-1,15,31,29,-1,23,32,24,-1,24,32,33,-1,24,33,25,-1,28,34,23,-1,23,34,32,-1,34,28,35,-1,35,28,29,-1,35,29,31,-1,27,36,30,-1,30,36,35,-1,30,35,31,-1,22,37,27,-1,27,37,36,-1,25,33,26,-1,26,33,37,-1,26,37,22,-1,
        ]
    }
}
Shape{
    appearance Appearance {
        material  Material 	{
            diffuseColor 0.0 0.9372549019607843 0.8313725490196079
            specularColor 0.0 0.4666666666666667 0.41568627450980394
            ambientIntensity 0.2
            transparency 0
            shininess 0.5
        }
    }
    geometry IndexedFaceSet {
        ccw TRUE
        solid FALSE
        coord DEF co Coordinate {
            point [
                -0.3528 0.0725 -1.1394, -0.3521 0.0725 -1.1394, -0.3558 0.0587 -1.1402, -0.349 0.0587 -1.1402, -0.3855 -0.0235 -1.1415, -0.3196 -0.0235 -1.1415, -0.3196 -0.0235 -1.1415
            ]
        }
        coordIndex [
            0,1,2,-1,2,1,3,-1,2,3,4,-1,4,3,5,-1,
        ]
    }
}
Shape{
    appearance Appearance {
        material  Material 	{
            diffuseColor 0.792156862745098 0.8196078431372549 0.9333333333333333
            specularColor 0.396078431372549 0.4117647058823529 0.4666666666666667
            ambientIntensity 0.2
            transparency 0
            shininess 0.5
        }
    }
    geometry IndexedFaceSet {
        ccw TRUE
        solid FALSE
        coord DEF co Coordinate {
            point [
                -0.1481 0.0971 -1.1455, -0.1481 0.0964 -1.1377, -0.0925 0.0971 -1.1455, -0.0925 0.0964 -1.1377, -0.251 0.0006 -1.1496, -0.251 0.0006 -1.1417, -0.2498 0.0173 -1.1495, -0.2496 0.0172 -1.1416, -0.2497 0.0179 -1.1495, -0.2493 0.0202 -1.1416, -0.2462 0.0319 -1.1491, -0.2461 0.0317 -1.1413, -0.2449 0.0372 -1.149, -0.244 0.0392 -1.1411, -0.2402 0.0461 -1.1486, -0.2403 0.0458 -1.1408, -0.235 0.056 -1.1482, -0.2345 0.0562 -1.1403, -0.2316 0.0597 -1.148, -0.2317 0.0593 -1.1402, -0.221 0.0714 -1.1474, -0.221 0.071 -1.1395, -0.2062 0.0817 -1.1467, -0.2062 0.0812 -1.1388, -0.2016 0.0849 -1.1465, -0.202 0.0841 -1.1386, -0.1909 0.0889 -1.1462, -0.1909 0.0883 -1.1383, -0.1792 0.0934 -1.1458, -0.1794 0.0927 -1.138, -0.1728 0.0942 -1.1457, -0.1728 0.0935 -1.1379, -0.1461 -0.1009 -1.1452, -0.1461 -0.1002 -1.1373, -0.1647 -0.0995 -1.1453, -0.167 -0.098 -1.1375, -0.167 -0.099 -1.1453, -0.174 -0.0973 -1.1376, -0.1841 -0.095 -1.1457, -0.184 -0.094 -1.1379, -0.1872 -0.0943 -1.1457, -0.2005 -0.0876 -1.1462, -0.1959 -0.0901 -1.1382, -0.2006 -0.0873 -1.1384, -0.2087 -0.0835 -1.1466, -0.2134 -0.0796 -1.139, -0.2151 -0.078 -1.1469, -0.2153 -0.0778 -1.1391, -0.2266 -0.0681 -1.1476, -0.2279 -0.0662 -1.1398, -0.2277 -0.0665 -1.1477, -0.2285 -0.0656 -1.1398, -0.2371 -0.0531 -1.1484, -0.2372 -0.0528 -1.1405, -0.2398 -0.0493 -1.1485, -0.2399 -0.0488 -1.1407, -0.2437 -0.0391 -1.1489, -0.2437 -0.0388 -1.141, -0.2475 -0.029 -1.1492, -0.2476 -0.0284 -1.1414, -0.2482 -0.0228 -1.1493, -0.2483 -0.0227 -1.1414, -0.0925 -0.1009 -1.1452, -0.0925 -0.1002 -1.1373, -0.148 0.0754 -1.1471, -0.1686 0.0733 -1.1473, -0.1699 0.0732 -1.1473, -0.1803 0.0698 -1.1475, -0.1855 0.0681 -1.1476, -0.1919 0.0644 -1.1478, -0.1988 0.0603 -1.148, -0.2012 0.0581 -1.1481, -0.2089 0.0509 -1.1485, -0.209 0.0508 -1.1485, -0.2145 0.0424 -1.1488, -0.2165 0.0393 -1.1489, -0.2191 0.0323 -1.1491, -0.2217 0.0253 -1.1493, -0.2221 0.0212 -1.1494, -0.2246 0.0 -1.1496, -0.2235 -0.0148 -1.1495, -0.2233 -0.0166 -1.1495, -0.2199 -0.0304 -1.1492, -0.2185 -0.0358 -1.149, -0.2153 -0.0419 -1.1488, -0.2109 -0.0502 -1.1485, -0.209 -0.0522 -1.1484, -0.2009 -0.0611 -1.148, -0.2001 -0.062 -1.1479, -0.1908 -0.0683 -1.1476, -0.1876 -0.0704 -1.1474, -0.18 -0.0733 -1.1473, -0.1726 -0.0761 -1.1471, -0.1682 -0.0766 -1.147, -0.1469 -0.0792 -1.1469, -0.1189 0.0754 -1.1471, -0.1189 -0.0792 -1.1469, -0.1469 -0.0786 -1.139, -0.1189 -0.0786 -1.139, -0.2246 0.0 -1.1417, -0.2238 -0.0122 -1.1417, -0.2233 -0.0146 -1.1416, -0.2201 -0.0302 -1.1413, -0.2196 -0.0328 -1.1413, -0.2152 -0.0416 -1.1409, -0.2123 -0.0478 -1.1407, -0.2089 -0.0518 -1.1405, -0.202 -0.06 -1.1402, -0.201 -0.0607 -1.1401, -0.1909 -0.0679 -1.1397, -0.1682 -0.0761 -1.1392, -0.1726 -0.0756 -1.1392, -0.18 -0.0727 -1.1394, -0.1891 -0.0692 -1.1396, -0.148 0.0749 -1.1393, -0.1599 0.0742 -1.1393, -0.1685 0.0723 -1.1394, -0.1799 0.0699 -1.1396, -0.1804 0.0697 -1.1396, -0.192 0.064 -1.1399, -0.1956 0.0622 -1.14, -0.2011 0.0576 -1.1403, -0.2074 0.0522 -1.1405, -0.2087 0.0504 -1.1406, -0.2146 0.0422 -1.1409, -0.2221 0.0211 -1.1415, -0.2217 0.0251 -1.1415, -0.219 0.0321 -1.1413, -0.2157 0.0406 -1.141, -0.1189 0.0749 -1.1393, -0.1189 0.0749 -1.1393
            ]
        }
        coordIndex [
            0,1,2,-1,2,1,3,-1,4,5,6,-1,6,5,7,-1,6,7,8,-1,8,7,9,-1,8,9,10,-1,10,9,11,-1,10,11,12,-1,12,11,13,-1,12,13,14,-1,14,13,15,-1,14,15,16,-1,16,15,17,-1,16,17,18,-1,18,17,19,-1,18,19,20,-1,20,19,21,-1,20,21,22,-1,22,21,23,-1,22,23,24,-1,24,23,25,-1,24,25,26,-1,26,25,27,-1,26,27,28,-1,28,27,29,-1,28,29,30,-1,30,29,31,-1,30,31,0,-1,0,31,1,-1,32,33,34,-1,34,33,35,-1,34,35,36,-1,36,35,37,-1,36,37,38,-1,38,37,39,-1,38,39,40,-1,40,39,41,-1,39,42,41,-1,41,42,43,-1,41,43,44,-1,44,43,45,-1,44,45,46,-1,46,45,47,-1,46,47,48,-1,48,47,49,-1,48,49,50,-1,50,49,51,-1,50,51,52,-1,52,51,53,-1,52,53,54,-1,54,53,55,-1,54,55,56,-1,56,55,57,-1,56,57,58,-1,58,57,59,-1,58,59,60,-1,60,59,61,-1,60,61,4,-1,4,61,5,-1,62,63,32,-1,32,63,33,-1,3,63,2,-1,2,63,62,-1,0,64,65,-1,0,65,30,-1,30,65,66,-1,30,66,28,-1,28,66,67,-1,28,67,26,-1,26,67,68,-1,26,68,24,-1,24,68,69,-1,24,69,22,-1,69,70,22,-1,22,70,71,-1,22,71,20,-1,20,71,72,-1,20,72,18,-1,18,72,73,-1,18,73,16,-1,16,73,74,-1,16,74,14,-1,14,74,75,-1,14,75,12,-1,12,75,76,-1,12,76,10,-1,10,76,77,-1,10,77,8,-1,8,77,78,-1,8,78,6,-1,6,78,4,-1,78,79,4,-1,4,79,80,-1,4,80,60,-1,60,80,81,-1,60,81,58,-1,58,81,82,-1,58,82,56,-1,56,82,54,-1,54,82,83,-1,54,83,52,-1,52,83,84,-1,52,84,50,-1,50,84,85,-1,50,85,48,-1,48,85,86,-1,48,86,46,-1,86,87,46,-1,46,87,88,-1,46,88,44,-1,44,88,89,-1,44,89,41,-1,41,89,90,-1,41,90,40,-1,40,90,91,-1,40,91,38,-1,38,91,92,-1,38,92,36,-1,36,92,93,-1,36,93,34,-1,34,93,94,-1,64,0,95,-1,95,0,2,-1,95,2,96,-1,96,2,62,-1,96,62,94,-1,94,62,32,-1,94,32,34,-1,94,97,96,-1,96,97,98,-1,80,79,99,-1,99,100,80,-1,80,100,101,-1,80,101,81,-1,81,101,102,-1,81,102,82,-1,82,102,103,-1,82,103,83,-1,83,103,104,-1,83,104,84,-1,84,104,85,-1,85,104,105,-1,85,105,86,-1,86,105,106,-1,86,106,87,-1,106,107,87,-1,87,107,108,-1,87,108,88,-1,88,108,109,-1,97,94,110,-1,110,94,93,-1,110,93,111,-1,111,93,92,-1,111,92,112,-1,112,92,91,-1,112,91,113,-1,113,91,90,-1,113,90,109,-1,109,90,89,-1,109,89,88,-1,65,64,114,-1,114,115,65,-1,65,115,116,-1,65,116,66,-1,66,116,117,-1,66,117,67,-1,67,117,118,-1,67,118,68,-1,68,118,69,-1,69,118,119,-1,69,119,70,-1,70,119,120,-1,70,120,71,-1,71,120,121,-1,71,121,72,-1,121,122,72,-1,72,122,123,-1,72,123,73,-1,73,123,124,-1,99,79,125,-1,125,79,78,-1,125,78,126,-1,126,78,77,-1,126,77,127,-1,127,77,76,-1,127,76,128,-1,128,76,75,-1,128,75,124,-1,124,75,74,-1,124,74,73,-1,95,129,64,-1,64,129,114,-1,95,96,129,-1,129,96,98,-1,
        ]
    }
}
Shape{
    appearance Appearance {
        material  Material 	{
            diffuseColor 0.0 0.9372549019607843 0.8313725490196079
            specularColor 0.0 0.4666666666666667 0.41568627450980394
            ambientIntensity 0.2
            transparency 0
            shininess 0.5
        }
    }
    geometry IndexedFaceSet {
        ccw TRUE
        solid FALSE
        coord DEF co Coordinate {
            point [
                -0.1469 -0.0786 -1.139, -0.1682 -0.0761 -1.1392, -0.2146 0.0422 -1.1409, -0.1726 -0.0756 -1.1392, -0.18 -0.0727 -1.1394, -0.1891 -0.0692 -1.1396, -0.1909 -0.0679 -1.1397, -0.201 -0.0607 -1.1401, -0.202 -0.06 -1.1402, -0.2089 -0.0518 -1.1405, -0.2123 -0.0478 -1.1407, -0.2152 -0.0416 -1.1409, -0.2196 -0.0328 -1.1413, -0.2201 -0.0302 -1.1413, -0.2233 -0.0146 -1.1416, -0.2238 -0.0122 -1.1417, -0.2183 0.0316 -1.1413, -0.2246 0.0 -1.1417, -0.2221 0.0211 -1.1415, -0.2217 0.0251 -1.1415, -0.219 0.0321 -1.1413, -0.2157 0.0406 -1.141, -0.1189 -0.0786 -1.139, -0.2087 0.0504 -1.1406, -0.2074 0.0522 -1.1405, -0.2011 0.0576 -1.1403, -0.1956 0.0622 -1.14, -0.192 0.064 -1.1399, -0.1804 0.0697 -1.1396, -0.1799 0.0699 -1.1396, -0.1685 0.0723 -1.1394, -0.1599 0.0742 -1.1393, -0.148 0.0749 -1.1393, -0.1189 0.0749 -1.1393, -0.1189 0.0749 -1.1393
            ]
        }
        coordIndex [
            0,1,2,-1,2,1,3,-1,2,3,4,-1,4,5,2,-1,2,5,6,-1,2,6,7,-1,7,8,2,-1,2,8,9,-1,2,9,10,-1,10,11,2,-1,2,11,12,-1,2,12,13,-1,14,15,16,-1,16,15,17,-1,17,18,16,-1,16,18,19,-1,16,19,20,-1,13,14,2,-1,2,14,16,-1,2,16,21,-1,21,16,20,-1,0,2,22,-1,22,2,23,-1,22,23,24,-1,24,25,22,-1,22,25,26,-1,22,26,27,-1,27,28,22,-1,22,28,29,-1,22,29,30,-1,30,31,22,-1,22,31,32,-1,22,32,33,-1,
        ]
    }
}
Shape{
    appearance Appearance {
        material  Material 	{
            diffuseColor 0.792156862745098 0.8196078431372549 0.9333333333333333
            specularColor 0.396078431372549 0.4117647058823529 0.4666666666666667
            ambientIntensity 0.2
            transparency 0
            shininess 0.5
        }
    }
    geometry IndexedFaceSet {
        ccw TRUE
        solid FALSE
        coord DEF co Coordinate {
            point [
                0.0515 0.0971 -1.1455, 0.0515 0.0964 -1.1377, 0.0515 -0.1009 -1.1452, 0.0515 -0.1002 -1.1373, -0.0493 0.0971 -1.1455, -0.0493 0.0964 -1.1377, -0.0493 0.0754 -1.1471, -0.0493 0.0749 -1.1393, 0.0251 0.0754 -1.1471, 0.0251 0.0749 -1.1393, 0.0251 0.0102 -1.1496, 0.0251 0.0101 -1.1417, -0.0445 0.0102 -1.1496, -0.0445 0.0101 -1.1417, -0.0445 -0.0116 -1.1495, -0.0445 -0.0115 -1.1417, 0.0251 -0.0116 -1.1495, 0.0251 -0.0115 -1.1417, 0.0251 -0.0792 -1.1469, 0.0251 -0.0786 -1.139, -0.0541 -0.0792 -1.1469, -0.0541 -0.0786 -1.139, -0.0541 -0.1009 -1.1452, -0.0541 -0.1002 -1.1373, 0.2363 -0.0056 -1.1496, 0.2363 -0.0056 -1.1417, 0.2355 -0.0205 -1.1494, 0.2346 -0.0231 -1.1414, 0.2349 -0.0232 -1.1493, 0.2337 -0.0322 -1.1413, 0.2307 -0.0423 -1.1488, 0.2306 -0.0419 -1.1409, 0.2299 -0.0458 -1.1487, 0.2243 -0.0572 -1.1481, 0.2274 -0.0518 -1.1406, 0.2245 -0.0568 -1.1403, 0.2204 -0.065 -1.1478, 0.218 -0.068 -1.1397, 0.2159 -0.0703 -1.1474, 0.2161 -0.07 -1.1396, 0.2067 -0.081 -1.1468, 0.2056 -0.0814 -1.1388, 0.2056 -0.0818 -1.1467, 0.2052 -0.0818 -1.1388, 0.1933 -0.0904 -1.146, 0.1933 -0.0899 -1.1382, 0.1895 -0.0931 -1.1458, 0.1897 -0.0924 -1.138, 0.1804 -0.0965 -1.1455, 0.1804 -0.0959 -1.1377, 0.1708 -0.1002 -1.1452, 0.171 -0.0994 -1.1374, 0.1656 -0.1008 -1.1452, 0.1656 -0.1001 -1.1373, 0.1441 -0.1033 -1.145, 0.1441 -0.1026 -1.1371, 0.1568 0.0976 -1.1455, 0.1362 0.0995 -1.1453, 0.1362 0.0988 -1.1374, 0.1506 0.0979 -1.1375, 0.1567 0.0965 -1.1376, 0.1583 0.0974 -1.1455, 0.1722 0.0931 -1.1379, 0.1726 0.0929 -1.1458, 0.1727 0.0928 -1.138, 0.1799 0.0906 -1.146, 0.188 0.0855 -1.1464, 0.1882 0.0852 -1.1385, 0.1924 0.0831 -1.1387, 0.1999 0.0781 -1.147, 0.2025 0.0745 -1.1393, 0.2028 0.0753 -1.1471, 0.2112 0.0671 -1.1476, 0.2104 0.0677 -1.1397, 0.2111 0.0667 -1.1398, 0.2121 0.0662 -1.1477, 0.2214 0.0523 -1.1405, 0.2335 0.0196 -1.1415, 0.2334 0.0197 -1.1494, 0.2328 0.0256 -1.1414, 0.2327 0.026 -1.1493, 0.2284 0.0369 -1.1411, 0.2285 0.0372 -1.149, 0.2237 0.0491 -1.1407, 0.2244 0.048 -1.1486, 0.2213 0.0526 -1.1484, 0.0899 0.0917 -1.1459, 0.0899 0.091 -1.1381, 0.0937 0.0927 -1.1459, 0.0937 0.0922 -1.138, 0.1108 0.0974 -1.1455, 0.1031 0.0952 -1.1378, 0.1109 0.0961 -1.1377, 0.0899 0.0651 -1.1478, 0.0899 0.0647 -1.1399, 0.1046 0.071 -1.1395, 0.1046 0.0716 -1.1474, 0.1118 0.0742 -1.1393, 0.1116 0.0746 -1.1472, 0.1182 0.0751 -1.1393, 0.1182 0.0755 -1.1471, 0.133 0.0772 -1.1391, 0.136 0.0778 -1.147, 0.136 0.0773 -1.1391, 0.2099 -0.004 -1.1496, 0.2099 -0.004 -1.1417, 0.2094 0.006 -1.1496, 0.2088 0.0077 -1.1417, 0.2091 0.0077 -1.1496, 0.2058 0.0252 -1.1493, 0.2079 0.0179 -1.1416, 0.2058 0.025 -1.1414, 0.2052 0.0285 -1.1493, 0.2031 0.0341 -1.1412, 0.201 0.0376 -1.149, 0.2013 0.0374 -1.1411, 0.1976 0.0449 -1.1487, 0.1957 0.0475 -1.1407, 0.1943 0.049 -1.1485, 0.1946 0.0488 -1.1407, 0.1865 0.0586 -1.1481, 0.1856 0.059 -1.1402, 0.1856 0.0593 -1.1481, 0.1855 0.0592 -1.1402, 0.1755 0.0669 -1.1477, 0.1756 0.0664 -1.1398, 0.1731 0.0687 -1.1476, 0.1731 0.0682 -1.1397, 0.1652 0.072 -1.1473, 0.1652 0.0716 -1.1395, 0.1593 0.0746 -1.1472, 0.1594 0.074 -1.1393, 0.1543 0.0752 -1.1471, 0.1543 0.0747 -1.1393, 0.1404 -0.0816 -1.1467, 0.1404 -0.081 -1.1389, 0.1534 -0.0805 -1.1468, 0.1534 -0.0798 -1.1389, 0.1534 -0.0805 -1.1468, 0.1551 -0.0796 -1.139, 0.1645 -0.0776 -1.147, 0.1644 -0.077 -1.1391, 0.1675 -0.0768 -1.147, 0.169 -0.0757 -1.1392, 0.1741 -0.0731 -1.1473, 0.1742 -0.0727 -1.1394, 0.1812 -0.0692 -1.1475, 0.1816 -0.0685 -1.1397, 0.1831 -0.0674 -1.1476, 0.1832 -0.067 -1.1398, 0.1923 -0.0589 -1.1481, 0.1923 -0.0585 -1.1402, 0.1987 -0.0493 -1.1485, 0.1988 -0.049 -1.1407, 0.201 -0.0458 -1.1487, 0.2003 -0.0469 -1.1408, 0.2039 -0.038 -1.149, 0.2038 -0.0377 -1.1411, 0.207 -0.0298 -1.1492, 0.207 -0.0295 -1.1414, 0.2075 -0.0254 -1.1493, 0.2075 -0.0253 -1.1414, 0.0899 -0.0689 -1.1475, 0.0899 -0.0685 -1.1397, 0.0937 -0.071 -1.1474, 0.0932 -0.0702 -1.1396, 0.1038 -0.0747 -1.1472, 0.1038 -0.0742 -1.1393, 0.1143 -0.0787 -1.1469, 0.1139 -0.078 -1.1391, 0.119 -0.0792 -1.1469, 0.119 -0.0786 -1.139, 0.0899 -0.0906 -1.146, 0.0899 -0.09 -1.1382, 0.1393 -0.1032 -1.145, 0.1397 -0.1025 -1.1371, 0.1233 -0.1011 -1.1452, 0.1233 -0.1004 -1.1373, 0.1121 -0.0996 -1.1453, 0.1121 -0.0989 -1.1374, 0.1067 -0.0974 -1.1455, 0.1067 -0.0967 -1.1376, 0.354 0.0971 -1.1455, 0.354 0.0964 -1.1377, 0.354 -0.1009 -1.1452, 0.354 -0.1002 -1.1373, 0.3276 0.0971 -1.1455, 0.3276 0.0964 -1.1377, 0.3276 -0.0792 -1.1469, 0.3276 -0.0786 -1.139, 0.2531 -0.0792 -1.1469, 0.2531 -0.0786 -1.139, 0.2531 -0.1009 -1.1452, 0.2531 -0.1002 -1.1373, 0.2531 -0.1002 -1.1373
            ]
        }
        coordIndex [
            0,1,2,-1,2,1,3,-1,4,5,0,-1,0,5,1,-1,6,7,4,-1,4,7,5,-1,8,9,6,-1,6,9,7,-1,10,11,8,-1,8,11,9,-1,12,13,10,-1,10,13,11,-1,14,15,12,-1,12,15,13,-1,16,17,14,-1,14,17,15,-1,18,19,16,-1,16,19,17,-1,20,21,18,-1,18,21,19,-1,22,23,20,-1,20,23,21,-1,3,23,2,-1,2,23,22,-1,2,22,20,-1,20,18,2,-1,2,18,16,-1,2,16,0,-1,6,4,8,-1,8,4,0,-1,8,0,10,-1,10,0,16,-1,10,16,12,-1,12,16,14,-1,24,25,26,-1,26,25,27,-1,26,27,28,-1,28,27,29,-1,28,29,30,-1,30,29,31,-1,30,31,32,-1,32,31,33,-1,31,34,33,-1,33,34,35,-1,33,35,36,-1,36,35,37,-1,36,37,38,-1,38,37,39,-1,38,39,40,-1,40,39,41,-1,40,41,42,-1,42,41,43,-1,42,43,44,-1,44,43,45,-1,44,45,46,-1,46,45,47,-1,46,47,48,-1,48,47,49,-1,48,49,50,-1,50,49,51,-1,50,51,52,-1,52,51,53,-1,52,53,54,-1,54,53,55,-1,56,57,58,-1,58,59,56,-1,56,59,60,-1,56,60,61,-1,61,60,62,-1,61,62,63,-1,63,62,64,-1,63,64,65,-1,65,64,66,-1,64,67,66,-1,66,67,68,-1,66,68,69,-1,69,68,70,-1,69,70,71,-1,71,70,72,-1,70,73,72,-1,72,73,74,-1,72,74,75,-1,75,74,76,-1,25,24,77,-1,77,24,78,-1,77,78,79,-1,79,78,80,-1,79,80,81,-1,81,80,82,-1,81,82,83,-1,83,82,84,-1,83,84,76,-1,76,84,85,-1,76,85,75,-1,86,87,88,-1,88,87,89,-1,88,89,90,-1,89,91,90,-1,90,91,92,-1,90,92,57,-1,57,92,58,-1,93,94,86,-1,86,94,87,-1,94,93,95,-1,95,93,96,-1,95,96,97,-1,97,96,98,-1,97,98,99,-1,99,98,100,-1,99,100,101,-1,101,100,102,-1,101,102,103,-1,104,105,106,-1,106,105,107,-1,106,107,108,-1,108,107,109,-1,107,110,109,-1,109,110,111,-1,109,111,112,-1,112,111,113,-1,112,113,114,-1,114,113,115,-1,114,115,116,-1,116,115,117,-1,116,117,118,-1,118,117,119,-1,118,119,120,-1,120,119,121,-1,120,121,122,-1,122,121,123,-1,122,123,124,-1,124,123,125,-1,124,125,126,-1,126,125,127,-1,126,127,128,-1,128,127,129,-1,128,129,130,-1,130,129,131,-1,130,131,132,-1,132,131,133,-1,132,133,102,-1,102,133,103,-1,134,135,136,-1,136,135,137,-1,136,137,138,-1,138,137,139,-1,138,139,140,-1,140,139,141,-1,140,141,142,-1,142,141,143,-1,142,143,144,-1,144,143,145,-1,144,145,146,-1,146,145,147,-1,146,147,148,-1,148,147,149,-1,148,149,150,-1,150,149,151,-1,150,151,152,-1,152,151,153,-1,152,153,154,-1,154,153,155,-1,154,155,156,-1,156,155,157,-1,156,157,158,-1,158,157,159,-1,158,159,160,-1,160,159,161,-1,160,161,104,-1,104,161,105,-1,162,163,164,-1,164,163,165,-1,164,165,166,-1,166,165,167,-1,166,167,168,-1,168,167,169,-1,168,169,170,-1,170,169,171,-1,170,171,134,-1,134,171,135,-1,172,173,162,-1,162,173,163,-1,54,55,174,-1,174,55,175,-1,174,175,176,-1,176,175,177,-1,176,177,178,-1,178,177,179,-1,178,179,180,-1,180,179,181,-1,180,181,172,-1,172,181,173,-1,162,164,172,-1,172,164,166,-1,172,166,180,-1,180,166,168,-1,180,168,178,-1,178,168,176,-1,176,168,170,-1,176,170,174,-1,174,170,134,-1,174,134,54,-1,54,134,136,-1,54,136,52,-1,52,136,138,-1,52,138,50,-1,50,138,140,-1,50,140,48,-1,48,140,142,-1,48,142,46,-1,46,142,144,-1,46,144,44,-1,144,146,44,-1,44,146,148,-1,44,148,42,-1,42,148,150,-1,42,150,40,-1,78,24,104,-1,104,24,26,-1,104,26,160,-1,160,26,28,-1,160,28,158,-1,158,28,30,-1,158,30,156,-1,156,30,32,-1,156,32,154,-1,154,32,33,-1,154,33,152,-1,152,33,36,-1,152,36,150,-1,150,36,38,-1,150,38,40,-1,104,106,78,-1,78,106,108,-1,78,108,80,-1,80,108,109,-1,80,109,82,-1,82,109,112,-1,82,112,84,-1,84,112,114,-1,84,114,85,-1,85,114,116,-1,85,116,75,-1,75,116,118,-1,75,118,72,-1,72,118,71,-1,71,118,120,-1,71,120,69,-1,120,122,69,-1,69,122,124,-1,69,124,66,-1,66,124,126,-1,66,126,65,-1,65,126,128,-1,65,128,63,-1,63,128,61,-1,61,128,130,-1,61,130,56,-1,56,130,132,-1,56,132,57,-1,93,86,96,-1,96,86,88,-1,96,88,98,-1,98,88,90,-1,98,90,100,-1,100,90,57,-1,100,57,102,-1,102,57,132,-1,182,183,184,-1,184,183,185,-1,186,187,182,-1,182,187,183,-1,188,189,186,-1,186,189,187,-1,190,191,188,-1,188,191,189,-1,192,193,190,-1,190,193,191,-1,185,193,184,-1,184,193,192,-1,186,182,188,-1,188,182,184,-1,188,184,190,-1,190,184,192,-1,
        ]
    }
}